dataset,dataset_id,observed_scores,baseline_score,best_score,best_lift_vs_baseline,best_pipelines,baseline_is_best_or_tied,pipelines_beating_baseline,score_mean,score_std,score_range
D_2,2,33,0.8555555555555555,0.9444444444444444,0.0888888888888889,autodp_ofat_encoding_binary,False,9,0.8227272727272726,0.05119893706596545,0.21111111111111114
D_3,3,36,0.9578125,0.9625,0.004687500000000067,autodp_combo_01_basic|autodp_combo_05_random_ordinal|autodp_combo_06_drop_binary|autodp_ofat_encoding_binary,False,5,0.9516059027777778,0.013821655301062212,0.06718750000000007
D_4,4,33,1.0,1.0,0.0,autodp_00_baseline|autodp_combo_01_basic|autodp_ofat_duplicate_removal_approximate|autodp_ofat_duplicate_removal_exact|autodp_ofat_encoding_binary|autodp_ofat_encoding_ordinal|autodp_ofat_feature_selection_collinear|autodp_ofat_feature_selection_missing_ratio|autodp_ofat_feature_selection_tree_based|autodp_ofat_feature_selection_wrapper|autodp_ofat_imputation_em|autodp_ofat_imputation_knn|autodp_ofat_imputation_most_frequent|autodp_ofat_normalization_zscore|autodp_ofat_outlier_removal_iqr|autodp_ofat_outlier_removal_lof|autodp_ofat_outlier_removal_zscore,True,0,0.9393939393939394,0.08526233846532391,0.33333333333333337
D_5,5,36,0.6629213483146067,0.7528089887640449,0.0898876404494382,autodp_ofat_feature_selection_tree_based,False,14,0.6651061173533084,0.04285235453007651,0.2022471910112359
D_6,6,36,0.763,0.763,0.0,autodp_00_baseline|autodp_ofat_encoding_binary|autodp_ofat_encoding_catboost|autodp_ofat_encoding_frequency|autodp_ofat_encoding_ordinal|autodp_ofat_feature_selection_collinear|autodp_ofat_feature_selection_missing_ratio|autodp_ofat_imputation_drop|autodp_ofat_imputation_em|autodp_ofat_imputation_knn|autodp_ofat_imputation_mice|autodp_ofat_imputation_most_frequent|autodp_ofat_imputation_random,True,0,0.6577222222222222,0.1699750980309095,0.553
D_7,7,17,0.8205128205128205,0.8717948717948718,0.05128205128205132,autodp_ofat_encoding_binary,False,3,0.8099547511312217,0.05281188959279515,0.2564102564102564
D_8,8,36,0.2238805970149253,0.3283582089552239,0.10447761194029859,autodp_ofat_normalization_decimal_scale,False,20,0.26368159203980096,0.04026471158268321,0.10447761194029859
D_9,9,36,0.5121951219512195,0.7317073170731707,0.2195121951219512,autodp_ofat_normalization_zscore,False,11,0.49051490514905155,0.10858723853468387,0.43902439024390244
D_10,10,36,0.9310344827586208,0.9310344827586208,0.0,autodp_00_baseline|autodp_combo_03_mice_catboost|autodp_combo_05_random_ordinal|autodp_combo_09_mice_ordinal|autodp_ofat_duplicate_removal_approximate|autodp_ofat_duplicate_removal_exact|autodp_ofat_feature_selection_collinear|autodp_ofat_feature_selection_missing_ratio|autodp_ofat_feature_selection_tree_based|autodp_ofat_imputation_drop|autodp_ofat_imputation_em|autodp_ofat_imputation_knn|autodp_ofat_imputation_mice|autodp_ofat_imputation_most_frequent|autodp_ofat_imputation_random|autodp_ofat_normalization_zscore|autodp_ofat_outlier_removal_zscore,True,0,0.8812260536398467,0.06266447216013844,0.24137931034482762
D_11,11,36,0.864,0.864,0.0,autodp_00_baseline|autodp_combo_01_basic|autodp_combo_05_random_ordinal|autodp_combo_07_mf_frequency|autodp_combo_10_em_binary|autodp_combo_13_mf_binary|autodp_ofat_duplicate_removal_approximate|autodp_ofat_duplicate_removal_exact|autodp_ofat_encoding_binary|autodp_ofat_encoding_catboost|autodp_ofat_encoding_frequency|autodp_ofat_encoding_ordinal|autodp_ofat_feature_selection_collinear|autodp_ofat_feature_selection_missing_ratio|autodp_ofat_imputation_drop|autodp_ofat_imputation_em|autodp_ofat_imputation_knn|autodp_ofat_imputation_mice|autodp_ofat_imputation_most_frequent|autodp_ofat_imputation_random|autodp_ofat_normalization_decimal_scale|autodp_ofat_normalization_zscore|autodp_ofat_outlier_removal_iqr|autodp_ofat_outlier_removal_lof|autodp_ofat_outlier_removal_zscore,True,0,0.8180000000000001,0.08450378032306534,0.20799999999999996
D_12,12,36,0.9725,0.98,0.007499999999999951,autodp_combo_05_random_ordinal|autodp_ofat_outlier_removal_lof,False,8,0.9440277777777778,0.05911464196848128,0.3025
D_13,13,36,0.7586206896551724,0.7758620689655172,0.017241379310344862,autodp_combo_11_random_frequency,False,1,0.735632183908046,0.03225566712736155,0.13793103448275856
D_14,14,36,0.8125,0.84,0.02749999999999997,autodp_combo_08_knn_catboost,False,4,0.8077777777777777,0.013766124103737629,0.08499999999999996
D_15,15,36,0.9357142857142856,0.95,0.014285714285714346,autodp_combo_05_random_ordinal|autodp_ofat_outlier_removal_lof,False,8,0.9285714285714284,0.023749925408642833,0.12857142857142856
D_16,16,36,0.97,0.9725,0.0025000000000000577,autodp_ofat_outlier_removal_lof,False,1,0.9465972222222222,0.036386967188443156,0.16000000000000003
D_18,18,36,0.7225,0.7225,0.0,autodp_00_baseline|autodp_ofat_encoding_binary|autodp_ofat_encoding_catboost|autodp_ofat_encoding_frequency|autodp_ofat_encoding_ordinal|autodp_ofat_feature_selection_missing_ratio|autodp_ofat_imputation_drop|autodp_ofat_imputation_em|autodp_ofat_imputation_knn|autodp_ofat_imputation_mice|autodp_ofat_imputation_most_frequent|autodp_ofat_imputation_random|autodp_ofat_outlier_removal_lof,True,0,0.6584722222222221,0.0961557579344608,0.34750000000000003
D_20,20,36,0.9775,0.9775,0.0,autodp_00_baseline|autodp_ofat_duplicate_removal_approximate|autodp_ofat_duplicate_removal_exact|autodp_ofat_feature_selection_collinear|autodp_ofat_feature_selection_missing_ratio|autodp_ofat_feature_selection_tree_based|autodp_ofat_feature_selection_wrapper|autodp_ofat_imputation_drop|autodp_ofat_imputation_em|autodp_ofat_imputation_knn|autodp_ofat_imputation_mice|autodp_ofat_imputation_most_frequent|autodp_ofat_imputation_random|autodp_ofat_normalization_decimal_scale|autodp_ofat_normalization_minmax|autodp_ofat_normalization_zscore|autodp_ofat_outlier_removal_iqr|autodp_ofat_outlier_removal_lof|autodp_ofat_outlier_removal_zscore,True,0,0.9329166666666667,0.07254428723966562,0.2975
D_22,22,36,0.8175,0.835,0.01749999999999996,autodp_combo_05_random_ordinal,False,3,0.7970138888888889,0.038128162184181004,0.1775
D_23,23,36,0.5152542372881356,0.5491525423728814,0.03389830508474578,autodp_combo_11_random_frequency,False,14,0.5123352165725046,0.016914329156189015,0.08135593220338988
D_24,24,36,0.998,0.998,0.0,autodp_00_baseline|autodp_combo_02_knn_binary|autodp_ofat_duplicate_removal_approximate|autodp_ofat_duplicate_removal_exact|autodp_ofat_encoding_binary|autodp_ofat_feature_selection_collinear|autodp_ofat_feature_selection_missing_ratio|autodp_ofat_feature_selection_tree_based|autodp_ofat_feature_selection_wrapper|autodp_ofat_imputation_em|autodp_ofat_imputation_knn|autodp_ofat_imputation_mice|autodp_ofat_imputation_most_frequent|autodp_ofat_imputation_random|autodp_ofat_normalization_decimal_scale|autodp_ofat_normalization_minmax|autodp_ofat_normalization_zscore|autodp_ofat_outlier_removal_iqr|autodp_ofat_outlier_removal_lof|autodp_ofat_outlier_removal_zscore,True,0,0.9780277777777777,0.037359727359752785,0.19399999999999995
D_25,25,33,0.8108108108108109,0.8648648648648649,0.05405405405405406,autodp_combo_03_mice_catboost|autodp_ofat_encoding_catboost,False,11,0.8018018018018018,0.035624182098167964,0.16216216216216217
D_26,26,36,0.931,0.931,0.0,autodp_00_baseline|autodp_ofat_duplicate_removal_approximate|autodp_ofat_duplicate_removal_exact|autodp_ofat_feature_selection_collinear|autodp_ofat_feature_selection_missing_ratio|autodp_ofat_feature_selection_tree_based|autodp_ofat_feature_selection_wrapper|autodp_ofat_imputation_drop|autodp_ofat_imputation_em|autodp_ofat_imputation_knn|autodp_ofat_imputation_mice|autodp_ofat_imputation_most_frequent|autodp_ofat_imputation_random|autodp_ofat_normalization_decimal_scale|autodp_ofat_normalization_minmax|autodp_ofat_normalization_zscore|autodp_ofat_outlier_removal_iqr|autodp_ofat_outlier_removal_lof|autodp_ofat_outlier_removal_zscore,True,0,0.8320833333333334,0.165499139809782,0.6020000000000001
D_27,27,33,0.8513513513513513,0.8918918918918919,0.04054054054054057,autodp_combo_03_mice_catboost,False,6,0.8230958230958231,0.058039370078711135,0.2567567567567568
D_28,28,36,0.947,0.962,0.015000000000000013,autodp_ofat_normalization_zscore,False,6,0.9250555555555553,0.05452672354219454,0.2869999999999999
D_29,29,36,0.8695652173913043,0.8840579710144928,0.01449275362318847,autodp_ofat_encoding_binary,False,3,0.8595008051529791,0.018809414470569507,0.10144927536231885
D_30,30,36,0.964,0.968,0.0040000000000000036,autodp_ofat_normalization_zscore,False,2,0.9452777777777777,0.024670732898079733,0.07399999999999995
D_34,34,36,0.7222222222222222,0.7777777777777778,0.05555555555555558,autodp_combo_08_knn_catboost,False,1,0.7067901234567899,0.036125617008393895,0.16666666666666663
D_35,35,36,0.9864864864864864,0.9864864864864864,0.0,autodp_00_baseline|autodp_ofat_duplicate_removal_approximate|autodp_ofat_duplicate_removal_exact|autodp_ofat_feature_selection_collinear|autodp_ofat_feature_selection_missing_ratio|autodp_ofat_feature_selection_tree_based|autodp_ofat_feature_selection_wrapper|autodp_ofat_imputation_drop|autodp_ofat_imputation_em|autodp_ofat_imputation_knn|autodp_ofat_imputation_mice|autodp_ofat_imputation_most_frequent|autodp_ofat_normalization_decimal_scale|autodp_ofat_normalization_minmax|autodp_ofat_normalization_zscore|autodp_ofat_outlier_removal_iqr|autodp_ofat_outlier_removal_lof|autodp_ofat_outlier_removal_zscore,True,0,0.9650900900900901,0.03159180211510253,0.12162162162162149
D_37,37,36,0.7402597402597403,0.7662337662337663,0.025974025974025983,autodp_ofat_outlier_removal_iqr,False,12,0.7350288600288599,0.0247653217738754,0.09090909090909094
D_38,38,36,0.970860927152318,0.9735099337748344,0.0026490066225164366,autodp_ofat_outlier_removal_zscore,False,1,0.958756438557763,0.014405230389379894,0.050331125827814405
D_39,39,36,0.7910447761194029,0.9104477611940298,0.11940298507462688,autodp_combo_01_basic,False,14,0.8088723051409619,0.036017193702143485,0.16417910447761186
D_40,40,36,0.6666666666666666,0.8095238095238095,0.1428571428571429,autodp_combo_05_random_ordinal|autodp_combo_06_drop_binary|autodp_ofat_normalization_zscore,False,16,0.705026455026455,0.055916564518117065,0.19047619047619047
D_41,41,36,0.627906976744186,0.6511627906976745,0.023255813953488413,autodp_combo_03_mice_catboost,False,1,0.5691214470284236,0.07741972491939952,0.25581395348837216
D_42,42,36,0.8759124087591241,0.8905109489051095,0.014598540145985384,autodp_combo_08_knn_catboost,False,1,0.8323195458231956,0.09072010523359732,0.3722627737226277
D_43,43,35,0.6129032258064516,0.7258064516129032,0.11290322580645162,autodp_combo_04_em_frequency|autodp_combo_07_mf_frequency|autodp_combo_10_em_binary|autodp_combo_13_mf_binary|autodp_ofat_feature_selection_tree_based,False,11,0.6317972350230416,0.04520828928453722,0.14516129032258063
D_44,44,36,0.9239956568946796,0.9261672095548316,0.0021715526601520097,autodp_ofat_duplicate_removal_approximate|autodp_ofat_outlier_removal_lof,False,3,0.9058089033659065,0.026543443982104734,0.0955483170466882
D_46,46,36,0.9529780564263324,0.957680250783699,0.004702194357366629,autodp_combo_02_knn_binary,False,6,0.9392633228840125,0.03339161963804591,0.11598746081504696
D_48,48,36,0.5483870967741935,0.6451612903225806,0.09677419354838712,autodp_ofat_feature_selection_wrapper,False,5,0.5071684587813621,0.0788734089056107,0.3225806451612903
D_49,49,36,0.8032786885245902,0.8360655737704918,0.032786885245901676,autodp_ofat_encoding_catboost,False,3,0.7800546448087433,0.03354652775357562,0.1311475409836066
D_50,50,36,0.96875,0.96875,0.0,autodp_00_baseline|autodp_ofat_duplicate_removal_approximate|autodp_ofat_duplicate_removal_exact|autodp_ofat_feature_selection_collinear|autodp_ofat_feature_selection_missing_ratio|autodp_ofat_feature_selection_tree_based|autodp_ofat_feature_selection_wrapper|autodp_ofat_imputation_drop|autodp_ofat_imputation_em|autodp_ofat_imputation_knn|autodp_ofat_imputation_mice|autodp_ofat_imputation_most_frequent|autodp_ofat_imputation_random|autodp_ofat_normalization_decimal_scale|autodp_ofat_normalization_minmax|autodp_ofat_normalization_zscore|autodp_ofat_outlier_removal_iqr|autodp_ofat_outlier_removal_lof|autodp_ofat_outlier_removal_zscore,True,0,0.8449074074074073,0.14105895358497575,0.33854166666666663
D_51,51,33,0.8983050847457628,0.9491525423728814,0.05084745762711862,autodp_ofat_encoding_binary|autodp_ofat_feature_selection_wrapper,False,15,0.8926553672316384,0.055929349924359696,0.27118644067796616
D_52,52,33,1.0,1.0,0.0,autodp_00_baseline|autodp_ofat_duplicate_removal_approximate|autodp_ofat_duplicate_removal_exact|autodp_ofat_encoding_catboost|autodp_ofat_feature_selection_collinear|autodp_ofat_feature_selection_missing_ratio|autodp_ofat_feature_selection_tree_based|autodp_ofat_feature_selection_wrapper|autodp_ofat_imputation_em|autodp_ofat_imputation_knn|autodp_ofat_imputation_mice|autodp_ofat_imputation_most_frequent|autodp_ofat_imputation_random|autodp_ofat_normalization_decimal_scale|autodp_ofat_normalization_minmax|autodp_ofat_normalization_zscore|autodp_ofat_outlier_removal_iqr|autodp_ofat_outlier_removal_lof|autodp_ofat_outlier_removal_zscore,True,0,0.7727272727272727,0.2777318603003539,1.0
D_53,53,36,0.8518518518518519,0.8703703703703703,0.01851851851851849,autodp_combo_01_basic|autodp_combo_05_random_ordinal|autodp_ofat_normalization_zscore,False,3,0.8353909465020578,0.027528987984073352,0.11111111111111105
D_54,54,36,0.8529411764705882,0.8529411764705882,0.0,autodp_00_baseline|autodp_ofat_duplicate_removal_approximate|autodp_ofat_duplicate_removal_exact|autodp_ofat_encoding_binary|autodp_ofat_encoding_catboost|autodp_ofat_encoding_frequency|autodp_ofat_encoding_ordinal|autodp_ofat_feature_selection_missing_ratio|autodp_ofat_imputation_drop|autodp_ofat_imputation_em|autodp_ofat_imputation_knn|autodp_ofat_imputation_mice|autodp_ofat_imputation_most_frequent|autodp_ofat_imputation_random|autodp_ofat_outlier_removal_zscore,True,0,0.7777777777777778,0.10750491625348133,0.4058823529411764
D_55,55,36,0.8709677419354839,0.9032258064516128,0.03225806451612889,autodp_combo_01_basic,False,1,0.8324372759856629,0.040817354745270165,0.19354838709677402
D_56,56,36,0.942528735632184,0.9770114942528736,0.03448275862068961,autodp_combo_08_knn_catboost|autodp_ofat_encoding_binary,False,8,0.9412515964240102,0.027331972616899992,0.1724137931034483
D_57,57,32,0.953580901856764,0.9655172413793104,0.011936339522546358,autodp_ofat_outlier_removal_zscore,False,3,0.9457062334217508,0.009488423096254412,0.04111405835543758
D_59,59,36,0.8873239436619719,0.9295774647887324,0.04225352112676051,autodp_combo_06_drop_binary|autodp_ofat_feature_selection_tree_based,False,4,0.8411580594679186,0.0816288091436703,0.2957746478873239
D_60,60,36,0.882,0.885,0.0030000000000000027,autodp_combo_04_em_frequency,False,6,0.881638888888889,0.00197417743458127,0.01100000000000001
D_61,61,36,0.9666666666666668,0.9666666666666668,0.0,autodp_00_baseline|autodp_combo_04_em_frequency|autodp_ofat_duplicate_removal_approximate|autodp_ofat_duplicate_removal_exact|autodp_ofat_encoding_binary|autodp_ofat_encoding_catboost|autodp_ofat_encoding_frequency|autodp_ofat_encoding_ordinal|autodp_ofat_feature_selection_missing_ratio|autodp_ofat_feature_selection_tree_based|autodp_ofat_imputation_drop|autodp_ofat_imputation_em|autodp_ofat_imputation_knn|autodp_ofat_imputation_mice|autodp_ofat_imputation_most_frequent|autodp_ofat_imputation_random|autodp_ofat_outlier_removal_iqr|autodp_ofat_outlier_removal_lof|autodp_ofat_outlier_removal_zscore,True,0,0.9453703703703701,0.027389258255090865,0.10000000000000009
D_62,62,4,,0.95,,autodp_ofat_encoding_binary,False,0,0.9,0.03535533905932737,0.09999999999999998
D_70,70,36,0.929,0.929,0.0,autodp_00_baseline|autodp_ofat_feature_selection_collinear|autodp_ofat_feature_selection_missing_ratio|autodp_ofat_feature_selection_tree_based|autodp_ofat_feature_selection_wrapper|autodp_ofat_imputation_drop|autodp_ofat_imputation_em|autodp_ofat_imputation_knn|autodp_ofat_imputation_mice|autodp_ofat_imputation_most_frequent|autodp_ofat_imputation_random|autodp_ofat_normalization_decimal_scale|autodp_ofat_normalization_minmax|autodp_ofat_normalization_zscore|autodp_ofat_outlier_removal_iqr|autodp_ofat_outlier_removal_lof|autodp_ofat_outlier_removal_zscore,True,0,0.8996388888888889,0.03660309092729876,0.1130000000000001
D_71,71,36,0.865,0.865,0.0,autodp_00_baseline|autodp_ofat_feature_selection_collinear|autodp_ofat_feature_selection_missing_ratio|autodp_ofat_feature_selection_tree_based|autodp_ofat_feature_selection_wrapper|autodp_ofat_imputation_drop|autodp_ofat_imputation_em|autodp_ofat_imputation_knn|autodp_ofat_imputation_mice|autodp_ofat_imputation_most_frequent|autodp_ofat_imputation_random|autodp_ofat_normalization_decimal_scale|autodp_ofat_normalization_minmax|autodp_ofat_normalization_zscore|autodp_ofat_outlier_removal_iqr|autodp_ofat_outlier_removal_lof|autodp_ofat_outlier_removal_zscore,True,0,0.8346388888888888,0.036582595116149134,0.10899999999999999
D_72,72,36,0.942,0.942,0.0,autodp_00_baseline|autodp_ofat_feature_selection_collinear|autodp_ofat_feature_selection_missing_ratio|autodp_ofat_feature_selection_tree_based|autodp_ofat_feature_selection_wrapper|autodp_ofat_imputation_drop|autodp_ofat_imputation_em|autodp_ofat_imputation_knn|autodp_ofat_imputation_mice|autodp_ofat_imputation_most_frequent|autodp_ofat_imputation_random|autodp_ofat_normalization_decimal_scale|autodp_ofat_normalization_minmax|autodp_ofat_normalization_zscore|autodp_ofat_outlier_removal_iqr|autodp_ofat_outlier_removal_lof|autodp_ofat_outlier_removal_zscore,True,0,0.9362499999999999,0.007380059469799493,0.03199999999999992
D_73,73,36,0.937,0.941,0.0039999999999998925,autodp_combo_02_knn_binary|autodp_ofat_encoding_binary,False,5,0.9241111111111111,0.0228677086470296,0.07399999999999995
D_74,74,36,0.478,0.478,0.0,autodp_00_baseline|autodp_ofat_feature_selection_collinear|autodp_ofat_feature_selection_missing_ratio|autodp_ofat_feature_selection_tree_based|autodp_ofat_feature_selection_wrapper|autodp_ofat_imputation_drop|autodp_ofat_imputation_em|autodp_ofat_imputation_knn|autodp_ofat_imputation_mice|autodp_ofat_imputation_most_frequent|autodp_ofat_imputation_random|autodp_ofat_normalization_decimal_scale|autodp_ofat_normalization_minmax|autodp_ofat_normalization_zscore|autodp_ofat_outlier_removal_iqr|autodp_ofat_outlier_removal_lof|autodp_ofat_outlier_removal_zscore,True,0,0.39691666666666664,0.09261160684397081,0.272
D_75,75,36,0.732,0.732,0.0,autodp_00_baseline|autodp_ofat_feature_selection_collinear|autodp_ofat_feature_selection_missing_ratio|autodp_ofat_feature_selection_tree_based|autodp_ofat_feature_selection_wrapper|autodp_ofat_imputation_drop|autodp_ofat_imputation_em|autodp_ofat_imputation_knn|autodp_ofat_imputation_mice|autodp_ofat_imputation_most_frequent|autodp_ofat_imputation_random|autodp_ofat_normalization_decimal_scale|autodp_ofat_normalization_minmax|autodp_ofat_normalization_zscore|autodp_ofat_outlier_removal_iqr|autodp_ofat_outlier_removal_lof|autodp_ofat_outlier_removal_zscore,True,0,0.6758055555555554,0.0654233306348586,0.16800000000000004
D_76,76,36,0.892,0.895,0.0030000000000000027,autodp_ofat_duplicate_removal_approximate|autodp_ofat_duplicate_removal_exact,False,2,0.8795,0.01832954506315481,0.07200000000000006
D_77,77,36,0.785,0.785,0.0,autodp_00_baseline|autodp_ofat_feature_selection_collinear|autodp_ofat_feature_selection_missing_ratio|autodp_ofat_feature_selection_tree_based|autodp_ofat_feature_selection_wrapper|autodp_ofat_imputation_drop|autodp_ofat_imputation_em|autodp_ofat_imputation_knn|autodp_ofat_imputation_mice|autodp_ofat_imputation_most_frequent|autodp_ofat_imputation_random|autodp_ofat_normalization_decimal_scale|autodp_ofat_normalization_minmax|autodp_ofat_normalization_zscore|autodp_ofat_outlier_removal_iqr|autodp_ofat_outlier_removal_lof|autodp_ofat_outlier_removal_zscore,True,0,0.770888888888889,0.016065452543644675,0.04500000000000004
D_78,78,36,0.856,0.86,0.0040000000000000036,autodp_combo_02_knn_binary,False,2,0.8106944444444443,0.06155747966306884,0.17799999999999994
D_115,115,36,0.928,0.933,0.0050000000000000044,autodp_combo_02_knn_binary|autodp_ofat_encoding_binary,False,2,0.8594999999999999,0.10405006807622313,0.375
D_116,116,36,0.771,0.771,0.0,autodp_00_baseline|autodp_ofat_duplicate_removal_approximate|autodp_ofat_duplicate_removal_exact|autodp_ofat_feature_selection_collinear|autodp_ofat_feature_selection_missing_ratio|autodp_ofat_feature_selection_tree_based|autodp_ofat_feature_selection_wrapper|autodp_ofat_imputation_drop|autodp_ofat_imputation_em|autodp_ofat_imputation_knn|autodp_ofat_imputation_mice|autodp_ofat_imputation_most_frequent|autodp_ofat_imputation_random|autodp_ofat_normalization_decimal_scale|autodp_ofat_normalization_minmax|autodp_ofat_normalization_zscore|autodp_ofat_outlier_removal_iqr|autodp_ofat_outlier_removal_lof|autodp_ofat_outlier_removal_zscore,True,0,0.7321111111111112,0.050361348592931524,0.21699999999999997
D_117,117,36,0.773,0.773,0.0,autodp_00_baseline|autodp_ofat_feature_selection_collinear|autodp_ofat_feature_selection_missing_ratio|autodp_ofat_feature_selection_tree_based|autodp_ofat_feature_selection_wrapper|autodp_ofat_imputation_drop|autodp_ofat_imputation_em|autodp_ofat_imputation_knn|autodp_ofat_imputation_mice|autodp_ofat_imputation_most_frequent|autodp_ofat_imputation_random|autodp_ofat_normalization_decimal_scale|autodp_ofat_normalization_minmax|autodp_ofat_normalization_zscore|autodp_ofat_outlier_removal_iqr|autodp_ofat_outlier_removal_lof|autodp_ofat_outlier_removal_zscore,True,0,0.7337777777777778,0.0492223476296371,0.18800000000000006
D_118,118,36,0.761,0.762,0.0010000000000000009,autodp_ofat_duplicate_removal_approximate|autodp_ofat_duplicate_removal_exact,False,2,0.7273611111111111,0.043640038177100236,0.139
D_119,119,36,0.512,0.512,0.0,autodp_00_baseline|autodp_ofat_feature_selection_collinear|autodp_ofat_feature_selection_missing_ratio|autodp_ofat_feature_selection_tree_based|autodp_ofat_feature_selection_wrapper|autodp_ofat_imputation_drop|autodp_ofat_imputation_em|autodp_ofat_imputation_knn|autodp_ofat_imputation_mice|autodp_ofat_imputation_most_frequent|autodp_ofat_imputation_random|autodp_ofat_normalization_decimal_scale|autodp_ofat_normalization_minmax|autodp_ofat_normalization_zscore|autodp_ofat_outlier_removal_iqr|autodp_ofat_outlier_removal_lof|autodp_ofat_outlier_removal_zscore,True,0,0.4868888888888889,0.030546665373361117,0.08100000000000002
D_120,120,36,0.976,0.981,0.0050000000000000044,autodp_combo_03_mice_catboost|autodp_ofat_encoding_catboost,False,4,0.9601111111111111,0.026062721118462754,0.08599999999999997
D_121,121,36,0.843,0.844,0.0010000000000000009,autodp_combo_08_knn_catboost,False,1,0.82625,0.024794012494059013,0.07699999999999996
D_122,122,36,0.886,0.887,0.0010000000000000009,autodp_combo_08_knn_catboost|autodp_ofat_duplicate_removal_approximate|autodp_ofat_duplicate_removal_exact,False,3,0.8729166666666667,0.020332479490269333,0.06000000000000005
D_123,123,36,0.906,0.906,0.0,autodp_00_baseline|autodp_ofat_duplicate_removal_approximate|autodp_ofat_duplicate_removal_exact|autodp_ofat_feature_selection_collinear|autodp_ofat_feature_selection_missing_ratio|autodp_ofat_feature_selection_tree_based|autodp_ofat_feature_selection_wrapper|autodp_ofat_imputation_drop|autodp_ofat_imputation_em|autodp_ofat_imputation_knn|autodp_ofat_imputation_mice|autodp_ofat_imputation_most_frequent|autodp_ofat_imputation_random|autodp_ofat_normalization_decimal_scale|autodp_ofat_normalization_minmax|autodp_ofat_normalization_zscore|autodp_ofat_outlier_removal_iqr|autodp_ofat_outlier_removal_lof|autodp_ofat_outlier_removal_zscore,True,0,0.8648888888888888,0.055455576704731155,0.16700000000000004
D_124,124,36,0.868,0.876,0.008000000000000007,autodp_combo_13_mf_binary,False,6,0.8640833333333333,0.013271471073111843,0.08399999999999996
D_125,125,36,0.917,0.917,0.0,autodp_00_baseline|autodp_ofat_encoding_binary|autodp_ofat_feature_selection_collinear|autodp_ofat_feature_selection_missing_ratio|autodp_ofat_feature_selection_tree_based|autodp_ofat_feature_selection_wrapper|autodp_ofat_imputation_drop|autodp_ofat_imputation_em|autodp_ofat_imputation_knn|autodp_ofat_imputation_mice|autodp_ofat_imputation_most_frequent|autodp_ofat_imputation_random|autodp_ofat_normalization_decimal_scale|autodp_ofat_normalization_minmax|autodp_ofat_normalization_zscore|autodp_ofat_outlier_removal_iqr|autodp_ofat_outlier_removal_lof|autodp_ofat_outlier_removal_zscore,True,0,0.8631666666666667,0.1937288339693168,0.8520000000000001
D_126,126,36,0.806,0.806,0.0,autodp_00_baseline|autodp_ofat_feature_selection_collinear|autodp_ofat_feature_selection_missing_ratio|autodp_ofat_feature_selection_tree_based|autodp_ofat_feature_selection_wrapper|autodp_ofat_imputation_drop|autodp_ofat_imputation_em|autodp_ofat_imputation_knn|autodp_ofat_imputation_mice|autodp_ofat_imputation_most_frequent|autodp_ofat_imputation_random|autodp_ofat_normalization_decimal_scale|autodp_ofat_normalization_minmax|autodp_ofat_normalization_zscore|autodp_ofat_outlier_removal_iqr|autodp_ofat_outlier_removal_lof|autodp_ofat_outlier_removal_zscore,True,0,0.7838055555555556,0.03220060337982339,0.10200000000000009
D_127,127,36,0.86,0.861,0.0010000000000000009,autodp_combo_02_knn_binary,False,1,0.7970833333333335,0.08133482751359757,0.259
D_128,128,36,0.835,0.844,0.009000000000000008,autodp_ofat_encoding_catboost,False,4,0.7926944444444444,0.05918840888986271,0.15300000000000002
D_129,129,36,0.988,0.988,0.0,autodp_00_baseline|autodp_ofat_duplicate_removal_approximate|autodp_ofat_duplicate_removal_exact|autodp_ofat_feature_selection_collinear|autodp_ofat_feature_selection_missing_ratio|autodp_ofat_feature_selection_tree_based|autodp_ofat_feature_selection_wrapper|autodp_ofat_imputation_drop|autodp_ofat_imputation_em|autodp_ofat_imputation_knn|autodp_ofat_imputation_mice|autodp_ofat_imputation_most_frequent|autodp_ofat_imputation_random|autodp_ofat_normalization_decimal_scale|autodp_ofat_normalization_minmax|autodp_ofat_normalization_zscore|autodp_ofat_outlier_removal_iqr|autodp_ofat_outlier_removal_lof|autodp_ofat_outlier_removal_zscore,True,0,0.977611111111111,0.012671660808841172,0.04300000000000004
D_130,130,36,0.861,0.861,0.0,autodp_00_baseline|autodp_ofat_feature_selection_collinear|autodp_ofat_feature_selection_missing_ratio|autodp_ofat_feature_selection_tree_based|autodp_ofat_feature_selection_wrapper|autodp_ofat_imputation_drop|autodp_ofat_imputation_em|autodp_ofat_imputation_knn|autodp_ofat_imputation_mice|autodp_ofat_imputation_most_frequent|autodp_ofat_imputation_random|autodp_ofat_normalization_decimal_scale|autodp_ofat_normalization_minmax|autodp_ofat_normalization_zscore|autodp_ofat_outlier_removal_iqr|autodp_ofat_outlier_removal_lof|autodp_ofat_outlier_removal_zscore,True,0,0.7879722222222223,0.09723410641651047,0.349
D_131,131,36,0.946,0.947,0.0010000000000000009,autodp_ofat_duplicate_removal_approximate|autodp_ofat_duplicate_removal_exact,False,2,0.9455833333333332,0.0009242113755341188,0.0050000000000000044
D_132,132,36,0.84,0.84,0.0,autodp_00_baseline|autodp_ofat_duplicate_removal_approximate|autodp_ofat_duplicate_removal_exact|autodp_ofat_feature_selection_collinear|autodp_ofat_feature_selection_missing_ratio|autodp_ofat_feature_selection_tree_based|autodp_ofat_feature_selection_wrapper|autodp_ofat_imputation_drop|autodp_ofat_imputation_em|autodp_ofat_imputation_knn|autodp_ofat_imputation_mice|autodp_ofat_imputation_most_frequent|autodp_ofat_imputation_random|autodp_ofat_normalization_decimal_scale|autodp_ofat_normalization_minmax|autodp_ofat_normalization_zscore|autodp_ofat_outlier_removal_iqr|autodp_ofat_outlier_removal_lof|autodp_ofat_outlier_removal_zscore,True,0,0.8179166666666666,0.02916940463339397,0.09399999999999997
D_133,133,36,0.652,0.655,0.0030000000000000027,autodp_ofat_encoding_binary,False,1,0.5822777777777778,0.09547355978114544,0.28400000000000003
D_134,134,36,0.887,0.889,0.0020000000000000018,autodp_ofat_duplicate_removal_approximate|autodp_ofat_duplicate_removal_exact,False,2,0.85625,0.03871073279251289,0.118
D_135,135,36,0.676,0.676,0.0,autodp_00_baseline|autodp_ofat_feature_selection_collinear|autodp_ofat_feature_selection_missing_ratio|autodp_ofat_feature_selection_tree_based|autodp_ofat_feature_selection_wrapper|autodp_ofat_imputation_drop|autodp_ofat_imputation_em|autodp_ofat_imputation_knn|autodp_ofat_imputation_mice|autodp_ofat_imputation_most_frequent|autodp_ofat_imputation_random|autodp_ofat_normalization_decimal_scale|autodp_ofat_normalization_minmax|autodp_ofat_normalization_zscore|autodp_ofat_outlier_removal_iqr|autodp_ofat_outlier_removal_lof|autodp_ofat_outlier_removal_zscore,True,0,0.6459166666666667,0.05781597962501372,0.21400000000000002
D_136,136,36,0.859,0.86,0.0010000000000000009,autodp_ofat_encoding_catboost,False,1,0.8500833333333333,0.014230981460648925,0.04999999999999993
D_137,137,36,0.717,0.719,0.0020000000000000018,autodp_combo_02_knn_binary|autodp_ofat_duplicate_removal_approximate|autodp_ofat_duplicate_removal_exact,False,3,0.7005833333333333,0.02584717371181785,0.08099999999999996
D_138,138,36,0.864,0.876,0.01200000000000001,autodp_combo_03_mice_catboost,False,8,0.8611388888888888,0.008479232072729817,0.049000000000000044
D_139,139,36,0.888,0.895,0.007000000000000006,autodp_combo_02_knn_binary|autodp_ofat_encoding_binary,False,5,0.8789722222222224,0.01832194511615801,0.08299999999999996
D_140,140,36,0.875,0.875,0.0,autodp_00_baseline|autodp_ofat_feature_selection_collinear|autodp_ofat_feature_selection_missing_ratio|autodp_ofat_feature_selection_tree_based|autodp_ofat_feature_selection_wrapper|autodp_ofat_imputation_drop|autodp_ofat_imputation_em|autodp_ofat_imputation_knn|autodp_ofat_imputation_mice|autodp_ofat_imputation_most_frequent|autodp_ofat_imputation_random|autodp_ofat_normalization_decimal_scale|autodp_ofat_normalization_minmax|autodp_ofat_normalization_zscore|autodp_ofat_outlier_removal_iqr|autodp_ofat_outlier_removal_lof|autodp_ofat_outlier_removal_zscore,True,0,0.861,0.017902513789968173,0.062000000000000055
D_141,141,36,0.642,0.642,0.0,autodp_00_baseline|autodp_ofat_feature_selection_collinear|autodp_ofat_feature_selection_missing_ratio|autodp_ofat_feature_selection_tree_based|autodp_ofat_feature_selection_wrapper|autodp_ofat_imputation_drop|autodp_ofat_imputation_em|autodp_ofat_imputation_knn|autodp_ofat_imputation_mice|autodp_ofat_imputation_most_frequent|autodp_ofat_imputation_random|autodp_ofat_normalization_decimal_scale|autodp_ofat_normalization_minmax|autodp_ofat_normalization_zscore|autodp_ofat_outlier_removal_iqr|autodp_ofat_outlier_removal_lof|autodp_ofat_outlier_removal_zscore,True,0,0.6016666666666668,0.0488654615585828,0.17100000000000004
D_142,142,36,0.912,0.914,0.0020000000000000018,autodp_ofat_duplicate_removal_approximate|autodp_ofat_duplicate_removal_exact,False,3,0.9034166666666668,0.011378280967605698,0.03500000000000003
D_143,143,36,0.965,0.971,0.006000000000000005,autodp_combo_06_drop_binary,False,6,0.9630277777777777,0.005019329919372327,0.026000000000000023
D_144,144,36,0.936,0.938,0.0019999999999998908,autodp_combo_06_drop_binary|autodp_combo_08_knn_catboost|autodp_combo_11_random_frequency,False,7,0.9358055555555556,0.0014302184068728763,0.005999999999999894
D_146,146,36,0.926,0.928,0.0020000000000000018,autodp_ofat_duplicate_removal_approximate|autodp_ofat_duplicate_removal_exact,False,2,0.9149722222222224,0.014731836483373001,0.04600000000000004
D_147,147,36,0.825,0.825,0.0,autodp_00_baseline|autodp_ofat_duplicate_removal_approximate|autodp_ofat_duplicate_removal_exact|autodp_ofat_feature_selection_collinear|autodp_ofat_feature_selection_missing_ratio|autodp_ofat_feature_selection_tree_based|autodp_ofat_feature_selection_wrapper|autodp_ofat_imputation_drop|autodp_ofat_imputation_em|autodp_ofat_imputation_knn|autodp_ofat_imputation_mice|autodp_ofat_imputation_most_frequent|autodp_ofat_imputation_random|autodp_ofat_normalization_decimal_scale|autodp_ofat_normalization_minmax|autodp_ofat_normalization_zscore|autodp_ofat_outlier_removal_iqr|autodp_ofat_outlier_removal_lof|autodp_ofat_outlier_removal_zscore,True,0,0.7701388888888888,0.10925738031968818,0.35799999999999993
D_148,148,4,,0.949,,autodp_ofat_encoding_binary,False,0,0.93675,0.010825317547305438,0.02399999999999991
D_149,149,36,0.627,0.629,0.0020000000000000018,autodp_ofat_encoding_catboost,False,1,0.6070277777777777,0.030356663291159637,0.09499999999999997
D_150,150,36,0.709,0.731,0.02200000000000002,autodp_ofat_normalization_zscore,False,8,0.7061388888888886,0.012445777458367547,0.05999999999999994
D_151,151,36,0.694,0.744,0.050000000000000044,autodp_combo_08_knn_catboost|autodp_ofat_normalization_zscore,False,12,0.7033055555555554,0.02208294898337786,0.06499999999999995
D_152,152,36,0.698,0.698,0.0,autodp_00_baseline|autodp_combo_01_basic|autodp_combo_02_knn_binary|autodp_combo_05_random_ordinal|autodp_combo_07_mf_frequency|autodp_combo_09_mice_ordinal|autodp_combo_10_em_binary|autodp_combo_13_mf_binary|autodp_ofat_duplicate_removal_approximate|autodp_ofat_duplicate_removal_exact|autodp_ofat_encoding_binary|autodp_ofat_encoding_catboost|autodp_ofat_encoding_frequency|autodp_ofat_encoding_ordinal|autodp_ofat_feature_selection_collinear|autodp_ofat_feature_selection_missing_ratio|autodp_ofat_imputation_drop|autodp_ofat_imputation_em|autodp_ofat_imputation_knn|autodp_ofat_imputation_mice|autodp_ofat_imputation_most_frequent|autodp_ofat_imputation_random|autodp_ofat_normalization_decimal_scale|autodp_ofat_normalization_minmax|autodp_ofat_normalization_zscore|autodp_ofat_outlier_removal_iqr|autodp_ofat_outlier_removal_lof|autodp_ofat_outlier_removal_zscore,True,0,0.6933333333333334,0.008730533902472491,0.020999999999999908
D_153,153,36,0.91,0.91,0.0,autodp_00_baseline|autodp_combo_01_basic|autodp_combo_02_knn_binary|autodp_combo_05_random_ordinal|autodp_combo_07_mf_frequency|autodp_combo_09_mice_ordinal|autodp_combo_10_em_binary|autodp_combo_13_mf_binary|autodp_ofat_duplicate_removal_approximate|autodp_ofat_duplicate_removal_exact|autodp_ofat_encoding_binary|autodp_ofat_encoding_catboost|autodp_ofat_encoding_frequency|autodp_ofat_encoding_ordinal|autodp_ofat_feature_selection_collinear|autodp_ofat_feature_selection_missing_ratio|autodp_ofat_imputation_drop|autodp_ofat_imputation_em|autodp_ofat_imputation_knn|autodp_ofat_imputation_mice|autodp_ofat_imputation_most_frequent|autodp_ofat_imputation_random|autodp_ofat_normalization_decimal_scale|autodp_ofat_normalization_minmax|autodp_ofat_normalization_zscore|autodp_ofat_outlier_removal_iqr|autodp_ofat_outlier_removal_lof|autodp_ofat_outlier_removal_zscore,True,0,0.8906666666666667,0.03616935473881481,0.08700000000000008
D_154,154,36,0.554,0.557,0.0030000000000000027,autodp_combo_02_knn_binary,False,7,0.5493055555555556,0.008601742215144708,0.028000000000000025
D_155,155,36,0.553,0.569,0.015999999999999903,autodp_combo_07_mf_frequency,False,10,0.5498611111111111,0.012351681796819279,0.05599999999999994
D_156,156,36,0.469,0.473,0.0040000000000000036,autodp_ofat_outlier_removal_iqr,False,3,0.44497222222222216,0.03231054704918014,0.121
D_157,157,36,0.493,0.513,0.020000000000000018,autodp_ofat_outlier_removal_iqr,False,4,0.4669166666666667,0.04011675668179903,0.16600000000000004
D_158,158,36,0.508,0.511,0.0030000000000000027,autodp_combo_01_basic|autodp_ofat_outlier_removal_iqr,False,4,0.4751388888888889,0.04242257835541103,0.13
D_159,159,36,0.307,0.307,0.0,autodp_00_baseline|autodp_combo_09_mice_ordinal|autodp_ofat_duplicate_removal_approximate|autodp_ofat_duplicate_removal_exact|autodp_ofat_encoding_binary|autodp_ofat_encoding_catboost|autodp_ofat_encoding_frequency|autodp_ofat_encoding_ordinal|autodp_ofat_feature_selection_collinear|autodp_ofat_feature_selection_missing_ratio|autodp_ofat_imputation_drop|autodp_ofat_imputation_em|autodp_ofat_imputation_knn|autodp_ofat_imputation_mice|autodp_ofat_imputation_most_frequent|autodp_ofat_imputation_random|autodp_ofat_normalization_minmax|autodp_ofat_normalization_zscore,True,0,0.3019722222222223,0.006474248609817858,0.02300000000000002
D_160,160,36,0.316,0.317,0.0010000000000000009,autodp_ofat_normalization_zscore,False,1,0.31133333333333335,0.005691123692987962,0.02200000000000002
D_161,161,36,0.857,0.857,0.0,autodp_00_baseline|autodp_combo_01_basic|autodp_combo_02_knn_binary|autodp_combo_05_random_ordinal|autodp_combo_07_mf_frequency|autodp_combo_09_mice_ordinal|autodp_combo_10_em_binary|autodp_combo_13_mf_binary|autodp_ofat_duplicate_removal_approximate|autodp_ofat_duplicate_removal_exact|autodp_ofat_encoding_binary|autodp_ofat_encoding_catboost|autodp_ofat_encoding_frequency|autodp_ofat_encoding_ordinal|autodp_ofat_feature_selection_collinear|autodp_ofat_feature_selection_missing_ratio|autodp_ofat_imputation_drop|autodp_ofat_imputation_em|autodp_ofat_imputation_knn|autodp_ofat_imputation_mice|autodp_ofat_imputation_most_frequent|autodp_ofat_imputation_random|autodp_ofat_normalization_decimal_scale|autodp_ofat_normalization_minmax|autodp_ofat_normalization_zscore|autodp_ofat_outlier_removal_iqr|autodp_ofat_outlier_removal_lof|autodp_ofat_outlier_removal_zscore,True,0,0.8567777777777779,0.00041573970964154934,0.0010000000000000009
D_162,162,36,0.826,0.828,0.0020000000000000018,autodp_ofat_normalization_decimal_scale|autodp_ofat_normalization_minmax,False,10,0.8257777777777778,0.001356283957303746,0.0050000000000000044
D_163,163,36,0.4285714285714285,0.8571428571428571,0.4285714285714286,autodp_combo_06_drop_binary,False,9,0.4642857142857142,0.12766434874718582,0.5714285714285714
D_164,164,36,0.7727272727272727,0.9090909090909092,0.13636363636363646,autodp_combo_03_mice_catboost,False,5,0.7664141414141414,0.05684623325500217,0.2727272727272728
D_171,171,36,0.3787878787878788,0.4696969696969697,0.09090909090909094,autodp_ofat_encoding_frequency,False,7,0.36531986531986527,0.047883712637467664,0.22727272727272732
D_172,172,36,0.6666666666666666,1.0,0.33333333333333337,autodp_ofat_encoding_binary,False,1,0.6666666666666667,0.07856742013183862,0.6666666666666667
D_180,180,36,0.647,0.684,0.03700000000000003,autodp_ofat_normalization_zscore,False,18,0.6466944444444445,0.025594942473991123,0.1140000000000001
D_181,181,36,0.5387205387205387,0.5959595959595959,0.0572390572390572,autodp_combo_01_basic,False,13,0.5398428731762066,0.033865872659067583,0.2222222222222222
D_185,185,36,0.9291044776119404,0.9626865671641792,0.03358208955223885,autodp_combo_02_knn_binary|autodp_combo_05_random_ordinal|autodp_combo_08_knn_catboost|autodp_ofat_normalization_zscore,False,14,0.9338723051409619,0.015796781602837758,0.05597014925373145
D_186,186,36,0.7901234567901234,0.8148148148148148,0.024691358024691357,autodp_combo_01_basic|autodp_combo_03_mice_catboost,False,6,0.7901234567901234,0.010080204702811433,0.04938271604938271
D_187,187,36,0.9722222222222222,1.0,0.02777777777777779,autodp_combo_01_basic|autodp_combo_02_knn_binary|autodp_combo_03_mice_catboost|autodp_combo_09_mice_ordinal|autodp_combo_11_random_frequency|autodp_ofat_normalization_minmax,False,6,0.9552469135802468,0.052081904415698155,0.16666666666666663
D_188,188,36,0.5,0.722972972972973,0.22297297297297303,autodp_combo_05_random_ordinal,False,19,0.5358483483483484,0.07323837158919498,0.2972972972972974
D_195,195,36,0.7574825331670332,0.8247149127150704,0.06723237954803718,autodp_combo_03_mice_catboost,False,17,0.7669953595468527,0.023710536627258416,0.12046614478769735
D_210,210,36,0.9277362042956514,0.933510707135588,0.005774502839936635,autodp_ofat_feature_selection_tree_based|autodp_ofat_feature_selection_wrapper,False,5,0.9246796542841879,0.005797644261483322,0.025585939698912985
D_244,244,36,0.803,0.938,0.1349999999999999,autodp_ofat_normalization_minmax,False,24,0.8493333333333333,0.05061730051189129,0.17599999999999993
D_245,245,36,0.763,0.848,0.08499999999999996,autodp_ofat_feature_selection_wrapper,False,22,0.7864722222222222,0.028629322682940824,0.09099999999999997
D_246,246,36,0.946,0.947,0.0010000000000000009,autodp_ofat_normalization_minmax,False,1,0.9274444444444444,0.02433155752018402,0.08399999999999996
D_247,247,36,0.475,0.483,0.008000000000000007,autodp_ofat_outlier_removal_zscore,False,7,0.4236944444444445,0.09210103734620427,0.31599999999999995
D_248,248,36,0.36,0.638,0.278,autodp_ofat_normalization_minmax,False,24,0.45655555555555544,0.10318818958163674,0.28
D_249,249,36,0.891,0.901,0.010000000000000009,autodp_combo_02_knn_binary,False,7,0.8798333333333334,0.016402066265497717,0.061000000000000054
D_250,250,36,0.821,0.843,0.02200000000000002,autodp_combo_02_knn_binary|autodp_combo_09_mice_ordinal|autodp_ofat_normalization_minmax,False,5,0.8100833333333334,0.022262792826697263,0.07999999999999996
D_251,251,36,0.984,0.986,0.0020000000000000018,autodp_combo_02_knn_binary,False,6,0.978611111111111,0.00985527996608299,0.04600000000000004
D_252,252,36,0.942,0.963,0.02100000000000002,autodp_combo_02_knn_binary|autodp_combo_09_mice_ordinal|autodp_ofat_normalization_minmax,False,5,0.9213611111111111,0.054241308969874884,0.30399999999999994
D_253,253,36,0.702,0.726,0.02400000000000002,autodp_ofat_normalization_zscore,False,5,0.6824722222222221,0.03257170390172623,0.16200000000000003
D_254,254,36,0.739,0.771,0.03200000000000003,autodp_combo_05_random_ordinal|autodp_ofat_normalization_zscore,False,5,0.7115833333333332,0.0610001707647883,0.32
D_255,255,36,0.514,0.524,0.010000000000000009,autodp_ofat_outlier_removal_iqr,False,5,0.5035555555555555,0.016040650520967113,0.062
D_256,256,36,0.829,0.838,0.009000000000000008,autodp_combo_12_drop_catboost,False,8,0.8233055555555555,0.01060350949357081,0.040999999999999925
D_257,257,36,0.883,0.886,0.0030000000000000027,autodp_ofat_feature_selection_tree_based,False,2,0.8731666666666666,0.01432460974841705,0.05400000000000005
D_258,258,36,0.883,0.886,0.0030000000000000027,autodp_ofat_feature_selection_tree_based|autodp_ofat_feature_selection_wrapper|autodp_ofat_normalization_minmax|autodp_ofat_normalization_zscore,False,4,0.8675277777777778,0.025282279818867326,0.121
D_259,259,36,0.9,0.909,0.009000000000000008,autodp_combo_10_em_binary|autodp_combo_13_mf_binary,False,15,0.8859999999999999,0.046441121624889496,0.19800000000000006
D_260,260,36,0.772,0.784,0.01200000000000001,autodp_combo_12_drop_catboost,False,12,0.7650833333333332,0.017418660172993292,0.06700000000000006
D_261,261,36,0.773,0.774,0.0010000000000000009,autodp_ofat_outlier_removal_lof,False,1,0.7471111111111112,0.038797034378199716,0.16500000000000004
D_262,262,36,0.711,0.839,0.128,autodp_combo_03_mice_catboost,False,12,0.730638888888889,0.05346294291780147,0.18799999999999994
D_263,263,36,0.982,0.982,0.0,autodp_00_baseline|autodp_combo_02_knn_binary|autodp_ofat_duplicate_removal_approximate|autodp_ofat_duplicate_removal_exact|autodp_ofat_encoding_binary|autodp_ofat_feature_selection_collinear|autodp_ofat_feature_selection_missing_ratio|autodp_ofat_feature_selection_tree_based|autodp_ofat_feature_selection_wrapper|autodp_ofat_imputation_drop|autodp_ofat_imputation_em|autodp_ofat_imputation_knn|autodp_ofat_imputation_mice|autodp_ofat_imputation_most_frequent|autodp_ofat_imputation_random|autodp_ofat_outlier_removal_iqr|autodp_ofat_outlier_removal_zscore,True,0,0.9674166666666668,0.022342504335906472,0.07199999999999995
D_264,264,36,0.781,0.811,0.030000000000000027,autodp_combo_02_knn_binary|autodp_combo_09_mice_ordinal|autodp_ofat_normalization_minmax,False,12,0.7863055555555555,0.012948229060472686,0.052000000000000046
D_265,265,36,0.576,0.581,0.0050000000000000044,autodp_combo_05_random_ordinal,False,4,0.5516666666666666,0.044647383897479236,0.16899999999999998
D_266,266,36,0.883,0.886,0.0030000000000000027,autodp_combo_02_knn_binary,False,4,0.8699166666666668,0.016315253599009746,0.05700000000000005
D_267,267,36,0.873,0.875,0.0020000000000000018,autodp_ofat_outlier_removal_zscore,False,5,0.8667777777777778,0.009174575712596902,0.030000000000000027
D_268,268,36,0.563,0.571,0.008000000000000007,autodp_ofat_outlier_removal_zscore,False,3,0.5442222222222223,0.027972318768453033,0.09499999999999997
D_269,269,36,0.896,0.899,0.0030000000000000027,autodp_ofat_feature_selection_tree_based,False,2,0.8884166666666666,0.011153910624629483,0.051000000000000045
D_271,271,36,0.885,0.886,0.0010000000000000009,autodp_combo_05_random_ordinal|autodp_ofat_normalization_zscore,False,2,0.8825277777777778,0.0029201037948743402,0.010000000000000009
D_272,272,4,,0.93,,autodp_ofat_encoding_binary|autodp_ofat_encoding_ordinal,False,0,0.9157500000000001,0.01446331566412074,0.03200000000000003
D_275,275,36,0.3846153846153846,0.7692307692307693,0.3846153846153847,autodp_combo_04_em_frequency|autodp_combo_06_drop_binary|autodp_combo_07_mf_frequency|autodp_ofat_normalization_decimal_scale,False,20,0.5256410256410258,0.14333769086537115,0.3846153846153847
D_276,276,36,0.6,0.7333333333333333,0.1333333333333333,autodp_combo_02_knn_binary|autodp_combo_03_mice_catboost|autodp_combo_11_random_frequency,False,13,0.6240740740740741,0.05698771316084857,0.33333333333333326
D_277,277,36,0.4,0.6666666666666666,0.2666666666666666,autodp_combo_02_knn_binary|autodp_combo_05_random_ordinal,False,13,0.4388888888888889,0.11902380714238084,0.5333333333333333
D_278,278,35,0.9333333333333332,1.0,0.06666666666666676,autodp_ofat_feature_selection_wrapper|autodp_ofat_normalization_minmax,False,2,0.8666666666666667,0.11710800875382396,0.4666666666666667
D_279,279,36,0.513,0.914,0.401,autodp_ofat_normalization_zscore,False,15,0.6233888888888888,0.15555247020749727,0.42800000000000005
D_285,285,36,0.7105263157894737,0.7368421052631579,0.02631578947368418,autodp_ofat_feature_selection_tree_based,False,1,0.625,0.09145026079821508,0.39473684210526316
D_300,300,36,0.95,0.95,0.0,autodp_00_baseline|autodp_ofat_duplicate_removal_approximate|autodp_ofat_duplicate_removal_exact|autodp_ofat_encoding_binary|autodp_ofat_encoding_catboost|autodp_ofat_encoding_frequency|autodp_ofat_encoding_ordinal|autodp_ofat_feature_selection_missing_ratio|autodp_ofat_imputation_drop|autodp_ofat_imputation_em|autodp_ofat_imputation_knn|autodp_ofat_imputation_mice|autodp_ofat_imputation_most_frequent|autodp_ofat_imputation_random|autodp_ofat_outlier_removal_iqr|autodp_ofat_outlier_removal_lof,True,0,0.8551111111111112,0.1428538059575005,0.45399999999999996
D_307,307,36,0.702020202020202,0.7121212121212122,0.010101010101010166,autodp_ofat_encoding_binary,False,3,0.6245791245791245,0.10859564594525346,0.43939393939393945
D_311,311,36,0.952127659574468,0.9680851063829788,0.015957446808510856,autodp_ofat_feature_selection_collinear|autodp_ofat_normalization_zscore,False,9,0.9429669030732861,0.037916141445493795,0.2127659574468086
D_312,312,36,0.9875518672199172,0.9875518672199172,0.0,autodp_00_baseline|autodp_combo_04_em_frequency|autodp_combo_07_mf_frequency|autodp_combo_11_random_frequency|autodp_ofat_duplicate_removal_approximate|autodp_ofat_duplicate_removal_exact|autodp_ofat_encoding_binary|autodp_ofat_feature_selection_collinear|autodp_ofat_feature_selection_missing_ratio|autodp_ofat_feature_selection_tree_based|autodp_ofat_feature_selection_wrapper|autodp_ofat_imputation_drop|autodp_ofat_imputation_em|autodp_ofat_imputation_knn|autodp_ofat_imputation_mice|autodp_ofat_imputation_most_frequent|autodp_ofat_imputation_random|autodp_ofat_normalization_decimal_scale|autodp_ofat_normalization_minmax|autodp_ofat_outlier_removal_iqr,True,0,0.9645573997233748,0.04258976435743889,0.13485477178423255
D_313,313,36,0.6041666666666666,0.625,0.02083333333333337,autodp_ofat_outlier_removal_lof|autodp_ofat_outlier_removal_zscore,False,2,0.48582175925925924,0.12736839939278627,0.39583333333333337
D_316,316,36,0.9855371900826446,0.9855371900826446,0.0,autodp_00_baseline|autodp_combo_02_knn_binary|autodp_combo_03_mice_catboost|autodp_combo_04_em_frequency|autodp_combo_06_drop_binary|autodp_combo_07_mf_frequency|autodp_combo_09_mice_ordinal|autodp_combo_10_em_binary|autodp_combo_11_random_frequency|autodp_combo_12_drop_catboost|autodp_combo_13_mf_binary|autodp_ofat_duplicate_removal_approximate|autodp_ofat_duplicate_removal_exact|autodp_ofat_encoding_binary|autodp_ofat_encoding_catboost|autodp_ofat_encoding_frequency|autodp_ofat_encoding_ordinal|autodp_ofat_feature_selection_collinear|autodp_ofat_feature_selection_missing_ratio|autodp_ofat_feature_selection_tree_based|autodp_ofat_feature_selection_wrapper|autodp_ofat_imputation_drop|autodp_ofat_imputation_em|autodp_ofat_imputation_knn|autodp_ofat_imputation_mice|autodp_ofat_imputation_most_frequent|autodp_ofat_imputation_random|autodp_ofat_normalization_decimal_scale|autodp_ofat_normalization_minmax|autodp_ofat_outlier_removal_iqr|autodp_ofat_outlier_removal_lof|autodp_ofat_outlier_removal_zscore,True,0,0.9849632690541781,0.0016594160117999312,0.006198347107438051
D_327,327,36,0.7619047619047619,0.7619047619047619,0.0,autodp_00_baseline|autodp_ofat_duplicate_removal_approximate|autodp_ofat_duplicate_removal_exact|autodp_ofat_feature_selection_collinear|autodp_ofat_feature_selection_missing_ratio|autodp_ofat_imputation_em|autodp_ofat_imputation_most_frequent|autodp_ofat_normalization_zscore,True,0,0.6494708994708994,0.09467610495689098,0.33333333333333337
D_328,328,36,0.7142857142857143,0.7142857142857143,0.0,autodp_00_baseline|autodp_ofat_duplicate_removal_approximate|autodp_ofat_duplicate_removal_exact|autodp_ofat_feature_selection_collinear|autodp_ofat_feature_selection_missing_ratio|autodp_ofat_feature_selection_tree_based|autodp_ofat_feature_selection_wrapper|autodp_ofat_imputation_em|autodp_ofat_imputation_knn|autodp_ofat_imputation_mice|autodp_ofat_imputation_most_frequent|autodp_ofat_normalization_decimal_scale|autodp_ofat_normalization_minmax|autodp_ofat_normalization_zscore|autodp_ofat_outlier_removal_iqr|autodp_ofat_outlier_removal_lof|autodp_ofat_outlier_removal_zscore,True,0,0.6349206349206349,0.0958971902666236,0.2857142857142858
D_329,329,36,0.5,0.5625,0.0625,autodp_combo_08_knn_catboost|autodp_combo_11_random_frequency|autodp_ofat_feature_selection_tree_based|autodp_ofat_feature_selection_wrapper,False,4,0.4852430555555556,0.04744223410395732,0.1875
D_333,333,36,0.7142857142857143,0.7321428571428571,0.017857142857142794,autodp_combo_06_drop_binary,False,1,0.6817956349206349,0.0611081114948735,0.2321428571428571
D_334,334,36,0.6115702479338843,0.6528925619834711,0.04132231404958686,autodp_combo_01_basic|autodp_combo_03_mice_catboost|autodp_combo_04_em_frequency|autodp_combo_05_random_ordinal|autodp_combo_06_drop_binary|autodp_combo_07_mf_frequency|autodp_combo_08_knn_catboost|autodp_combo_09_mice_ordinal|autodp_combo_10_em_binary|autodp_combo_11_random_frequency|autodp_combo_12_drop_catboost|autodp_combo_13_mf_binary|autodp_ofat_encoding_catboost|autodp_ofat_encoding_frequency|autodp_ofat_encoding_ordinal,False,16,0.6290174471992653,0.02022287928883865,0.04132231404958686
D_335,335,36,0.972972972972973,0.972972972972973,0.0,autodp_00_baseline|autodp_combo_02_knn_binary|autodp_combo_03_mice_catboost|autodp_combo_06_drop_binary|autodp_combo_08_knn_catboost|autodp_combo_12_drop_catboost|autodp_ofat_duplicate_removal_approximate|autodp_ofat_duplicate_removal_exact|autodp_ofat_encoding_binary|autodp_ofat_encoding_catboost|autodp_ofat_feature_selection_collinear|autodp_ofat_feature_selection_missing_ratio|autodp_ofat_feature_selection_tree_based|autodp_ofat_feature_selection_wrapper|autodp_ofat_imputation_drop|autodp_ofat_imputation_em|autodp_ofat_imputation_knn|autodp_ofat_imputation_mice|autodp_ofat_imputation_most_frequent|autodp_ofat_imputation_random|autodp_ofat_normalization_decimal_scale|autodp_ofat_normalization_minmax|autodp_ofat_normalization_zscore|autodp_ofat_outlier_removal_iqr|autodp_ofat_outlier_removal_lof|autodp_ofat_outlier_removal_zscore,True,0,0.8903903903903905,0.14729262894647985,0.45945945945945954
D_336,336,36,0.8703703703703703,0.8703703703703703,0.0,autodp_00_baseline|autodp_combo_01_basic|autodp_combo_05_random_ordinal|autodp_combo_11_random_frequency|autodp_ofat_duplicate_removal_approximate|autodp_ofat_duplicate_removal_exact|autodp_ofat_encoding_binary|autodp_ofat_encoding_ordinal|autodp_ofat_feature_selection_collinear|autodp_ofat_feature_selection_missing_ratio|autodp_ofat_feature_selection_tree_based|autodp_ofat_feature_selection_wrapper|autodp_ofat_imputation_drop|autodp_ofat_imputation_em|autodp_ofat_imputation_knn|autodp_ofat_imputation_mice|autodp_ofat_imputation_most_frequent|autodp_ofat_imputation_random|autodp_ofat_normalization_decimal_scale|autodp_ofat_normalization_minmax|autodp_ofat_normalization_zscore|autodp_ofat_outlier_removal_iqr|autodp_ofat_outlier_removal_lof|autodp_ofat_outlier_removal_zscore,True,0,0.8467078189300412,0.034812601472610345,0.11111111111111105
D_337,337,36,0.8285714285714286,0.8285714285714286,0.0,autodp_00_baseline|autodp_combo_05_random_ordinal|autodp_ofat_duplicate_removal_approximate|autodp_ofat_duplicate_removal_exact|autodp_ofat_encoding_binary|autodp_ofat_encoding_catboost|autodp_ofat_encoding_frequency|autodp_ofat_encoding_ordinal|autodp_ofat_feature_selection_collinear|autodp_ofat_feature_selection_missing_ratio|autodp_ofat_imputation_drop|autodp_ofat_imputation_em|autodp_ofat_imputation_knn|autodp_ofat_imputation_mice|autodp_ofat_imputation_most_frequent|autodp_ofat_imputation_random,True,0,0.7912698412698412,0.04607961386347553,0.15714285714285725
D_338,338,35,0.4516129032258064,0.5161290322580645,0.06451612903225812,autodp_ofat_feature_selection_tree_based|autodp_ofat_feature_selection_wrapper,False,2,0.4055299539170507,0.06779050893431626,0.2903225806451613
D_339,339,36,0.625,0.75,0.125,autodp_combo_06_drop_binary|autodp_ofat_normalization_decimal_scale|autodp_ofat_normalization_minmax|autodp_ofat_outlier_removal_iqr,False,4,0.6076388888888888,0.08412528777490083,0.375
D_340,340,36,0.5454545454545454,0.8181818181818182,0.2727272727272728,autodp_combo_02_knn_binary|autodp_ofat_normalization_minmax,False,17,0.6262626262626262,0.09767211922128141,0.36363636363636376
D_342,342,36,0.7,0.9,0.20000000000000007,autodp_combo_10_em_binary|autodp_combo_12_drop_catboost|autodp_combo_13_mf_binary,False,10,0.7305555555555555,0.0738596433350463,0.4
D_343,343,36,0.6666666666666666,0.9166666666666666,0.25,autodp_combo_05_random_ordinal|autodp_combo_09_mice_ordinal|autodp_ofat_normalization_minmax|autodp_ofat_normalization_zscore,False,10,0.6944444444444445,0.10577462647033208,0.41666666666666663
D_346,346,36,0.5,0.7,0.19999999999999996,autodp_ofat_duplicate_removal_approximate|autodp_ofat_outlier_removal_zscore,False,4,0.49444444444444435,0.07432826755699808,0.39999999999999997
D_373,373,36,0.448,0.471,0.022999999999999965,autodp_ofat_normalization_zscore,False,3,0.37255555555555553,0.08343175669186978,0.20799999999999996
D_375,375,36,0.91,0.929,0.019000000000000017,autodp_combo_01_basic,False,5,0.8785277777777778,0.051695414642516695,0.19600000000000006
D_377,377,36,0.9583333333333334,1.0,0.04166666666666663,autodp_combo_02_knn_binary|autodp_combo_05_random_ordinal|autodp_combo_09_mice_ordinal|autodp_ofat_normalization_minmax|autodp_ofat_normalization_zscore,False,11,0.9553240740740743,0.043883296838622,0.22499999999999998
D_378,378,33,0.807,0.834,0.026999999999999913,autodp_combo_03_mice_catboost,False,7,0.8051515151515152,0.013450518097763186,0.07199999999999995
D_381,381,33,0.795,0.811,0.016000000000000014,autodp_ofat_encoding_catboost,False,2,0.7868787878787878,0.012581269328835699,0.05400000000000005
D_382,382,33,0.445,0.473,0.02799999999999997,autodp_ofat_encoding_catboost,False,9,0.44087878787878787,0.014322598324786825,0.07699999999999996
D_443,443,36,0.8333333333333334,0.8333333333333334,0.0,autodp_00_baseline|autodp_combo_11_random_frequency|autodp_ofat_duplicate_removal_approximate|autodp_ofat_duplicate_removal_exact|autodp_ofat_encoding_binary|autodp_ofat_feature_selection_collinear|autodp_ofat_feature_selection_missing_ratio|autodp_ofat_imputation_em|autodp_ofat_imputation_knn|autodp_ofat_imputation_most_frequent|autodp_ofat_imputation_random|autodp_ofat_outlier_removal_iqr|autodp_ofat_outlier_removal_lof|autodp_ofat_outlier_removal_zscore,True,0,0.7746913580246912,0.05062104773721215,0.11111111111111116
D_444,444,36,0.8518518518518519,0.8518518518518519,0.0,autodp_00_baseline|autodp_ofat_duplicate_removal_approximate|autodp_ofat_duplicate_removal_exact|autodp_ofat_feature_selection_collinear|autodp_ofat_feature_selection_missing_ratio|autodp_ofat_feature_selection_tree_based|autodp_ofat_feature_selection_wrapper|autodp_ofat_imputation_drop|autodp_ofat_imputation_em|autodp_ofat_imputation_knn|autodp_ofat_imputation_mice|autodp_ofat_imputation_most_frequent|autodp_ofat_imputation_random|autodp_ofat_normalization_decimal_scale|autodp_ofat_normalization_minmax|autodp_ofat_normalization_zscore|autodp_ofat_outlier_removal_iqr|autodp_ofat_outlier_removal_lof|autodp_ofat_outlier_removal_zscore,True,0,0.741769547325103,0.13281968710038516,0.37037037037037046
D_446,446,36,1.0,1.0,0.0,autodp_00_baseline|autodp_ofat_duplicate_removal_approximate|autodp_ofat_duplicate_removal_exact|autodp_ofat_encoding_binary|autodp_ofat_encoding_catboost|autodp_ofat_encoding_frequency|autodp_ofat_encoding_ordinal|autodp_ofat_feature_selection_missing_ratio|autodp_ofat_feature_selection_wrapper|autodp_ofat_imputation_drop|autodp_ofat_imputation_em|autodp_ofat_imputation_knn|autodp_ofat_imputation_mice|autodp_ofat_imputation_most_frequent|autodp_ofat_imputation_random|autodp_ofat_outlier_removal_iqr|autodp_ofat_outlier_removal_lof|autodp_ofat_outlier_removal_zscore,True,0,0.9125000000000001,0.1524681205294332,0.725
D_448,448,36,0.6666666666666666,0.7916666666666666,0.125,autodp_combo_03_mice_catboost|autodp_combo_06_drop_binary|autodp_combo_08_knn_catboost,False,8,0.6712962962962963,0.050820598148379977,0.29166666666666663
D_450,450,36,0.9622641509433962,0.9622641509433962,0.0,autodp_00_baseline|autodp_combo_01_basic|autodp_combo_03_mice_catboost|autodp_combo_05_random_ordinal|autodp_ofat_duplicate_removal_approximate|autodp_ofat_duplicate_removal_exact|autodp_ofat_encoding_binary|autodp_ofat_encoding_catboost|autodp_ofat_encoding_frequency|autodp_ofat_encoding_ordinal|autodp_ofat_feature_selection_collinear|autodp_ofat_feature_selection_missing_ratio|autodp_ofat_feature_selection_tree_based|autodp_ofat_feature_selection_wrapper|autodp_ofat_imputation_drop|autodp_ofat_imputation_em|autodp_ofat_imputation_knn|autodp_ofat_imputation_mice|autodp_ofat_imputation_most_frequent|autodp_ofat_imputation_random|autodp_ofat_normalization_zscore|autodp_ofat_outlier_removal_iqr|autodp_ofat_outlier_removal_lof|autodp_ofat_outlier_removal_zscore,True,0,0.9507337526205453,0.01680421335626985,0.037735849056603876
D_451,451,36,0.98,1.0,0.020000000000000018,autodp_ofat_imputation_random,False,2,0.9002777777777778,0.11919838997586965,0.37
D_452,452,36,0.5087719298245614,0.5964912280701754,0.08771929824561397,autodp_combo_08_knn_catboost,False,10,0.49805068226120863,0.043816309537990324,0.21052631578947373
D_453,453,36,0.4166666666666667,0.75,0.3333333333333333,autodp_combo_12_drop_catboost,False,15,0.46990740740740744,0.0965308308425604,0.4166666666666667
D_454,454,36,0.9291044776119404,0.9626865671641792,0.03358208955223885,autodp_combo_02_knn_binary|autodp_combo_05_random_ordinal|autodp_combo_08_knn_catboost|autodp_ofat_normalization_zscore,False,14,0.9338723051409619,0.015796781602837758,0.05597014925373145
D_455,455,36,0.7804878048780488,0.7926829268292683,0.012195121951219523,autodp_ofat_outlier_removal_iqr,False,1,0.7334010840108401,0.04509747906076874,0.1585365853658537
D_457,457,36,0.8,0.8,0.0,autodp_00_baseline|autodp_combo_01_basic|autodp_ofat_duplicate_removal_approximate|autodp_ofat_duplicate_removal_exact|autodp_ofat_encoding_binary|autodp_ofat_encoding_catboost|autodp_ofat_encoding_frequency|autodp_ofat_encoding_ordinal|autodp_ofat_feature_selection_collinear|autodp_ofat_feature_selection_missing_ratio|autodp_ofat_imputation_drop|autodp_ofat_imputation_em|autodp_ofat_imputation_knn|autodp_ofat_imputation_mice|autodp_ofat_imputation_most_frequent|autodp_ofat_imputation_random|autodp_ofat_outlier_removal_iqr|autodp_ofat_outlier_removal_lof|autodp_ofat_outlier_removal_zscore,True,0,0.6444444444444444,0.17708197167232476,0.4
D_458,458,36,1.0,1.0,0.0,autodp_00_baseline|autodp_combo_02_knn_binary|autodp_combo_05_random_ordinal|autodp_combo_08_knn_catboost|autodp_combo_09_mice_ordinal|autodp_combo_12_drop_catboost|autodp_ofat_duplicate_removal_approximate|autodp_ofat_duplicate_removal_exact|autodp_ofat_encoding_binary|autodp_ofat_encoding_catboost|autodp_ofat_encoding_frequency|autodp_ofat_encoding_ordinal|autodp_ofat_feature_selection_collinear|autodp_ofat_feature_selection_missing_ratio|autodp_ofat_feature_selection_tree_based|autodp_ofat_imputation_drop|autodp_ofat_imputation_em|autodp_ofat_imputation_knn|autodp_ofat_imputation_mice|autodp_ofat_imputation_most_frequent|autodp_ofat_imputation_random|autodp_ofat_normalization_decimal_scale|autodp_ofat_normalization_minmax|autodp_ofat_normalization_zscore|autodp_ofat_outlier_removal_lof|autodp_ofat_outlier_removal_zscore,True,0,0.9802761341222878,0.03344344173138687,0.10059171597633132
D_459,459,36,0.7647058823529411,0.8235294117647058,0.05882352941176472,autodp_combo_01_basic|autodp_combo_05_random_ordinal|autodp_combo_09_mice_ordinal|autodp_ofat_encoding_ordinal,False,4,0.735294117647059,0.06277572781796908,0.23529411764705876
D_461,461,36,1.0,1.0,0.0,autodp_00_baseline|autodp_ofat_duplicate_removal_approximate|autodp_ofat_duplicate_removal_exact|autodp_ofat_encoding_binary|autodp_ofat_encoding_catboost|autodp_ofat_encoding_frequency|autodp_ofat_encoding_ordinal|autodp_ofat_feature_selection_collinear|autodp_ofat_feature_selection_missing_ratio|autodp_ofat_feature_selection_tree_based|autodp_ofat_feature_selection_wrapper|autodp_ofat_imputation_drop|autodp_ofat_imputation_em|autodp_ofat_imputation_knn|autodp_ofat_imputation_mice|autodp_ofat_imputation_most_frequent|autodp_ofat_imputation_random|autodp_ofat_outlier_removal_iqr|autodp_ofat_outlier_removal_lof|autodp_ofat_outlier_removal_zscore,True,0,0.9125000000000001,0.11078946500256942,0.30000000000000004
D_462,462,36,1.0,1.0,0.0,autodp_00_baseline|autodp_combo_01_basic|autodp_combo_05_random_ordinal|autodp_combo_11_random_frequency|autodp_ofat_duplicate_removal_approximate|autodp_ofat_duplicate_removal_exact|autodp_ofat_encoding_binary|autodp_ofat_encoding_catboost|autodp_ofat_encoding_frequency|autodp_ofat_encoding_ordinal|autodp_ofat_feature_selection_collinear|autodp_ofat_feature_selection_missing_ratio|autodp_ofat_feature_selection_tree_based|autodp_ofat_feature_selection_wrapper|autodp_ofat_imputation_drop|autodp_ofat_imputation_em|autodp_ofat_imputation_knn|autodp_ofat_imputation_mice|autodp_ofat_imputation_most_frequent|autodp_ofat_imputation_random|autodp_ofat_normalization_zscore|autodp_ofat_outlier_removal_iqr|autodp_ofat_outlier_removal_lof|autodp_ofat_outlier_removal_zscore,True,0,0.9277777777777777,0.10700755713476791,0.4
D_463,463,36,0.8611111111111112,0.8888888888888888,0.02777777777777768,autodp_combo_03_mice_catboost|autodp_ofat_encoding_binary|autodp_ofat_feature_selection_tree_based,False,3,0.8603395061728395,0.016674523753838193,0.11111111111111105
D_464,464,36,0.88,0.92,0.040000000000000036,autodp_combo_01_basic|autodp_combo_05_random_ordinal|autodp_ofat_normalization_zscore,False,10,0.8538888888888889,0.09175080313840969,0.32000000000000006
D_465,465,36,0.8,0.9,0.09999999999999998,autodp_combo_11_random_frequency|autodp_ofat_normalization_zscore,False,7,0.7777777777777778,0.061739196585813526,0.30000000000000004
D_466,466,36,0.7205882352941176,0.7647058823529411,0.044117647058823484,autodp_combo_02_knn_binary,False,6,0.6625816993464054,0.07703602888145428,0.25
D_467,467,36,0.6363636363636364,0.8181818181818182,0.18181818181818188,autodp_combo_02_knn_binary,False,8,0.6565656565656566,0.048442742659724466,0.2727272727272728
D_468,468,36,0.8666666666666667,0.9333333333333332,0.06666666666666654,autodp_combo_01_basic|autodp_combo_05_random_ordinal|autodp_ofat_feature_selection_wrapper|autodp_ofat_normalization_zscore,False,4,0.8203703703703705,0.09404417722662685,0.46666666666666656
D_469,469,36,0.2,0.2375,0.03749999999999998,autodp_combo_01_basic|autodp_combo_05_random_ordinal,False,11,0.20243055555555556,0.0168787147260231,0.06874999999999998
D_470,470,36,0.7185185185185186,0.7333333333333333,0.014814814814814725,autodp_combo_11_random_frequency,False,1,0.6765432098765434,0.05392673992059642,0.2740740740740741
D_472,472,36,0.8333333333333334,0.8888888888888888,0.05555555555555547,autodp_combo_01_basic|autodp_combo_02_knn_binary|autodp_combo_06_drop_binary|autodp_combo_09_mice_ordinal|autodp_combo_11_random_frequency|autodp_combo_12_drop_catboost|autodp_ofat_normalization_minmax,False,7,0.7993827160493827,0.08713329761415495,0.2777777777777777
D_474,474,36,0.5068493150684932,0.5753424657534246,0.06849315068493145,autodp_combo_10_em_binary|autodp_combo_13_mf_binary,False,13,0.5175038051750381,0.02216167393997113,0.0958904109589041
D_475,475,36,0.3625,0.4625,0.10000000000000003,autodp_combo_08_knn_catboost,False,6,0.3413194444444444,0.06433550868275725,0.3125
D_476,476,36,1.0,1.0,0.0,autodp_00_baseline|autodp_combo_01_basic|autodp_combo_02_knn_binary|autodp_combo_03_mice_catboost|autodp_combo_05_random_ordinal|autodp_combo_06_drop_binary|autodp_combo_08_knn_catboost|autodp_combo_09_mice_ordinal|autodp_combo_11_random_frequency|autodp_combo_12_drop_catboost|autodp_ofat_duplicate_removal_approximate|autodp_ofat_duplicate_removal_exact|autodp_ofat_encoding_binary|autodp_ofat_encoding_catboost|autodp_ofat_encoding_frequency|autodp_ofat_encoding_ordinal|autodp_ofat_feature_selection_collinear|autodp_ofat_feature_selection_missing_ratio|autodp_ofat_feature_selection_tree_based|autodp_ofat_feature_selection_wrapper|autodp_ofat_imputation_drop|autodp_ofat_imputation_em|autodp_ofat_imputation_knn|autodp_ofat_imputation_mice|autodp_ofat_imputation_most_frequent|autodp_ofat_imputation_random|autodp_ofat_normalization_decimal_scale|autodp_ofat_normalization_minmax|autodp_ofat_normalization_zscore|autodp_ofat_outlier_removal_iqr|autodp_ofat_outlier_removal_lof|autodp_ofat_outlier_removal_zscore,True,0,0.9666666666666666,0.1,0.4
D_477,477,36,0.7692307692307693,1.0,0.23076923076923073,autodp_combo_01_basic|autodp_combo_05_random_ordinal,False,5,0.7564102564102566,0.08600261451922268,0.3846153846153846
D_479,479,36,0.8947368421052632,0.9473684210526316,0.052631578947368474,autodp_combo_01_basic,False,1,0.8508771929824563,0.050390900408228315,0.21052631578947378
D_480,480,35,0.9166666666666666,0.9166666666666666,0.0,autodp_00_baseline|autodp_combo_02_knn_binary|autodp_combo_03_mice_catboost|autodp_combo_05_random_ordinal|autodp_combo_08_knn_catboost|autodp_combo_09_mice_ordinal|autodp_ofat_duplicate_removal_approximate|autodp_ofat_duplicate_removal_exact|autodp_ofat_encoding_binary|autodp_ofat_encoding_catboost|autodp_ofat_encoding_frequency|autodp_ofat_encoding_ordinal|autodp_ofat_feature_selection_collinear|autodp_ofat_feature_selection_missing_ratio|autodp_ofat_feature_selection_tree_based|autodp_ofat_feature_selection_wrapper|autodp_ofat_imputation_drop|autodp_ofat_imputation_em|autodp_ofat_imputation_knn|autodp_ofat_imputation_mice|autodp_ofat_imputation_most_frequent|autodp_ofat_imputation_random|autodp_ofat_normalization_minmax|autodp_ofat_normalization_zscore|autodp_ofat_outlier_removal_lof|autodp_ofat_outlier_removal_zscore,True,0,0.8642857142857143,0.09571310115353229,0.25
D_481,481,36,0.8571428571428571,0.9523809523809524,0.09523809523809534,autodp_ofat_normalization_zscore,False,14,0.8465608465608465,0.06360219724958364,0.23809523809523814
D_488,488,36,0.8362068965517241,0.853448275862069,0.017241379310344862,autodp_ofat_outlier_removal_lof,False,1,0.8081896551724138,0.026287606987833317,0.11637931034482762
D_554,554,36,0.898,0.909,0.01100000000000001,autodp_combo_01_basic|autodp_ofat_normalization_zscore,False,6,0.8148333333333333,0.13489347649163763,0.42500000000000004
D_679,679,36,0.4390243902439024,0.4780487804878048,0.03902439024390242,autodp_ofat_normalization_minmax,False,8,0.412330623306233,0.05212753153631155,0.1951219512195122
D_682,682,36,0.8888888888888888,0.9444444444444444,0.05555555555555558,autodp_combo_01_basic|autodp_combo_08_knn_catboost,False,2,0.8364197530864197,0.09881364563939578,0.33333333333333326
D_683,683,36,0.75,0.8333333333333334,0.08333333333333337,autodp_combo_09_mice_ordinal|autodp_ofat_normalization_minmax,False,2,0.7337962962962963,0.04738307752421002,0.25
D_685,685,36,0.1923076923076923,0.4615384615384615,0.2692307692307692,autodp_ofat_encoding_ordinal,False,14,0.23397435897435892,0.09987459263386464,0.4615384615384615
D_694,694,36,1.0,1.0,0.0,autodp_00_baseline|autodp_ofat_duplicate_removal_approximate|autodp_ofat_duplicate_removal_exact|autodp_ofat_encoding_binary|autodp_ofat_encoding_catboost|autodp_ofat_encoding_frequency|autodp_ofat_encoding_ordinal|autodp_ofat_feature_selection_missing_ratio|autodp_ofat_imputation_drop|autodp_ofat_imputation_em|autodp_ofat_imputation_knn|autodp_ofat_imputation_mice|autodp_ofat_imputation_most_frequent|autodp_ofat_imputation_random|autodp_ofat_outlier_removal_iqr|autodp_ofat_outlier_removal_lof|autodp_ofat_outlier_removal_zscore,True,0,0.796146953405018,0.23355103496148008,0.6451612903225806
D_713,713,36,0.9090909090909092,0.9090909090909092,0.0,autodp_00_baseline|autodp_combo_03_mice_catboost|autodp_combo_08_knn_catboost|autodp_combo_11_random_frequency|autodp_ofat_duplicate_removal_approximate|autodp_ofat_duplicate_removal_exact|autodp_ofat_encoding_binary|autodp_ofat_encoding_catboost|autodp_ofat_encoding_frequency|autodp_ofat_encoding_ordinal|autodp_ofat_feature_selection_collinear|autodp_ofat_feature_selection_missing_ratio|autodp_ofat_feature_selection_tree_based|autodp_ofat_feature_selection_wrapper|autodp_ofat_imputation_drop|autodp_ofat_imputation_em|autodp_ofat_imputation_knn|autodp_ofat_imputation_mice|autodp_ofat_imputation_most_frequent|autodp_ofat_imputation_random|autodp_ofat_outlier_removal_iqr|autodp_ofat_outlier_removal_lof|autodp_ofat_outlier_removal_zscore,True,0,0.8560606060606061,0.08670850865348181,0.2727272727272728
D_714,714,36,0.6,0.76,0.16000000000000003,autodp_combo_08_knn_catboost,False,11,0.6177777777777779,0.05533288710217214,0.36
D_715,715,36,0.65,0.695,0.04499999999999993,autodp_combo_04_em_frequency|autodp_combo_12_drop_catboost,False,16,0.6590277777777778,0.015129966789842216,0.06499999999999995
D_716,716,36,0.6,0.8,0.20000000000000007,autodp_ofat_feature_selection_wrapper,False,3,0.602777777777778,0.051294959201720516,0.30000000000000004
D_717,717,36,0.9117647058823528,0.9509803921568628,0.03921568627451,autodp_ofat_feature_selection_wrapper,False,10,0.9030501089324616,0.04196374789598739,0.23529411764705888
D_718,718,36,0.7,0.705,0.0050000000000000044,autodp_ofat_feature_selection_wrapper,False,1,0.6844444444444444,0.018958206145279474,0.06999999999999995
D_719,719,36,0.75,0.8571428571428571,0.1071428571428571,autodp_combo_06_drop_binary|autodp_combo_08_knn_catboost,False,4,0.7222222222222222,0.058992336298882946,0.25
D_720,720,36,0.7811004784688995,0.7942583732057417,0.013157894736842146,autodp_ofat_normalization_zscore,False,4,0.7714646464646465,0.015682443284283885,0.061004784688995284
D_721,721,36,0.975,0.975,0.0,autodp_00_baseline|autodp_combo_01_basic|autodp_combo_02_knn_binary|autodp_combo_05_random_ordinal|autodp_combo_09_mice_ordinal|autodp_ofat_duplicate_removal_approximate|autodp_ofat_duplicate_removal_exact|autodp_ofat_encoding_binary|autodp_ofat_encoding_catboost|autodp_ofat_encoding_frequency|autodp_ofat_encoding_ordinal|autodp_ofat_feature_selection_collinear|autodp_ofat_feature_selection_missing_ratio|autodp_ofat_feature_selection_wrapper|autodp_ofat_imputation_drop|autodp_ofat_imputation_em|autodp_ofat_imputation_knn|autodp_ofat_imputation_mice|autodp_ofat_imputation_most_frequent|autodp_ofat_imputation_random|autodp_ofat_normalization_minmax|autodp_ofat_normalization_zscore|autodp_ofat_outlier_removal_iqr|autodp_ofat_outlier_removal_lof|autodp_ofat_outlier_removal_zscore,True,0,0.9659722222222223,0.015759452385986417,0.07499999999999996
D_722,722,36,0.89,0.905,0.015000000000000013,autodp_combo_02_knn_binary,False,8,0.8309722222222222,0.10362043076941685,0.406
D_723,723,36,0.64,0.665,0.025000000000000022,autodp_combo_08_knn_catboost|autodp_ofat_feature_selection_wrapper,False,5,0.6377777777777779,0.0120441574381549,0.06000000000000005
D_724,724,35,0.7553191489361702,0.7978723404255319,0.04255319148936165,autodp_combo_05_random_ordinal,False,11,0.7212765957446808,0.08040993078125849,0.24468085106382975
D_725,725,36,0.937,0.942,0.004999999999999893,autodp_combo_03_mice_catboost|autodp_combo_08_knn_catboost|autodp_combo_11_random_frequency,False,12,0.9255000000000001,0.04059248698958958,0.15899999999999992
D_726,726,36,0.75,0.75,0.0,autodp_00_baseline|autodp_combo_01_basic|autodp_combo_05_random_ordinal|autodp_combo_11_random_frequency|autodp_ofat_duplicate_removal_approximate|autodp_ofat_duplicate_removal_exact|autodp_ofat_encoding_binary|autodp_ofat_encoding_catboost|autodp_ofat_encoding_frequency|autodp_ofat_encoding_ordinal|autodp_ofat_feature_selection_collinear|autodp_ofat_feature_selection_missing_ratio|autodp_ofat_imputation_drop|autodp_ofat_imputation_em|autodp_ofat_imputation_knn|autodp_ofat_imputation_mice|autodp_ofat_imputation_most_frequent|autodp_ofat_imputation_random|autodp_ofat_normalization_zscore|autodp_ofat_outlier_removal_iqr|autodp_ofat_outlier_removal_lof|autodp_ofat_outlier_removal_zscore,True,0,0.7055555555555557,0.06431020501550125,0.19999999999999996
D_727,727,36,0.825,0.825,0.0,autodp_00_baseline|autodp_combo_02_knn_binary|autodp_combo_07_mf_frequency|autodp_combo_09_mice_ordinal|autodp_combo_10_em_binary|autodp_combo_13_mf_binary|autodp_ofat_encoding_binary|autodp_ofat_encoding_catboost|autodp_ofat_encoding_frequency|autodp_ofat_encoding_ordinal|autodp_ofat_feature_selection_collinear|autodp_ofat_feature_selection_missing_ratio|autodp_ofat_imputation_drop|autodp_ofat_imputation_em|autodp_ofat_imputation_knn|autodp_ofat_imputation_mice|autodp_ofat_imputation_most_frequent|autodp_ofat_imputation_random|autodp_ofat_normalization_minmax|autodp_ofat_outlier_removal_iqr|autodp_ofat_outlier_removal_lof|autodp_ofat_outlier_removal_zscore,True,0,0.8221666666666666,0.004907477288111805,0.0129999999999999
D_729,729,36,1.0,1.0,0.0,autodp_00_baseline|autodp_ofat_duplicate_removal_approximate|autodp_ofat_duplicate_removal_exact|autodp_ofat_encoding_binary|autodp_ofat_encoding_catboost|autodp_ofat_encoding_frequency|autodp_ofat_encoding_ordinal|autodp_ofat_feature_selection_collinear|autodp_ofat_feature_selection_missing_ratio|autodp_ofat_imputation_drop|autodp_ofat_imputation_em|autodp_ofat_imputation_knn|autodp_ofat_imputation_mice|autodp_ofat_imputation_most_frequent|autodp_ofat_imputation_random|autodp_ofat_outlier_removal_iqr|autodp_ofat_outlier_removal_lof|autodp_ofat_outlier_removal_zscore,True,0,0.8858024691358026,0.16456725292306515,0.5555555555555556
D_730,730,36,0.56,0.66,0.09999999999999998,autodp_combo_07_mf_frequency|autodp_combo_10_em_binary|autodp_combo_13_mf_binary|autodp_ofat_normalization_decimal_scale,False,9,0.5744444444444445,0.03639630967590932,0.12
D_731,731,36,0.75,0.8,0.050000000000000044,autodp_combo_01_basic|autodp_combo_03_mice_catboost|autodp_combo_05_random_ordinal|autodp_combo_08_knn_catboost|autodp_combo_09_mice_ordinal|autodp_combo_11_random_frequency|autodp_ofat_feature_selection_tree_based|autodp_ofat_feature_selection_wrapper|autodp_ofat_normalization_decimal_scale|autodp_ofat_normalization_minmax,False,10,0.7638888888888888,0.02239516041194043,0.050000000000000044
D_732,732,36,0.82,0.82,0.0,autodp_00_baseline|autodp_combo_01_basic|autodp_combo_05_random_ordinal|autodp_ofat_duplicate_removal_approximate|autodp_ofat_duplicate_removal_exact|autodp_ofat_encoding_binary|autodp_ofat_encoding_catboost|autodp_ofat_encoding_frequency|autodp_ofat_encoding_ordinal|autodp_ofat_feature_selection_collinear|autodp_ofat_feature_selection_missing_ratio|autodp_ofat_imputation_drop|autodp_ofat_imputation_em|autodp_ofat_imputation_knn|autodp_ofat_imputation_mice|autodp_ofat_imputation_most_frequent|autodp_ofat_imputation_random|autodp_ofat_normalization_zscore|autodp_ofat_outlier_removal_iqr|autodp_ofat_outlier_removal_lof|autodp_ofat_outlier_removal_zscore,True,0,0.7916666666666665,0.0440643468880076,0.1399999999999999
D_733,733,36,0.9523809523809524,0.9761904761904762,0.023809523809523725,autodp_combo_01_basic,False,1,0.9272486772486772,0.05202635036851097,0.2142857142857143
D_736,736,36,0.7391304347826086,0.7391304347826086,0.0,autodp_00_baseline|autodp_ofat_duplicate_removal_approximate|autodp_ofat_duplicate_removal_exact|autodp_ofat_encoding_binary|autodp_ofat_encoding_catboost|autodp_ofat_encoding_frequency|autodp_ofat_encoding_ordinal|autodp_ofat_feature_selection_collinear|autodp_ofat_feature_selection_missing_ratio|autodp_ofat_feature_selection_tree_based|autodp_ofat_feature_selection_wrapper|autodp_ofat_imputation_drop|autodp_ofat_imputation_em|autodp_ofat_imputation_knn|autodp_ofat_imputation_mice|autodp_ofat_imputation_most_frequent|autodp_ofat_imputation_random|autodp_ofat_outlier_removal_iqr|autodp_ofat_outlier_removal_lof|autodp_ofat_outlier_removal_zscore,True,0,0.7185990338164251,0.024003148447284753,0.08695652173913038
D_738,738,36,0.8205128205128205,0.8717948717948718,0.05128205128205132,autodp_combo_02_knn_binary|autodp_combo_06_drop_binary|autodp_ofat_encoding_binary|autodp_ofat_encoding_frequency,False,14,0.8205128205128206,0.053717115769130484,0.2564102564102564
D_739,739,36,0.7692307692307693,0.7692307692307693,0.0,autodp_00_baseline|autodp_combo_11_random_frequency|autodp_combo_12_drop_catboost|autodp_ofat_duplicate_removal_approximate|autodp_ofat_duplicate_removal_exact|autodp_ofat_encoding_binary|autodp_ofat_encoding_catboost|autodp_ofat_encoding_frequency|autodp_ofat_encoding_ordinal|autodp_ofat_feature_selection_collinear|autodp_ofat_feature_selection_missing_ratio|autodp_ofat_feature_selection_wrapper|autodp_ofat_imputation_em|autodp_ofat_imputation_mice|autodp_ofat_imputation_most_frequent|autodp_ofat_imputation_random|autodp_ofat_normalization_decimal_scale,True,0,0.7158119658119659,0.062333128828268476,0.23076923076923084
D_740,740,36,0.72,0.725,0.0050000000000000044,autodp_ofat_feature_selection_tree_based,False,1,0.6952777777777778,0.033890027303283235,0.09999999999999998
D_741,741,36,0.6682926829268293,0.6829268292682927,0.014634146341463428,autodp_combo_03_mice_catboost|autodp_combo_11_random_frequency|autodp_ofat_encoding_ordinal,False,11,0.6483739837398376,0.05509742361461385,0.18048780487804883
D_742,742,36,0.58,0.68,0.10000000000000009,autodp_combo_08_knn_catboost|autodp_ofat_feature_selection_wrapper,False,15,0.5983333333333332,0.03337497399083466,0.13
D_743,743,36,0.56,0.575,0.014999999999999902,autodp_combo_04_em_frequency,False,5,0.5590277777777778,0.0066478321909857144,0.029999999999999916
D_744,744,36,0.72,0.74,0.020000000000000018,autodp_combo_01_basic|autodp_combo_04_em_frequency|autodp_combo_05_random_ordinal|autodp_combo_08_knn_catboost|autodp_ofat_outlier_removal_iqr|autodp_ofat_outlier_removal_lof|autodp_ofat_outlier_removal_zscore,False,7,0.713888888888889,0.023006976934276283,0.09999999999999998
D_745,745,36,1.0,1.0,0.0,autodp_00_baseline|autodp_combo_02_knn_binary|autodp_combo_05_random_ordinal|autodp_combo_09_mice_ordinal|autodp_combo_12_drop_catboost|autodp_ofat_duplicate_removal_approximate|autodp_ofat_duplicate_removal_exact|autodp_ofat_encoding_binary|autodp_ofat_encoding_catboost|autodp_ofat_encoding_frequency|autodp_ofat_encoding_ordinal|autodp_ofat_feature_selection_collinear|autodp_ofat_feature_selection_missing_ratio|autodp_ofat_feature_selection_tree_based|autodp_ofat_feature_selection_wrapper|autodp_ofat_imputation_drop|autodp_ofat_imputation_em|autodp_ofat_imputation_knn|autodp_ofat_imputation_mice|autodp_ofat_imputation_most_frequent|autodp_ofat_imputation_random|autodp_ofat_normalization_minmax|autodp_ofat_normalization_zscore|autodp_ofat_outlier_removal_lof|autodp_ofat_outlier_removal_zscore,True,0,0.9505208333333334,0.10708794372370879,0.34375
D_746,746,36,0.54,0.62,0.07999999999999996,autodp_combo_06_drop_binary|autodp_combo_07_mf_frequency|autodp_combo_10_em_binary|autodp_combo_13_mf_binary|autodp_ofat_normalization_decimal_scale,False,12,0.5561111111111112,0.030484766485153202,0.09999999999999998
D_747,747,36,0.9411764705882352,0.9411764705882352,0.0,autodp_00_baseline|autodp_combo_02_knn_binary|autodp_ofat_duplicate_removal_approximate|autodp_ofat_duplicate_removal_exact|autodp_ofat_encoding_binary|autodp_ofat_feature_selection_collinear|autodp_ofat_feature_selection_missing_ratio|autodp_ofat_feature_selection_tree_based|autodp_ofat_feature_selection_wrapper|autodp_ofat_imputation_drop|autodp_ofat_imputation_em|autodp_ofat_imputation_knn|autodp_ofat_imputation_mice|autodp_ofat_imputation_most_frequent|autodp_ofat_imputation_random|autodp_ofat_normalization_decimal_scale|autodp_ofat_normalization_minmax|autodp_ofat_normalization_zscore|autodp_ofat_outlier_removal_iqr|autodp_ofat_outlier_removal_lof|autodp_ofat_outlier_removal_zscore,True,0,0.9003267973856208,0.06249866502910218,0.17647058823529405
D_748,748,36,0.8181818181818182,0.8484848484848485,0.030303030303030276,autodp_combo_05_random_ordinal|autodp_combo_11_random_frequency|autodp_ofat_outlier_removal_iqr,False,3,0.7971380471380471,0.03411947508335227,0.1515151515151515
D_749,749,36,0.72,0.72,0.0,autodp_00_baseline|autodp_combo_05_random_ordinal|autodp_ofat_duplicate_removal_approximate|autodp_ofat_duplicate_removal_exact|autodp_ofat_encoding_binary|autodp_ofat_encoding_catboost|autodp_ofat_encoding_frequency|autodp_ofat_encoding_ordinal|autodp_ofat_feature_selection_collinear|autodp_ofat_feature_selection_missing_ratio|autodp_ofat_imputation_drop|autodp_ofat_imputation_em|autodp_ofat_imputation_knn|autodp_ofat_imputation_mice|autodp_ofat_imputation_most_frequent|autodp_ofat_imputation_random|autodp_ofat_normalization_zscore|autodp_ofat_outlier_removal_lof|autodp_ofat_outlier_removal_zscore,True,0,0.6894444444444444,0.03635812949323592,0.09999999999999998
D_750,750,36,0.57,0.61,0.040000000000000036,autodp_combo_03_mice_catboost|autodp_ofat_feature_selection_tree_based|autodp_ofat_feature_selection_wrapper,False,9,0.5688888888888889,0.0252518181719189,0.09999999999999998
D_751,751,36,0.645,0.665,0.020000000000000018,autodp_combo_02_knn_binary|autodp_combo_09_mice_ordinal|autodp_ofat_normalization_minmax,False,3,0.6418055555555556,0.009940991020473562,0.04500000000000004
D_753,753,36,0.5384615384615384,0.5641025641025641,0.02564102564102566,autodp_combo_10_em_binary,False,1,0.5049857549857548,0.04308380950095901,0.1538461538461539
D_754,754,36,0.7,0.8,0.10000000000000009,autodp_combo_02_knn_binary|autodp_combo_03_mice_catboost|autodp_combo_06_drop_binary|autodp_combo_08_knn_catboost|autodp_combo_09_mice_ordinal|autodp_combo_11_random_frequency|autodp_combo_12_drop_catboost|autodp_ofat_feature_selection_tree_based|autodp_ofat_normalization_minmax,False,13,0.7263888888888889,0.0492810972200283,0.20000000000000007
D_755,755,36,0.8461538461538461,0.9230769230769232,0.0769230769230771,autodp_combo_11_random_frequency|autodp_ofat_feature_selection_tree_based,False,2,0.7863247863247863,0.1345984251967831,0.46153846153846173
D_756,756,36,1.0,1.0,0.0,autodp_00_baseline|autodp_combo_02_knn_binary|autodp_combo_06_drop_binary|autodp_combo_09_mice_ordinal|autodp_combo_12_drop_catboost|autodp_ofat_duplicate_removal_approximate|autodp_ofat_duplicate_removal_exact|autodp_ofat_encoding_binary|autodp_ofat_encoding_catboost|autodp_ofat_encoding_frequency|autodp_ofat_encoding_ordinal|autodp_ofat_feature_selection_missing_ratio|autodp_ofat_feature_selection_tree_based|autodp_ofat_feature_selection_wrapper|autodp_ofat_imputation_drop|autodp_ofat_imputation_em|autodp_ofat_imputation_knn|autodp_ofat_imputation_mice|autodp_ofat_imputation_most_frequent|autodp_ofat_imputation_random|autodp_ofat_normalization_minmax|autodp_ofat_normalization_zscore|autodp_ofat_outlier_removal_lof|autodp_ofat_outlier_removal_zscore,True,0,0.9444444444444444,0.11508203763317049,0.34375
D_757,757,36,0.9150943396226416,0.9245283018867924,0.00943396226415072,autodp_combo_06_drop_binary|autodp_ofat_feature_selection_tree_based|autodp_ofat_normalization_minmax|autodp_ofat_normalization_zscore,False,4,0.8991090146750526,0.027667545608582415,0.15094339622641495
D_758,758,31,0.6428571428571429,1.0,0.3571428571428571,autodp_combo_03_mice_catboost|autodp_ofat_feature_selection_tree_based,False,15,0.7557603686635943,0.13304331827882074,0.4285714285714286
D_759,759,36,0.9285714285714286,1.0,0.0714285714285714,autodp_ofat_feature_selection_collinear|autodp_ofat_feature_selection_tree_based|autodp_ofat_feature_selection_wrapper,False,3,0.8571428571428572,0.09221388919541469,0.3571428571428571
D_762,762,36,0.7,0.75,0.050000000000000044,autodp_combo_06_drop_binary|autodp_combo_08_knn_catboost|autodp_combo_12_drop_catboost|autodp_ofat_feature_selection_tree_based|autodp_ofat_feature_selection_wrapper,False,5,0.6944444444444442,0.03685138655950443,0.19999999999999996
D_763,763,36,0.84,0.86,0.020000000000000018,autodp_combo_04_em_frequency|autodp_combo_07_mf_frequency|autodp_combo_08_knn_catboost|autodp_combo_10_em_binary|autodp_combo_13_mf_binary|autodp_ofat_feature_selection_wrapper|autodp_ofat_normalization_decimal_scale,False,7,0.8388888888888889,0.016292086998461297,0.05999999999999994
D_764,764,35,0.9333333333333332,0.9333333333333332,0.0,autodp_00_baseline|autodp_ofat_duplicate_removal_approximate|autodp_ofat_duplicate_removal_exact|autodp_ofat_feature_selection_collinear|autodp_ofat_feature_selection_missing_ratio|autodp_ofat_feature_selection_tree_based|autodp_ofat_feature_selection_wrapper|autodp_ofat_imputation_drop|autodp_ofat_imputation_em|autodp_ofat_imputation_knn|autodp_ofat_imputation_mice|autodp_ofat_imputation_most_frequent|autodp_ofat_imputation_random|autodp_ofat_normalization_zscore|autodp_ofat_outlier_removal_iqr|autodp_ofat_outlier_removal_lof|autodp_ofat_outlier_removal_zscore,True,0,0.9060317460317459,0.02751851800986579,0.05555555555555547
D_765,765,35,0.9157894736842104,0.9157894736842104,0.0,autodp_00_baseline|autodp_combo_03_mice_catboost|autodp_combo_08_knn_catboost|autodp_combo_12_drop_catboost|autodp_ofat_duplicate_removal_approximate|autodp_ofat_duplicate_removal_exact|autodp_ofat_feature_selection_collinear|autodp_ofat_feature_selection_missing_ratio|autodp_ofat_feature_selection_tree_based|autodp_ofat_feature_selection_wrapper|autodp_ofat_imputation_drop|autodp_ofat_imputation_em|autodp_ofat_imputation_knn|autodp_ofat_imputation_mice|autodp_ofat_imputation_most_frequent|autodp_ofat_imputation_random|autodp_ofat_normalization_minmax|autodp_ofat_normalization_zscore|autodp_ofat_outlier_removal_iqr|autodp_ofat_outlier_removal_lof|autodp_ofat_outlier_removal_zscore,True,0,0.894736842105263,0.025784102555612316,0.05263157894736825
D_766,766,36,0.63,0.71,0.07999999999999996,autodp_combo_07_mf_frequency|autodp_combo_10_em_binary|autodp_combo_13_mf_binary|autodp_ofat_normalization_decimal_scale,False,9,0.6400000000000001,0.027588242262078073,0.10999999999999999
D_767,767,35,0.936842105263158,0.9473684210526316,0.010526315789473606,autodp_combo_08_knn_catboost|autodp_ofat_normalization_minmax,False,2,0.9124812030075189,0.031202916930749964,0.0736842105263158
D_768,768,36,0.9,0.9,0.0,autodp_00_baseline|autodp_combo_05_random_ordinal|autodp_ofat_duplicate_removal_approximate|autodp_ofat_duplicate_removal_exact|autodp_ofat_encoding_binary|autodp_ofat_encoding_catboost|autodp_ofat_encoding_frequency|autodp_ofat_encoding_ordinal|autodp_ofat_feature_selection_collinear|autodp_ofat_feature_selection_missing_ratio|autodp_ofat_imputation_drop|autodp_ofat_imputation_em|autodp_ofat_imputation_knn|autodp_ofat_imputation_mice|autodp_ofat_imputation_most_frequent|autodp_ofat_imputation_random|autodp_ofat_normalization_zscore|autodp_ofat_outlier_removal_lof,True,0,0.8236111111111113,0.10373986638001426,0.35
D_769,769,36,0.68,0.68,0.0,autodp_00_baseline|autodp_combo_01_basic|autodp_combo_05_random_ordinal|autodp_ofat_duplicate_removal_approximate|autodp_ofat_duplicate_removal_exact|autodp_ofat_encoding_binary|autodp_ofat_encoding_catboost|autodp_ofat_encoding_frequency|autodp_ofat_encoding_ordinal|autodp_ofat_feature_selection_collinear|autodp_ofat_feature_selection_missing_ratio|autodp_ofat_imputation_drop|autodp_ofat_imputation_em|autodp_ofat_imputation_knn|autodp_ofat_imputation_mice|autodp_ofat_imputation_most_frequent|autodp_ofat_imputation_random|autodp_ofat_normalization_zscore|autodp_ofat_outlier_removal_iqr|autodp_ofat_outlier_removal_lof|autodp_ofat_outlier_removal_zscore,True,0,0.6550000000000001,0.03601697130829054,0.12
D_770,770,36,0.608,0.704,0.09599999999999997,autodp_combo_04_em_frequency|autodp_combo_07_mf_frequency,False,7,0.615111111111111,0.029920058097256598,0.1519999999999999
D_771,771,36,0.7727272727272727,0.7727272727272727,0.0,autodp_00_baseline|autodp_combo_01_basic|autodp_combo_02_knn_binary|autodp_combo_05_random_ordinal|autodp_combo_06_drop_binary|autodp_combo_09_mice_ordinal|autodp_combo_11_random_frequency|autodp_ofat_duplicate_removal_approximate|autodp_ofat_duplicate_removal_exact|autodp_ofat_encoding_binary|autodp_ofat_encoding_ordinal|autodp_ofat_feature_selection_collinear|autodp_ofat_feature_selection_missing_ratio|autodp_ofat_feature_selection_tree_based|autodp_ofat_feature_selection_wrapper|autodp_ofat_imputation_drop|autodp_ofat_imputation_em|autodp_ofat_imputation_knn|autodp_ofat_imputation_mice|autodp_ofat_imputation_most_frequent|autodp_ofat_imputation_random|autodp_ofat_normalization_zscore|autodp_ofat_outlier_removal_iqr|autodp_ofat_outlier_removal_lof|autodp_ofat_outlier_removal_zscore,True,0,0.7323232323232324,0.07327584913407531,0.2272727272727273
D_772,772,36,0.5504587155963303,0.5573394495412844,0.006880733944954143,autodp_combo_04_em_frequency|autodp_combo_06_drop_binary|autodp_combo_11_random_frequency|autodp_ofat_feature_selection_tree_based|autodp_ofat_feature_selection_wrapper,False,6,0.549184505606524,0.0053909775232686636,0.022935779816513846
D_773,773,36,0.78,0.78,0.0,autodp_00_baseline|autodp_combo_01_basic|autodp_combo_02_knn_binary|autodp_combo_03_mice_catboost|autodp_combo_04_em_frequency|autodp_combo_05_random_ordinal|autodp_combo_06_drop_binary|autodp_combo_07_mf_frequency|autodp_combo_09_mice_ordinal|autodp_combo_10_em_binary|autodp_combo_11_random_frequency|autodp_combo_12_drop_catboost|autodp_combo_13_mf_binary|autodp_ofat_duplicate_removal_approximate|autodp_ofat_duplicate_removal_exact|autodp_ofat_encoding_binary|autodp_ofat_encoding_catboost|autodp_ofat_encoding_frequency|autodp_ofat_encoding_ordinal|autodp_ofat_feature_selection_collinear|autodp_ofat_feature_selection_missing_ratio|autodp_ofat_feature_selection_tree_based|autodp_ofat_imputation_drop|autodp_ofat_imputation_em|autodp_ofat_imputation_knn|autodp_ofat_imputation_mice|autodp_ofat_imputation_most_frequent|autodp_ofat_imputation_random|autodp_ofat_normalization_decimal_scale|autodp_ofat_normalization_minmax|autodp_ofat_normalization_zscore|autodp_ofat_outlier_removal_iqr|autodp_ofat_outlier_removal_lof|autodp_ofat_outlier_removal_zscore,True,0,0.7788888888888891,0.004581228472908516,0.020000000000000018
D_774,774,36,0.6015037593984962,0.6240601503759399,0.022556390977443663,autodp_combo_01_basic|autodp_combo_11_random_frequency|autodp_ofat_outlier_removal_iqr,False,5,0.5895989974937342,0.029780036687509122,0.10526315789473684
D_775,775,36,0.75,0.85,0.09999999999999998,autodp_combo_12_drop_catboost,False,7,0.7611111111111112,0.023895347964007305,0.09999999999999998
D_776,776,36,0.78,0.78,0.0,autodp_00_baseline|autodp_combo_01_basic|autodp_combo_02_knn_binary|autodp_combo_05_random_ordinal|autodp_combo_07_mf_frequency|autodp_combo_09_mice_ordinal|autodp_combo_10_em_binary|autodp_combo_13_mf_binary|autodp_ofat_duplicate_removal_approximate|autodp_ofat_duplicate_removal_exact|autodp_ofat_encoding_binary|autodp_ofat_encoding_catboost|autodp_ofat_encoding_frequency|autodp_ofat_encoding_ordinal|autodp_ofat_feature_selection_collinear|autodp_ofat_feature_selection_missing_ratio|autodp_ofat_imputation_drop|autodp_ofat_imputation_em|autodp_ofat_imputation_knn|autodp_ofat_imputation_mice|autodp_ofat_imputation_most_frequent|autodp_ofat_imputation_random|autodp_ofat_normalization_decimal_scale|autodp_ofat_normalization_minmax|autodp_ofat_normalization_zscore|autodp_ofat_outlier_removal_iqr|autodp_ofat_outlier_removal_lof|autodp_ofat_outlier_removal_zscore,True,0,0.7666666666666667,0.026246692913372723,0.08000000000000007
D_777,777,36,0.9,0.9,0.0,autodp_00_baseline|autodp_combo_01_basic|autodp_combo_02_knn_binary|autodp_combo_03_mice_catboost|autodp_combo_04_em_frequency|autodp_combo_05_random_ordinal|autodp_combo_06_drop_binary|autodp_combo_07_mf_frequency|autodp_combo_08_knn_catboost|autodp_combo_09_mice_ordinal|autodp_combo_10_em_binary|autodp_combo_11_random_frequency|autodp_combo_12_drop_catboost|autodp_combo_13_mf_binary|autodp_ofat_duplicate_removal_approximate|autodp_ofat_duplicate_removal_exact|autodp_ofat_encoding_binary|autodp_ofat_encoding_catboost|autodp_ofat_encoding_frequency|autodp_ofat_encoding_ordinal|autodp_ofat_feature_selection_collinear|autodp_ofat_feature_selection_missing_ratio|autodp_ofat_feature_selection_tree_based|autodp_ofat_feature_selection_wrapper|autodp_ofat_imputation_drop|autodp_ofat_imputation_em|autodp_ofat_imputation_knn|autodp_ofat_imputation_mice|autodp_ofat_imputation_most_frequent|autodp_ofat_imputation_random|autodp_ofat_normalization_decimal_scale|autodp_ofat_normalization_minmax|autodp_ofat_normalization_zscore|autodp_ofat_outlier_removal_iqr|autodp_ofat_outlier_removal_lof|autodp_ofat_outlier_removal_zscore,True,0,0.8999999999999999,6.661338147750939e-16,0.0
D_778,778,36,0.8431372549019608,1.0,0.1568627450980392,autodp_combo_03_mice_catboost,False,11,0.8540305010893248,0.09049921170180227,0.3921568627450981
D_779,779,36,0.66,0.66,0.0,autodp_00_baseline|autodp_combo_01_basic|autodp_combo_05_random_ordinal|autodp_combo_08_knn_catboost|autodp_combo_12_drop_catboost|autodp_ofat_duplicate_removal_approximate|autodp_ofat_duplicate_removal_exact|autodp_ofat_encoding_binary|autodp_ofat_encoding_catboost|autodp_ofat_encoding_frequency|autodp_ofat_encoding_ordinal|autodp_ofat_feature_selection_collinear|autodp_ofat_feature_selection_missing_ratio|autodp_ofat_feature_selection_wrapper|autodp_ofat_imputation_drop|autodp_ofat_imputation_em|autodp_ofat_imputation_knn|autodp_ofat_imputation_mice|autodp_ofat_imputation_most_frequent|autodp_ofat_imputation_random|autodp_ofat_normalization_zscore|autodp_ofat_outlier_removal_iqr|autodp_ofat_outlier_removal_lof|autodp_ofat_outlier_removal_zscore,True,0,0.6497222222222223,0.01907384933344768,0.06000000000000005
D_780,780,36,0.7272727272727273,0.8181818181818182,0.09090909090909094,autodp_ofat_feature_selection_wrapper,False,1,0.6287878787878789,0.10578969730127988,0.36363636363636376
D_782,782,36,1.0,1.0,0.0,autodp_00_baseline|autodp_combo_01_basic|autodp_combo_02_knn_binary|autodp_combo_05_random_ordinal|autodp_combo_09_mice_ordinal|autodp_ofat_duplicate_removal_approximate|autodp_ofat_duplicate_removal_exact|autodp_ofat_encoding_binary|autodp_ofat_encoding_catboost|autodp_ofat_encoding_frequency|autodp_ofat_encoding_ordinal|autodp_ofat_feature_selection_collinear|autodp_ofat_feature_selection_missing_ratio|autodp_ofat_imputation_drop|autodp_ofat_imputation_em|autodp_ofat_imputation_knn|autodp_ofat_imputation_mice|autodp_ofat_imputation_most_frequent|autodp_ofat_imputation_random|autodp_ofat_normalization_minmax|autodp_ofat_normalization_zscore|autodp_ofat_outlier_removal_iqr|autodp_ofat_outlier_removal_lof|autodp_ofat_outlier_removal_zscore,True,0,0.9861111111111113,0.01964185503295963,0.04166666666666663
D_783,783,36,0.65,0.65,0.0,autodp_00_baseline|autodp_combo_02_knn_binary|autodp_combo_05_random_ordinal|autodp_combo_08_knn_catboost|autodp_combo_09_mice_ordinal|autodp_ofat_duplicate_removal_approximate|autodp_ofat_duplicate_removal_exact|autodp_ofat_encoding_binary|autodp_ofat_encoding_catboost|autodp_ofat_encoding_frequency|autodp_ofat_encoding_ordinal|autodp_ofat_feature_selection_collinear|autodp_ofat_feature_selection_missing_ratio|autodp_ofat_feature_selection_wrapper|autodp_ofat_imputation_drop|autodp_ofat_imputation_em|autodp_ofat_imputation_knn|autodp_ofat_imputation_mice|autodp_ofat_imputation_most_frequent|autodp_ofat_imputation_random|autodp_ofat_normalization_minmax|autodp_ofat_normalization_zscore|autodp_ofat_outlier_removal_lof|autodp_ofat_outlier_removal_zscore,True,0,0.6333333333333334,0.023570226039551605,0.050000000000000044
D_784,784,36,0.7857142857142857,0.8214285714285714,0.0357142857142857,autodp_ofat_outlier_removal_lof,False,1,0.7162698412698412,0.06989648791193864,0.2857142857142857
D_785,785,36,0.8888888888888888,1.0,0.11111111111111116,autodp_combo_04_em_frequency|autodp_combo_06_drop_binary|autodp_ofat_outlier_removal_zscore,False,3,0.8919753086419752,0.04129348197611004,0.2222222222222222
D_786,786,36,0.819672131147541,0.9016393442622952,0.08196721311475419,autodp_combo_01_basic,False,18,0.8319672131147541,0.025152940764374267,0.1311475409836067
D_787,787,36,0.7,0.7,0.0,autodp_00_baseline|autodp_combo_01_basic|autodp_combo_02_knn_binary|autodp_combo_05_random_ordinal|autodp_combo_06_drop_binary|autodp_combo_07_mf_frequency|autodp_combo_09_mice_ordinal|autodp_ofat_duplicate_removal_approximate|autodp_ofat_duplicate_removal_exact|autodp_ofat_encoding_binary|autodp_ofat_encoding_catboost|autodp_ofat_encoding_frequency|autodp_ofat_encoding_ordinal|autodp_ofat_feature_selection_collinear|autodp_ofat_feature_selection_missing_ratio|autodp_ofat_feature_selection_tree_based|autodp_ofat_imputation_drop|autodp_ofat_imputation_em|autodp_ofat_imputation_knn|autodp_ofat_imputation_mice|autodp_ofat_imputation_most_frequent|autodp_ofat_imputation_random|autodp_ofat_normalization_minmax|autodp_ofat_normalization_zscore|autodp_ofat_outlier_removal_iqr|autodp_ofat_outlier_removal_lof|autodp_ofat_outlier_removal_zscore,True,0,0.6666666666666666,0.06236095644623235,0.19999999999999996
D_788,788,36,0.5789473684210527,0.7105263157894737,0.13157894736842102,autodp_combo_05_random_ordinal,False,8,0.5614035087719299,0.06851096206935664,0.2894736842105264
D_789,789,36,0.45,0.5,0.04999999999999999,autodp_combo_07_mf_frequency|autodp_combo_08_knn_catboost|autodp_combo_10_em_binary|autodp_combo_12_drop_catboost|autodp_combo_13_mf_binary|autodp_ofat_feature_selection_wrapper|autodp_ofat_normalization_decimal_scale,False,7,0.45972222222222225,0.019788620623298617,0.04999999999999999
D_790,790,35,0.9090909090909092,0.9090909090909092,0.0,autodp_00_baseline|autodp_ofat_encoding_binary|autodp_ofat_encoding_catboost|autodp_ofat_encoding_frequency|autodp_ofat_feature_selection_collinear|autodp_ofat_feature_selection_missing_ratio|autodp_ofat_feature_selection_tree_based|autodp_ofat_feature_selection_wrapper|autodp_ofat_imputation_drop|autodp_ofat_imputation_em|autodp_ofat_imputation_knn|autodp_ofat_imputation_mice|autodp_ofat_imputation_most_frequent|autodp_ofat_imputation_random|autodp_ofat_outlier_removal_iqr|autodp_ofat_outlier_removal_lof|autodp_ofat_outlier_removal_zscore,True,0,0.8155844155844156,0.12193968409668061,0.36363636363636376
D_791,791,36,0.5555555555555556,0.7777777777777778,0.2222222222222222,autodp_combo_02_knn_binary|autodp_combo_08_knn_catboost,False,16,0.6111111111111113,0.06676946806414792,0.2222222222222222
D_792,792,36,0.72,0.73,0.010000000000000009,autodp_ofat_outlier_removal_zscore,False,1,0.708888888888889,0.018970412309959845,0.06999999999999995
D_793,793,36,0.46,0.6,0.13999999999999996,autodp_combo_06_drop_binary,False,15,0.48777777777777775,0.04062778955284938,0.15999999999999998
D_794,794,36,0.68,0.72,0.039999999999999925,autodp_combo_01_basic|autodp_combo_02_knn_binary|autodp_combo_03_mice_catboost|autodp_combo_04_em_frequency|autodp_combo_07_mf_frequency|autodp_combo_08_knn_catboost|autodp_combo_09_mice_ordinal|autodp_combo_11_random_frequency|autodp_combo_12_drop_catboost|autodp_ofat_feature_selection_wrapper|autodp_ofat_normalization_minmax|autodp_ofat_outlier_removal_iqr,False,17,0.696111111111111,0.01814720330117894,0.039999999999999925
D_795,795,36,0.5714285714285714,0.6015037593984962,0.03007518796992481,autodp_combo_05_random_ordinal|autodp_combo_08_knn_catboost|autodp_combo_12_drop_catboost|autodp_ofat_outlier_removal_lof,False,8,0.5716374269005848,0.01366846973429922,0.06015037593984962
D_796,796,36,1.0,1.0,0.0,autodp_00_baseline|autodp_combo_05_random_ordinal|autodp_combo_11_random_frequency|autodp_ofat_duplicate_removal_approximate|autodp_ofat_duplicate_removal_exact|autodp_ofat_encoding_binary|autodp_ofat_encoding_catboost|autodp_ofat_encoding_frequency|autodp_ofat_encoding_ordinal|autodp_ofat_feature_selection_collinear|autodp_ofat_feature_selection_missing_ratio|autodp_ofat_feature_selection_tree_based|autodp_ofat_imputation_drop|autodp_ofat_imputation_em|autodp_ofat_imputation_knn|autodp_ofat_imputation_mice|autodp_ofat_imputation_most_frequent|autodp_ofat_imputation_random|autodp_ofat_outlier_removal_iqr|autodp_ofat_outlier_removal_lof|autodp_ofat_outlier_removal_zscore,True,0,0.96494708994709,0.05034715434700595,0.19047619047619047
D_797,797,36,0.655,0.69,0.03499999999999992,autodp_combo_04_em_frequency,False,11,0.66,0.013281147875424362,0.06999999999999995
D_798,798,36,0.4918032786885246,0.5901639344262295,0.09836065573770492,autodp_combo_07_mf_frequency,False,18,0.5027322404371584,0.028394275533916043,0.1639344262295082
D_799,799,36,0.83,0.835,0.0050000000000000044,autodp_combo_02_knn_binary|autodp_combo_09_mice_ordinal|autodp_ofat_normalization_minmax,False,3,0.817638888888889,0.021229111011085385,0.07999999999999996
D_800,800,36,0.9333333333333332,0.9333333333333332,0.0,autodp_00_baseline|autodp_combo_01_basic|autodp_combo_02_knn_binary|autodp_combo_04_em_frequency|autodp_combo_05_random_ordinal|autodp_combo_07_mf_frequency|autodp_combo_08_knn_catboost|autodp_combo_09_mice_ordinal|autodp_combo_10_em_binary|autodp_combo_11_random_frequency|autodp_combo_12_drop_catboost|autodp_combo_13_mf_binary|autodp_ofat_duplicate_removal_approximate|autodp_ofat_duplicate_removal_exact|autodp_ofat_encoding_binary|autodp_ofat_encoding_catboost|autodp_ofat_encoding_frequency|autodp_ofat_encoding_ordinal|autodp_ofat_feature_selection_collinear|autodp_ofat_feature_selection_missing_ratio|autodp_ofat_feature_selection_wrapper|autodp_ofat_imputation_drop|autodp_ofat_imputation_em|autodp_ofat_imputation_knn|autodp_ofat_imputation_mice|autodp_ofat_imputation_most_frequent|autodp_ofat_imputation_random|autodp_ofat_normalization_decimal_scale|autodp_ofat_normalization_minmax|autodp_ofat_normalization_zscore|autodp_ofat_outlier_removal_iqr|autodp_ofat_outlier_removal_lof|autodp_ofat_outlier_removal_zscore,True,0,0.9277777777777776,0.018425693279752187,0.06666666666666654
D_801,801,36,0.5945945945945946,0.8108108108108109,0.21621621621621623,autodp_combo_06_drop_binary,False,11,0.6133633633633633,0.0636457777016943,0.32432432432432434
D_802,802,36,0.6915167095115681,0.7017994858611826,0.010282776349614497,autodp_ofat_feature_selection_wrapper|autodp_ofat_imputation_knn,False,9,0.6845187089403029,0.012975868401599382,0.04884318766066842
D_804,804,36,0.5714285714285714,0.7142857142857143,0.1428571428571429,autodp_combo_03_mice_catboost|autodp_combo_04_em_frequency|autodp_combo_05_random_ordinal|autodp_combo_07_mf_frequency|autodp_combo_09_mice_ordinal|autodp_combo_10_em_binary|autodp_combo_12_drop_catboost|autodp_combo_13_mf_binary|autodp_ofat_encoding_catboost|autodp_ofat_encoding_frequency|autodp_ofat_encoding_ordinal|autodp_ofat_normalization_decimal_scale,False,15,0.6210317460317462,0.07106942336735046,0.2142857142857143
D_805,805,36,0.63,0.65,0.020000000000000018,autodp_ofat_feature_selection_tree_based,False,1,0.613611111111111,0.023588224201657366,0.09999999999999998
D_806,806,36,0.66,0.69,0.029999999999999916,autodp_combo_10_em_binary|autodp_combo_13_mf_binary,False,9,0.6612500000000001,0.009455671431591837,0.04999999999999993
D_808,808,36,0.75,0.75,0.0,autodp_00_baseline|autodp_combo_01_basic|autodp_combo_05_random_ordinal|autodp_combo_08_knn_catboost|autodp_ofat_duplicate_removal_approximate|autodp_ofat_duplicate_removal_exact|autodp_ofat_encoding_binary|autodp_ofat_encoding_catboost|autodp_ofat_encoding_frequency|autodp_ofat_encoding_ordinal|autodp_ofat_feature_selection_collinear|autodp_ofat_feature_selection_missing_ratio|autodp_ofat_feature_selection_wrapper|autodp_ofat_imputation_drop|autodp_ofat_imputation_em|autodp_ofat_imputation_knn|autodp_ofat_imputation_mice|autodp_ofat_imputation_most_frequent|autodp_ofat_imputation_random|autodp_ofat_normalization_zscore|autodp_ofat_outlier_removal_iqr|autodp_ofat_outlier_removal_lof|autodp_ofat_outlier_removal_zscore,True,0,0.711111111111111,0.06466914848234896,0.19999999999999996
D_810,810,36,0.6071428571428571,0.6666666666666666,0.059523809523809534,autodp_ofat_imputation_mice,False,16,0.6157407407407408,0.02324243834762644,0.1071428571428571
D_811,811,36,0.8679245283018868,0.8867924528301887,0.018867924528301883,autodp_ofat_normalization_minmax|autodp_ofat_normalization_zscore,False,2,0.8207547169811321,0.08977422907937233,0.28301886792452835
D_812,812,36,0.6,0.7,0.09999999999999998,autodp_combo_07_mf_frequency|autodp_combo_10_em_binary|autodp_combo_13_mf_binary|autodp_ofat_normalization_decimal_scale,False,9,0.6083333333333333,0.04487637339278752,0.19999999999999996
D_813,813,36,0.64,0.645,0.0050000000000000044,autodp_ofat_outlier_removal_zscore,False,1,0.6295833333333333,0.012930100540985763,0.04500000000000004
D_814,814,36,0.4680851063829787,0.6595744680851063,0.19148936170212766,autodp_combo_03_mice_catboost|autodp_combo_06_drop_binary|autodp_combo_08_knn_catboost|autodp_combo_11_random_frequency,False,17,0.5085697399527187,0.06022209225133908,0.19148936170212766
D_815,815,36,0.9090909090909092,0.9090909090909092,0.0,autodp_00_baseline|autodp_combo_02_knn_binary|autodp_combo_03_mice_catboost|autodp_combo_06_drop_binary|autodp_combo_09_mice_ordinal|autodp_combo_11_random_frequency|autodp_combo_12_drop_catboost|autodp_ofat_duplicate_removal_approximate|autodp_ofat_duplicate_removal_exact|autodp_ofat_encoding_binary|autodp_ofat_encoding_catboost|autodp_ofat_encoding_frequency|autodp_ofat_encoding_ordinal|autodp_ofat_feature_selection_collinear|autodp_ofat_feature_selection_missing_ratio|autodp_ofat_feature_selection_tree_based|autodp_ofat_imputation_drop|autodp_ofat_imputation_em|autodp_ofat_imputation_knn|autodp_ofat_imputation_mice|autodp_ofat_imputation_most_frequent|autodp_ofat_imputation_random|autodp_ofat_normalization_minmax|autodp_ofat_outlier_removal_iqr|autodp_ofat_outlier_removal_lof|autodp_ofat_outlier_removal_zscore,True,0,0.8838383838383839,0.04071847347625532,0.09090909090909094
D_817,817,36,0.7,0.7,0.0,autodp_00_baseline|autodp_combo_01_basic|autodp_combo_02_knn_binary|autodp_combo_04_em_frequency|autodp_combo_05_random_ordinal|autodp_combo_07_mf_frequency|autodp_combo_09_mice_ordinal|autodp_ofat_duplicate_removal_approximate|autodp_ofat_duplicate_removal_exact|autodp_ofat_encoding_binary|autodp_ofat_encoding_catboost|autodp_ofat_encoding_frequency|autodp_ofat_encoding_ordinal|autodp_ofat_feature_selection_collinear|autodp_ofat_feature_selection_missing_ratio|autodp_ofat_imputation_drop|autodp_ofat_imputation_em|autodp_ofat_imputation_knn|autodp_ofat_imputation_mice|autodp_ofat_imputation_most_frequent|autodp_ofat_imputation_random|autodp_ofat_normalization_minmax|autodp_ofat_normalization_zscore|autodp_ofat_outlier_removal_iqr|autodp_ofat_outlier_removal_lof|autodp_ofat_outlier_removal_zscore,True,0,0.6611111111111111,0.06781419786518723,0.19999999999999996
D_818,818,36,1.0,1.0,0.0,autodp_00_baseline|autodp_combo_08_knn_catboost|autodp_ofat_duplicate_removal_approximate|autodp_ofat_duplicate_removal_exact|autodp_ofat_encoding_binary|autodp_ofat_encoding_catboost|autodp_ofat_encoding_frequency|autodp_ofat_encoding_ordinal|autodp_ofat_feature_selection_missing_ratio|autodp_ofat_feature_selection_wrapper|autodp_ofat_imputation_drop|autodp_ofat_imputation_em|autodp_ofat_imputation_knn|autodp_ofat_imputation_mice|autodp_ofat_imputation_most_frequent|autodp_ofat_imputation_random|autodp_ofat_normalization_zscore|autodp_ofat_outlier_removal_iqr|autodp_ofat_outlier_removal_lof|autodp_ofat_outlier_removal_zscore,True,0,0.9534050179211468,0.0664775519390373,0.20967741935483875
D_820,820,36,0.851063829787234,0.8936170212765957,0.04255319148936165,autodp_combo_03_mice_catboost|autodp_combo_08_knn_catboost|autodp_combo_11_random_frequency|autodp_combo_12_drop_catboost|autodp_ofat_normalization_zscore,False,7,0.8315602836879434,0.067352552883768,0.276595744680851
D_821,821,36,0.78,0.827,0.04699999999999993,autodp_ofat_normalization_zscore,False,19,0.7875555555555555,0.015784036317404226,0.07399999999999995
D_823,823,36,0.709,0.969,0.26,autodp_ofat_normalization_zscore,False,20,0.8358888888888889,0.12115985257725932,0.264
D_824,824,36,0.68,0.7,0.019999999999999907,autodp_combo_04_em_frequency,False,5,0.673888888888889,0.01458267194267409,0.05999999999999994
D_825,825,36,0.9215686274509804,0.9411764705882352,0.01960784313725472,autodp_ofat_feature_selection_wrapper,False,1,0.8995098039215684,0.030862462038438076,0.1568627450980391
D_826,826,36,0.5775862068965517,0.6120689655172413,0.03448275862068961,autodp_combo_11_random_frequency,False,14,0.5828544061302681,0.009149891367118197,0.04310344827586199
D_827,827,36,0.5789473684210527,0.5939849624060151,0.015037593984962405,autodp_combo_02_knn_binary,False,7,0.575187969924812,0.012341927069919939,0.052631578947368474
D_828,828,36,0.5,0.55,0.050000000000000044,autodp_combo_06_drop_binary|autodp_combo_12_drop_catboost,False,2,0.4986111111111111,0.022004138219103977,0.15000000000000002
D_829,829,36,0.7,0.7,0.0,autodp_00_baseline|autodp_combo_01_basic|autodp_combo_05_random_ordinal|autodp_combo_08_knn_catboost|autodp_ofat_duplicate_removal_approximate|autodp_ofat_duplicate_removal_exact|autodp_ofat_encoding_binary|autodp_ofat_encoding_catboost|autodp_ofat_encoding_frequency|autodp_ofat_encoding_ordinal|autodp_ofat_feature_selection_collinear|autodp_ofat_feature_selection_missing_ratio|autodp_ofat_feature_selection_wrapper|autodp_ofat_imputation_drop|autodp_ofat_imputation_em|autodp_ofat_imputation_knn|autodp_ofat_imputation_mice|autodp_ofat_imputation_most_frequent|autodp_ofat_imputation_random|autodp_ofat_normalization_zscore|autodp_ofat_outlier_removal_iqr|autodp_ofat_outlier_removal_lof|autodp_ofat_outlier_removal_zscore,True,0,0.6652777777777779,0.05112545088696099,0.19999999999999996
D_830,830,36,0.8,0.82,0.019999999999999907,autodp_combo_08_knn_catboost|autodp_combo_12_drop_catboost|autodp_ofat_feature_selection_wrapper,False,3,0.785,0.04038013813195239,0.15999999999999992
D_831,831,36,0.8125,0.85,0.03749999999999998,autodp_combo_08_knn_catboost|autodp_ofat_imputation_em|autodp_ofat_normalization_decimal_scale|autodp_ofat_normalization_minmax,False,17,0.8208333333333333,0.014731391274719728,0.04999999999999993
D_832,832,36,0.68,0.76,0.07999999999999996,autodp_combo_08_knn_catboost|autodp_ofat_feature_selection_wrapper,False,5,0.6772222222222223,0.032711798000034514,0.16000000000000003
D_834,834,36,0.7,0.72,0.020000000000000018,autodp_combo_04_em_frequency|autodp_combo_05_random_ordinal|autodp_ofat_normalization_zscore,False,3,0.6911111111111111,0.019116278371205806,0.07999999999999996
D_835,835,36,0.9,0.9,0.0,autodp_00_baseline|autodp_combo_02_knn_binary|autodp_combo_03_mice_catboost|autodp_combo_08_knn_catboost|autodp_combo_12_drop_catboost|autodp_ofat_duplicate_removal_approximate|autodp_ofat_duplicate_removal_exact|autodp_ofat_encoding_binary|autodp_ofat_feature_selection_collinear|autodp_ofat_feature_selection_missing_ratio|autodp_ofat_feature_selection_tree_based|autodp_ofat_feature_selection_wrapper|autodp_ofat_imputation_drop|autodp_ofat_imputation_em|autodp_ofat_imputation_knn|autodp_ofat_imputation_mice|autodp_ofat_imputation_most_frequent|autodp_ofat_imputation_random|autodp_ofat_normalization_decimal_scale|autodp_ofat_normalization_minmax|autodp_ofat_normalization_zscore|autodp_ofat_outlier_removal_iqr|autodp_ofat_outlier_removal_lof|autodp_ofat_outlier_removal_zscore,True,0,0.8166666666666668,0.14624940645653536,0.4
D_836,836,36,0.4285714285714285,0.7142857142857143,0.2857142857142858,autodp_combo_11_random_frequency|autodp_ofat_normalization_decimal_scale,False,13,0.48809523809523814,0.08501700510170063,0.2857142857142858
D_837,837,36,0.655,0.68,0.025000000000000022,autodp_combo_03_mice_catboost|autodp_combo_06_drop_binary|autodp_combo_11_random_frequency|autodp_ofat_feature_selection_tree_based,False,4,0.6561111111111111,0.00906083690572228,0.03500000000000003
D_838,838,36,0.6,0.66,0.06000000000000005,autodp_ofat_feature_selection_tree_based,False,13,0.6083333333333334,0.01878237944930776,0.08000000000000007
D_839,839,36,0.910828025477707,0.9490445859872612,0.03821656050955413,autodp_ofat_normalization_minmax,False,5,0.8527954706298656,0.08048050375558102,0.30573248407643316
D_840,840,36,0.951219512195122,1.0,0.04878048780487798,autodp_combo_02_knn_binary,False,4,0.9322493224932251,0.048478438536580806,0.2195121951219512
D_841,841,36,0.8631578947368421,0.8736842105263158,0.010526315789473717,autodp_ofat_outlier_removal_iqr,False,1,0.8304093567251463,0.04308278857565356,0.136842105263158
D_842,842,36,0.5,0.6666666666666666,0.16666666666666663,autodp_combo_03_mice_catboost|autodp_combo_10_em_binary|autodp_combo_13_mf_binary,False,5,0.5023148148148149,0.06656853631735371,0.3333333333333333
D_843,843,36,0.83,0.85,0.020000000000000018,autodp_combo_03_mice_catboost|autodp_combo_05_random_ordinal|autodp_ofat_normalization_zscore,False,6,0.8237222222222222,0.018504670748385993,0.09199999999999997
D_844,844,35,0.6896551724137931,0.6896551724137931,0.0,autodp_00_baseline|autodp_combo_06_drop_binary|autodp_ofat_duplicate_removal_approximate|autodp_ofat_duplicate_removal_exact|autodp_ofat_feature_selection_collinear|autodp_ofat_feature_selection_missing_ratio|autodp_ofat_feature_selection_tree_based|autodp_ofat_feature_selection_wrapper|autodp_ofat_imputation_em|autodp_ofat_imputation_knn|autodp_ofat_imputation_mice|autodp_ofat_imputation_most_frequent|autodp_ofat_imputation_random|autodp_ofat_normalization_zscore|autodp_ofat_outlier_removal_iqr|autodp_ofat_outlier_removal_lof|autodp_ofat_outlier_removal_zscore,True,0,0.6571428571428571,0.048900155600900004,0.18965517241379315
D_845,845,36,0.86,0.88,0.020000000000000018,autodp_combo_04_em_frequency,False,15,0.8647222222222223,0.006229905970001618,0.020000000000000018
D_846,846,36,0.757,0.898,0.14100000000000001,autodp_ofat_normalization_zscore,False,18,0.7916388888888889,0.049205438259617075,0.17200000000000004
D_847,847,36,0.85,0.854,0.0040000000000000036,autodp_ofat_outlier_removal_zscore,False,4,0.8444166666666668,0.010497023387608518,0.040000000000000036
D_848,848,36,0.75,0.875,0.125,autodp_combo_05_random_ordinal|autodp_ofat_normalization_zscore,False,2,0.7465277777777778,0.05501034554775993,0.375
D_849,849,36,0.83,0.87,0.040000000000000036,autodp_combo_03_mice_catboost|autodp_combo_06_drop_binary|autodp_combo_11_random_frequency|autodp_ofat_feature_selection_tree_based,False,10,0.8343055555555554,0.015236687166259892,0.05999999999999994
D_850,850,36,0.6,0.8,0.20000000000000007,autodp_combo_03_mice_catboost|autodp_combo_06_drop_binary|autodp_combo_08_knn_catboost|autodp_combo_11_random_frequency|autodp_ofat_feature_selection_tree_based,False,15,0.6611111111111111,0.07827223779780765,0.20000000000000007
D_851,851,36,0.8958333333333334,0.9583333333333334,0.0625,autodp_combo_01_basic|autodp_combo_03_mice_catboost,False,12,0.8964120370370371,0.0391256776478828,0.1875
D_852,852,36,0.78125,0.84375,0.0625,autodp_combo_09_mice_ordinal|autodp_ofat_normalization_minmax,False,8,0.7734375,0.044423755492791615,0.21875
D_853,853,36,0.8921568627450981,0.9019607843137256,0.009803921568627527,autodp_combo_03_mice_catboost|autodp_ofat_feature_selection_wrapper|autodp_ofat_outlier_removal_zscore,False,3,0.8586601307189543,0.04816105442218792,0.17647058823529427
D_854,854,36,0.96875,0.96875,0.0,autodp_00_baseline|autodp_combo_12_drop_catboost|autodp_ofat_duplicate_removal_approximate|autodp_ofat_duplicate_removal_exact|autodp_ofat_encoding_binary|autodp_ofat_encoding_catboost|autodp_ofat_encoding_frequency|autodp_ofat_encoding_ordinal|autodp_ofat_feature_selection_collinear|autodp_ofat_feature_selection_missing_ratio|autodp_ofat_feature_selection_tree_based|autodp_ofat_feature_selection_wrapper|autodp_ofat_imputation_drop|autodp_ofat_imputation_em|autodp_ofat_imputation_knn|autodp_ofat_imputation_mice|autodp_ofat_imputation_most_frequent|autodp_ofat_imputation_random|autodp_ofat_outlier_removal_iqr|autodp_ofat_outlier_removal_lof|autodp_ofat_outlier_removal_zscore,True,0,0.9288194444444444,0.0720224601135123,0.34375
D_855,855,36,0.62,0.63,0.010000000000000009,autodp_combo_08_knn_catboost|autodp_ofat_feature_selection_wrapper|autodp_ofat_normalization_decimal_scale,False,3,0.6102777777777777,0.021406918807701073,0.08999999999999997
D_857,857,36,1.0,1.0,0.0,autodp_00_baseline|autodp_combo_01_basic|autodp_combo_08_knn_catboost|autodp_combo_11_random_frequency|autodp_ofat_duplicate_removal_approximate|autodp_ofat_duplicate_removal_exact|autodp_ofat_encoding_binary|autodp_ofat_encoding_catboost|autodp_ofat_encoding_frequency|autodp_ofat_encoding_ordinal|autodp_ofat_feature_selection_collinear|autodp_ofat_feature_selection_missing_ratio|autodp_ofat_feature_selection_tree_based|autodp_ofat_feature_selection_wrapper|autodp_ofat_imputation_drop|autodp_ofat_imputation_em|autodp_ofat_imputation_knn|autodp_ofat_imputation_mice|autodp_ofat_imputation_most_frequent|autodp_ofat_imputation_random|autodp_ofat_outlier_removal_iqr|autodp_ofat_outlier_removal_lof|autodp_ofat_outlier_removal_zscore,True,0,0.9201388888888888,0.12894058769185512,0.375
D_858,858,33,0.7796610169491526,0.7966101694915254,0.016949152542372836,autodp_combo_03_mice_catboost|autodp_combo_04_em_frequency|autodp_combo_05_random_ordinal|autodp_combo_07_mf_frequency|autodp_combo_08_knn_catboost|autodp_combo_09_mice_ordinal|autodp_combo_11_random_frequency|autodp_ofat_encoding_ordinal|autodp_ofat_imputation_mice|autodp_ofat_outlier_removal_iqr|autodp_ofat_outlier_removal_lof,False,11,0.7740112994350283,0.032766590462735654,0.13559322033898302
D_859,859,36,1.0,1.0,0.0,autodp_00_baseline|autodp_combo_01_basic|autodp_combo_02_knn_binary|autodp_combo_03_mice_catboost|autodp_combo_05_random_ordinal|autodp_combo_06_drop_binary|autodp_combo_08_knn_catboost|autodp_combo_09_mice_ordinal|autodp_combo_11_random_frequency|autodp_combo_12_drop_catboost|autodp_ofat_duplicate_removal_approximate|autodp_ofat_duplicate_removal_exact|autodp_ofat_encoding_binary|autodp_ofat_encoding_catboost|autodp_ofat_encoding_frequency|autodp_ofat_encoding_ordinal|autodp_ofat_feature_selection_collinear|autodp_ofat_feature_selection_missing_ratio|autodp_ofat_feature_selection_tree_based|autodp_ofat_feature_selection_wrapper|autodp_ofat_imputation_drop|autodp_ofat_imputation_em|autodp_ofat_imputation_knn|autodp_ofat_imputation_mice|autodp_ofat_imputation_most_frequent|autodp_ofat_imputation_random|autodp_ofat_normalization_minmax|autodp_ofat_normalization_zscore|autodp_ofat_outlier_removal_iqr|autodp_ofat_outlier_removal_lof|autodp_ofat_outlier_removal_zscore,True,0,0.9722222222222222,0.0806991058129664,0.33333333333333337
D_860,860,36,0.8026315789473685,0.8026315789473685,0.0,autodp_00_baseline|autodp_combo_03_mice_catboost|autodp_combo_08_knn_catboost|autodp_combo_11_random_frequency|autodp_ofat_encoding_binary|autodp_ofat_encoding_catboost|autodp_ofat_encoding_frequency|autodp_ofat_encoding_ordinal|autodp_ofat_feature_selection_collinear|autodp_ofat_feature_selection_missing_ratio|autodp_ofat_feature_selection_tree_based|autodp_ofat_feature_selection_wrapper|autodp_ofat_imputation_drop|autodp_ofat_imputation_em|autodp_ofat_imputation_knn|autodp_ofat_imputation_mice|autodp_ofat_imputation_most_frequent|autodp_ofat_imputation_random|autodp_ofat_normalization_minmax|autodp_ofat_normalization_zscore|autodp_ofat_outlier_removal_iqr|autodp_ofat_outlier_removal_lof|autodp_ofat_outlier_removal_zscore,True,0,0.7653508771929826,0.09017932103049162,0.2894736842105263
D_861,861,36,0.8947368421052632,0.8947368421052632,0.0,autodp_00_baseline|autodp_ofat_duplicate_removal_approximate|autodp_ofat_duplicate_removal_exact|autodp_ofat_feature_selection_collinear|autodp_ofat_feature_selection_missing_ratio|autodp_ofat_feature_selection_tree_based|autodp_ofat_feature_selection_wrapper|autodp_ofat_imputation_em|autodp_ofat_imputation_knn|autodp_ofat_outlier_removal_lof|autodp_ofat_outlier_removal_zscore,True,0,0.793859649122807,0.09231388236775959,0.3157894736842105
D_862,862,36,0.7777777777777778,0.8888888888888888,0.11111111111111105,autodp_combo_12_drop_catboost,False,8,0.7222222222222222,0.14404027024170413,0.5555555555555556
D_863,863,36,0.66,0.72,0.05999999999999994,autodp_combo_06_drop_binary,False,10,0.6666666666666666,0.015634719199411423,0.07999999999999996
D_864,864,36,0.6666666666666666,0.75,0.08333333333333337,autodp_combo_04_em_frequency|autodp_combo_06_drop_binary|autodp_combo_07_mf_frequency|autodp_combo_10_em_binary|autodp_combo_11_random_frequency|autodp_combo_13_mf_binary,False,6,0.6643518518518519,0.05002357126151459,0.16666666666666663
D_865,865,36,0.95,0.95,0.0,autodp_00_baseline|autodp_combo_01_basic|autodp_combo_02_knn_binary|autodp_combo_03_mice_catboost|autodp_combo_04_em_frequency|autodp_combo_05_random_ordinal|autodp_combo_06_drop_binary|autodp_combo_07_mf_frequency|autodp_combo_08_knn_catboost|autodp_combo_09_mice_ordinal|autodp_combo_10_em_binary|autodp_combo_11_random_frequency|autodp_combo_12_drop_catboost|autodp_combo_13_mf_binary|autodp_ofat_duplicate_removal_approximate|autodp_ofat_duplicate_removal_exact|autodp_ofat_encoding_binary|autodp_ofat_encoding_catboost|autodp_ofat_encoding_frequency|autodp_ofat_encoding_ordinal|autodp_ofat_feature_selection_collinear|autodp_ofat_feature_selection_missing_ratio|autodp_ofat_feature_selection_tree_based|autodp_ofat_feature_selection_wrapper|autodp_ofat_imputation_drop|autodp_ofat_imputation_em|autodp_ofat_imputation_knn|autodp_ofat_imputation_mice|autodp_ofat_imputation_most_frequent|autodp_ofat_imputation_random|autodp_ofat_normalization_decimal_scale|autodp_ofat_normalization_minmax|autodp_ofat_normalization_zscore|autodp_ofat_outlier_removal_iqr|autodp_ofat_outlier_removal_lof|autodp_ofat_outlier_removal_zscore,True,0,0.9500000000000001,2.220446049250313e-16,0.0
D_866,866,36,0.725,0.745,0.020000000000000018,autodp_ofat_feature_selection_tree_based,False,3,0.7213888888888889,0.008045971309977919,0.040000000000000036
D_867,867,36,0.9230769230769232,0.9230769230769232,0.0,autodp_00_baseline|autodp_ofat_duplicate_removal_approximate|autodp_ofat_duplicate_removal_exact|autodp_ofat_feature_selection_collinear|autodp_ofat_feature_selection_missing_ratio|autodp_ofat_feature_selection_tree_based|autodp_ofat_feature_selection_wrapper|autodp_ofat_imputation_drop|autodp_ofat_imputation_em|autodp_ofat_imputation_knn|autodp_ofat_imputation_mice|autodp_ofat_imputation_most_frequent|autodp_ofat_imputation_random|autodp_ofat_normalization_decimal_scale|autodp_ofat_normalization_minmax|autodp_ofat_normalization_zscore|autodp_ofat_outlier_removal_iqr|autodp_ofat_outlier_removal_lof|autodp_ofat_outlier_removal_zscore,True,0,0.8739316239316239,0.05485255407262159,0.11538461538461553
D_868,868,36,0.65,0.75,0.09999999999999998,autodp_combo_02_knn_binary|autodp_combo_07_mf_frequency|autodp_combo_09_mice_ordinal|autodp_ofat_normalization_minmax,False,11,0.6652777777777777,0.043810584154409714,0.19999999999999996
D_869,869,36,0.69,0.72,0.030000000000000027,autodp_combo_04_em_frequency,False,3,0.6825000000000001,0.014601179556612663,0.06999999999999995
D_870,870,36,0.75,0.75,0.0,autodp_00_baseline|autodp_combo_01_basic|autodp_combo_05_random_ordinal|autodp_combo_06_drop_binary|autodp_combo_07_mf_frequency|autodp_combo_08_knn_catboost|autodp_combo_10_em_binary|autodp_combo_13_mf_binary|autodp_ofat_duplicate_removal_approximate|autodp_ofat_duplicate_removal_exact|autodp_ofat_encoding_binary|autodp_ofat_encoding_catboost|autodp_ofat_encoding_frequency|autodp_ofat_encoding_ordinal|autodp_ofat_feature_selection_collinear|autodp_ofat_feature_selection_missing_ratio|autodp_ofat_feature_selection_wrapper|autodp_ofat_imputation_drop|autodp_ofat_imputation_em|autodp_ofat_imputation_knn|autodp_ofat_imputation_mice|autodp_ofat_imputation_most_frequent|autodp_ofat_imputation_random|autodp_ofat_normalization_decimal_scale|autodp_ofat_normalization_zscore|autodp_ofat_outlier_removal_iqr|autodp_ofat_outlier_removal_lof|autodp_ofat_outlier_removal_zscore,True,0,0.7461111111111111,0.008588680463189065,0.030000000000000027
D_873,873,36,0.66,0.66,0.0,autodp_00_baseline|autodp_combo_05_random_ordinal|autodp_ofat_duplicate_removal_approximate|autodp_ofat_duplicate_removal_exact|autodp_ofat_encoding_binary|autodp_ofat_encoding_catboost|autodp_ofat_encoding_frequency|autodp_ofat_encoding_ordinal|autodp_ofat_feature_selection_collinear|autodp_ofat_feature_selection_missing_ratio|autodp_ofat_imputation_drop|autodp_ofat_imputation_em|autodp_ofat_imputation_knn|autodp_ofat_imputation_mice|autodp_ofat_imputation_most_frequent|autodp_ofat_imputation_random|autodp_ofat_normalization_zscore|autodp_ofat_outlier_removal_lof|autodp_ofat_outlier_removal_zscore,True,0,0.6322222222222222,0.035986966090448116,0.12
D_874,874,36,1.0,1.0,0.0,autodp_00_baseline|autodp_combo_01_basic|autodp_combo_05_random_ordinal|autodp_ofat_duplicate_removal_approximate|autodp_ofat_duplicate_removal_exact|autodp_ofat_encoding_binary|autodp_ofat_encoding_catboost|autodp_ofat_encoding_frequency|autodp_ofat_encoding_ordinal|autodp_ofat_feature_selection_collinear|autodp_ofat_feature_selection_missing_ratio|autodp_ofat_feature_selection_tree_based|autodp_ofat_feature_selection_wrapper|autodp_ofat_imputation_drop|autodp_ofat_imputation_em|autodp_ofat_imputation_knn|autodp_ofat_imputation_mice|autodp_ofat_imputation_most_frequent|autodp_ofat_imputation_random|autodp_ofat_normalization_zscore|autodp_ofat_outlier_removal_iqr|autodp_ofat_outlier_removal_lof|autodp_ofat_outlier_removal_zscore,True,0,0.9499999999999998,0.07264831572567787,0.19999999999999996
D_875,875,36,0.85,1.0,0.15000000000000002,autodp_combo_03_mice_catboost|autodp_combo_08_knn_catboost,False,2,0.8402777777777779,0.045368008252947414,0.19999999999999996
D_876,876,36,0.6,0.7,0.09999999999999998,autodp_combo_04_em_frequency,False,6,0.6027777777777776,0.031056499687497068,0.1499999999999999
D_877,877,36,0.64,0.68,0.040000000000000036,autodp_combo_10_em_binary|autodp_combo_13_mf_binary|autodp_ofat_normalization_decimal_scale,False,7,0.6416666666666667,0.016583123951777017,0.08000000000000007
D_878,878,36,0.85,0.85,0.0,autodp_00_baseline|autodp_combo_03_mice_catboost|autodp_combo_05_random_ordinal|autodp_ofat_duplicate_removal_approximate|autodp_ofat_duplicate_removal_exact|autodp_ofat_encoding_binary|autodp_ofat_encoding_catboost|autodp_ofat_encoding_frequency|autodp_ofat_encoding_ordinal|autodp_ofat_feature_selection_collinear|autodp_ofat_feature_selection_missing_ratio|autodp_ofat_imputation_drop|autodp_ofat_imputation_em|autodp_ofat_imputation_knn|autodp_ofat_imputation_mice|autodp_ofat_imputation_most_frequent|autodp_ofat_imputation_random|autodp_ofat_normalization_zscore|autodp_ofat_outlier_removal_lof|autodp_ofat_outlier_removal_zscore,True,0,0.8083333333333332,0.05204164998665331,0.15000000000000002
D_879,879,36,0.7,0.71,0.010000000000000009,autodp_combo_08_knn_catboost|autodp_combo_12_drop_catboost|autodp_ofat_feature_selection_wrapper,False,3,0.6922222222222223,0.020563061692579702,0.08999999999999997
D_880,880,36,0.9824561403508772,1.0,0.01754385964912275,autodp_combo_01_basic|autodp_ofat_feature_selection_collinear|autodp_ofat_feature_selection_tree_based,False,3,0.9488304093567252,0.06646823346005443,0.24561403508771928
D_881,881,36,0.977,0.988,0.01100000000000001,autodp_combo_11_random_frequency,False,12,0.9709722222222221,0.023115033721598094,0.11399999999999999
D_882,882,36,0.6666666666666666,0.75,0.08333333333333337,autodp_combo_03_mice_catboost|autodp_combo_04_em_frequency|autodp_ofat_feature_selection_tree_based,False,3,0.6388888888888888,0.06514466333088095,0.25
D_884,884,36,0.85,0.85,0.0,autodp_00_baseline|autodp_combo_01_basic|autodp_combo_02_knn_binary|autodp_combo_05_random_ordinal|autodp_combo_09_mice_ordinal|autodp_ofat_duplicate_removal_approximate|autodp_ofat_duplicate_removal_exact|autodp_ofat_encoding_binary|autodp_ofat_encoding_catboost|autodp_ofat_encoding_frequency|autodp_ofat_encoding_ordinal|autodp_ofat_feature_selection_collinear|autodp_ofat_feature_selection_missing_ratio|autodp_ofat_imputation_drop|autodp_ofat_imputation_em|autodp_ofat_imputation_knn|autodp_ofat_imputation_mice|autodp_ofat_imputation_most_frequent|autodp_ofat_imputation_random|autodp_ofat_normalization_minmax|autodp_ofat_normalization_zscore|autodp_ofat_outlier_removal_iqr|autodp_ofat_outlier_removal_lof|autodp_ofat_outlier_removal_zscore,True,0,0.8388888888888888,0.018675262571079543,0.04999999999999993
D_885,885,36,1.0,1.0,0.0,autodp_00_baseline|autodp_combo_01_basic|autodp_combo_03_mice_catboost|autodp_combo_05_random_ordinal|autodp_combo_08_knn_catboost|autodp_combo_11_random_frequency|autodp_combo_12_drop_catboost|autodp_ofat_duplicate_removal_approximate|autodp_ofat_duplicate_removal_exact|autodp_ofat_encoding_binary|autodp_ofat_encoding_catboost|autodp_ofat_encoding_frequency|autodp_ofat_encoding_ordinal|autodp_ofat_feature_selection_collinear|autodp_ofat_feature_selection_missing_ratio|autodp_ofat_feature_selection_tree_based|autodp_ofat_feature_selection_wrapper|autodp_ofat_imputation_drop|autodp_ofat_imputation_em|autodp_ofat_imputation_knn|autodp_ofat_imputation_mice|autodp_ofat_imputation_most_frequent|autodp_ofat_imputation_random|autodp_ofat_normalization_zscore|autodp_ofat_outlier_removal_iqr|autodp_ofat_outlier_removal_lof|autodp_ofat_outlier_removal_zscore,True,0,0.9732510288065842,0.06796355788030353,0.37037037037037035
D_886,886,36,0.57,0.59,0.020000000000000018,autodp_ofat_feature_selection_wrapper,False,1,0.5469444444444443,0.027164053498495665,0.10999999999999999
D_887,887,36,0.6923076923076923,0.8461538461538461,0.15384615384615385,autodp_ofat_outlier_removal_lof,False,4,0.6538461538461537,0.11249954342810414,0.6153846153846154
D_888,888,36,0.8,0.84,0.039999999999999925,autodp_combo_02_knn_binary|autodp_combo_09_mice_ordinal|autodp_ofat_normalization_minmax,False,14,0.811111111111111,0.015416041028346194,0.04999999999999993
D_889,889,36,0.75,0.8,0.050000000000000044,autodp_combo_03_mice_catboost|autodp_combo_06_drop_binary|autodp_combo_08_knn_catboost|autodp_combo_11_random_frequency|autodp_ofat_feature_selection_tree_based|autodp_ofat_feature_selection_wrapper,False,6,0.7374999999999999,0.047689679759415,0.20000000000000007
D_890,890,36,0.7272727272727273,0.7272727272727273,0.0,autodp_00_baseline|autodp_combo_04_em_frequency|autodp_combo_06_drop_binary|autodp_combo_07_mf_frequency|autodp_combo_09_mice_ordinal|autodp_combo_10_em_binary|autodp_combo_12_drop_catboost|autodp_combo_13_mf_binary|autodp_ofat_duplicate_removal_approximate|autodp_ofat_duplicate_removal_exact|autodp_ofat_encoding_binary|autodp_ofat_encoding_catboost|autodp_ofat_encoding_frequency|autodp_ofat_encoding_ordinal|autodp_ofat_feature_selection_collinear|autodp_ofat_feature_selection_missing_ratio|autodp_ofat_feature_selection_wrapper|autodp_ofat_imputation_drop|autodp_ofat_imputation_em|autodp_ofat_imputation_knn|autodp_ofat_imputation_mice|autodp_ofat_imputation_most_frequent|autodp_ofat_imputation_random|autodp_ofat_normalization_decimal_scale|autodp_ofat_normalization_minmax|autodp_ofat_normalization_zscore,True,0,0.702020202020202,0.046012290803759084,0.13636363636363635
D_891,891,36,0.7894736842105263,0.8421052631578947,0.05263157894736836,autodp_combo_01_basic|autodp_combo_05_random_ordinal|autodp_ofat_encoding_binary|autodp_ofat_feature_selection_tree_based|autodp_ofat_feature_selection_wrapper,False,5,0.763157894736842,0.07494740127471518,0.26315789473684204
D_892,892,36,0.9,1.0,0.09999999999999998,autodp_combo_01_basic|autodp_combo_02_knn_binary|autodp_combo_03_mice_catboost|autodp_combo_04_em_frequency|autodp_combo_05_random_ordinal|autodp_combo_06_drop_binary|autodp_combo_07_mf_frequency|autodp_combo_08_knn_catboost|autodp_combo_09_mice_ordinal|autodp_combo_10_em_binary|autodp_combo_11_random_frequency|autodp_combo_12_drop_catboost|autodp_combo_13_mf_binary|autodp_ofat_feature_selection_tree_based|autodp_ofat_feature_selection_wrapper|autodp_ofat_normalization_decimal_scale|autodp_ofat_normalization_minmax|autodp_ofat_normalization_zscore,False,18,0.9444444444444444,0.05983516452371669,0.19999999999999996
D_893,893,36,0.6,0.6666666666666666,0.06666666666666665,autodp_combo_02_knn_binary|autodp_combo_09_mice_ordinal|autodp_ofat_normalization_minmax,False,3,0.577777777777778,0.04969039949999532,0.19999999999999996
D_894,894,36,0.9285714285714286,1.0,0.0714285714285714,autodp_combo_02_knn_binary|autodp_combo_05_random_ordinal|autodp_combo_12_drop_catboost|autodp_ofat_feature_selection_tree_based,False,4,0.9325396825396824,0.028889324957462378,0.1428571428571429
D_895,895,36,1.0,1.0,0.0,autodp_00_baseline|autodp_combo_01_basic|autodp_combo_02_knn_binary|autodp_combo_03_mice_catboost|autodp_combo_05_random_ordinal|autodp_combo_06_drop_binary|autodp_combo_08_knn_catboost|autodp_combo_09_mice_ordinal|autodp_combo_11_random_frequency|autodp_combo_12_drop_catboost|autodp_ofat_duplicate_removal_approximate|autodp_ofat_duplicate_removal_exact|autodp_ofat_encoding_binary|autodp_ofat_encoding_catboost|autodp_ofat_encoding_frequency|autodp_ofat_encoding_ordinal|autodp_ofat_feature_selection_collinear|autodp_ofat_feature_selection_missing_ratio|autodp_ofat_feature_selection_tree_based|autodp_ofat_feature_selection_wrapper|autodp_ofat_imputation_drop|autodp_ofat_imputation_em|autodp_ofat_imputation_knn|autodp_ofat_imputation_mice|autodp_ofat_imputation_most_frequent|autodp_ofat_imputation_random|autodp_ofat_normalization_minmax|autodp_ofat_normalization_zscore|autodp_ofat_outlier_removal_iqr|autodp_ofat_outlier_removal_lof|autodp_ofat_outlier_removal_zscore,True,0,0.9938271604938271,0.015370246417270026,0.0444444444444444
D_896,896,36,0.58,0.67,0.09000000000000008,autodp_combo_07_mf_frequency,False,18,0.6027777777777776,0.028539554531202962,0.09000000000000008
D_897,897,36,0.9742489270386266,0.9871244635193132,0.012875536480686511,autodp_combo_01_basic,False,9,0.9682880305197903,0.016476245780979087,0.06437768240343333
D_898,898,36,0.8181818181818182,0.9090909090909092,0.09090909090909094,autodp_combo_01_basic|autodp_combo_02_knn_binary|autodp_combo_05_random_ordinal|autodp_combo_08_knn_catboost|autodp_ofat_imputation_drop|autodp_ofat_imputation_random|autodp_ofat_normalization_minmax|autodp_ofat_normalization_zscore,False,8,0.8106060606060606,0.08124094920275464,0.36363636363636376
D_899,899,36,0.8421052631578947,0.8947368421052632,0.052631578947368474,autodp_combo_02_knn_binary|autodp_combo_09_mice_ordinal|autodp_ofat_normalization_minmax,False,3,0.827485380116959,0.031896819048642416,0.10526315789473684
D_900,900,36,0.575,0.625,0.050000000000000044,autodp_combo_03_mice_catboost,False,11,0.5732638888888888,0.020865137760518914,0.125
D_901,901,36,0.835,0.835,0.0,autodp_00_baseline|autodp_combo_01_basic|autodp_combo_02_knn_binary|autodp_combo_05_random_ordinal|autodp_combo_09_mice_ordinal|autodp_ofat_duplicate_removal_approximate|autodp_ofat_duplicate_removal_exact|autodp_ofat_encoding_binary|autodp_ofat_encoding_catboost|autodp_ofat_encoding_frequency|autodp_ofat_encoding_ordinal|autodp_ofat_feature_selection_collinear|autodp_ofat_feature_selection_missing_ratio|autodp_ofat_imputation_drop|autodp_ofat_imputation_em|autodp_ofat_imputation_knn|autodp_ofat_imputation_mice|autodp_ofat_imputation_most_frequent|autodp_ofat_imputation_random|autodp_ofat_normalization_minmax|autodp_ofat_normalization_zscore|autodp_ofat_outlier_removal_iqr|autodp_ofat_outlier_removal_lof|autodp_ofat_outlier_removal_zscore,True,0,0.8341944444444445,0.0011976700631838955,0.0030000000000000027
D_902,902,36,0.6,0.7333333333333333,0.1333333333333333,autodp_ofat_encoding_frequency,False,9,0.6083333333333334,0.04110735718596872,0.19999999999999996
D_903,903,36,0.65,0.71,0.05999999999999994,autodp_combo_07_mf_frequency,False,12,0.658611111111111,0.01738498358702094,0.06999999999999995
D_904,904,36,0.795,0.805,0.010000000000000009,autodp_combo_06_drop_binary,False,4,0.7945833333333334,0.00397474667257061,0.020000000000000018
D_905,905,36,1.0,1.0,0.0,autodp_00_baseline|autodp_combo_01_basic|autodp_combo_03_mice_catboost|autodp_combo_05_random_ordinal|autodp_combo_08_knn_catboost|autodp_combo_11_random_frequency|autodp_ofat_duplicate_removal_approximate|autodp_ofat_duplicate_removal_exact|autodp_ofat_encoding_binary|autodp_ofat_encoding_catboost|autodp_ofat_encoding_frequency|autodp_ofat_encoding_ordinal|autodp_ofat_feature_selection_collinear|autodp_ofat_feature_selection_missing_ratio|autodp_ofat_feature_selection_tree_based|autodp_ofat_feature_selection_wrapper|autodp_ofat_imputation_drop|autodp_ofat_imputation_em|autodp_ofat_imputation_knn|autodp_ofat_imputation_mice|autodp_ofat_imputation_most_frequent|autodp_ofat_imputation_random|autodp_ofat_normalization_zscore|autodp_ofat_outlier_removal_iqr|autodp_ofat_outlier_removal_lof|autodp_ofat_outlier_removal_zscore,True,0,0.9375,0.10825317547305482,0.375
D_906,906,36,0.5125,0.5125,0.0,autodp_00_baseline|autodp_combo_04_em_frequency|autodp_combo_07_mf_frequency|autodp_combo_10_em_binary|autodp_combo_13_mf_binary|autodp_ofat_duplicate_removal_approximate|autodp_ofat_duplicate_removal_exact|autodp_ofat_encoding_binary|autodp_ofat_encoding_catboost|autodp_ofat_encoding_frequency|autodp_ofat_encoding_ordinal|autodp_ofat_feature_selection_collinear|autodp_ofat_feature_selection_missing_ratio|autodp_ofat_imputation_drop|autodp_ofat_imputation_em|autodp_ofat_imputation_knn|autodp_ofat_imputation_mice|autodp_ofat_imputation_most_frequent|autodp_ofat_imputation_random|autodp_ofat_normalization_decimal_scale,True,0,0.48923611111111104,0.03120173742293649,0.09999999999999998
D_907,907,36,0.6,0.6125,0.012500000000000067,autodp_ofat_feature_selection_wrapper,False,1,0.5642361111111112,0.050702767581583735,0.17500000000000004
D_908,908,36,0.575,0.6125,0.03750000000000009,autodp_combo_06_drop_binary,False,2,0.5583333333333332,0.02602082499332666,0.10000000000000009
D_909,909,36,0.5375,0.5625,0.025000000000000022,autodp_combo_04_em_frequency|autodp_combo_07_mf_frequency,False,2,0.5142361111111111,0.03386974356739342,0.1375
D_910,910,36,0.705,0.745,0.040000000000000036,autodp_combo_04_em_frequency,False,15,0.7154166666666666,0.013507970897872786,0.040000000000000036
D_911,911,36,0.56,0.64,0.07999999999999996,autodp_combo_06_drop_binary,False,8,0.5555555555555557,0.03593547028621385,0.16000000000000003
D_912,912,36,0.73,0.745,0.015000000000000013,autodp_combo_02_knn_binary|autodp_combo_09_mice_ordinal|autodp_ofat_normalization_minmax,False,8,0.729861111111111,0.007948279959902504,0.03500000000000003
D_913,913,36,0.62,0.725,0.10499999999999998,autodp_combo_04_em_frequency,False,18,0.6480555555555555,0.0393925715250734,0.10499999999999998
D_914,914,36,0.8379052369077307,0.8478802992518704,0.009975062344139696,autodp_combo_01_basic|autodp_combo_03_mice_catboost|autodp_combo_05_random_ordinal|autodp_combo_08_knn_catboost|autodp_combo_11_random_frequency|autodp_ofat_normalization_zscore,False,8,0.7632308118592408,0.1864412421485713,0.6059850374064839
D_915,915,36,0.5238095238095238,0.6031746031746031,0.0793650793650793,autodp_combo_05_random_ordinal|autodp_combo_08_knn_catboost|autodp_ofat_encoding_catboost,False,20,0.5427689594356262,0.02941614427534555,0.12698412698412703
D_916,916,36,0.65,0.75,0.09999999999999998,autodp_combo_01_basic|autodp_combo_08_knn_catboost|autodp_ofat_feature_selection_wrapper,False,10,0.6541666666666666,0.05187458165828636,0.19999999999999996
D_917,917,36,0.69,0.695,0.0050000000000000044,autodp_combo_01_basic|autodp_combo_05_random_ordinal|autodp_ofat_normalization_zscore,False,3,0.684027777777778,0.009038455224179927,0.03499999999999992
D_918,918,36,0.52,0.68,0.16000000000000003,autodp_combo_04_em_frequency,False,18,0.558888888888889,0.04782942944451308,0.16000000000000003
D_919,919,36,1.0,1.0,0.0,autodp_00_baseline|autodp_combo_01_basic|autodp_combo_03_mice_catboost|autodp_combo_05_random_ordinal|autodp_combo_08_knn_catboost|autodp_combo_11_random_frequency|autodp_ofat_duplicate_removal_approximate|autodp_ofat_duplicate_removal_exact|autodp_ofat_encoding_binary|autodp_ofat_encoding_catboost|autodp_ofat_encoding_frequency|autodp_ofat_encoding_ordinal|autodp_ofat_feature_selection_collinear|autodp_ofat_feature_selection_missing_ratio|autodp_ofat_feature_selection_tree_based|autodp_ofat_feature_selection_wrapper|autodp_ofat_imputation_drop|autodp_ofat_imputation_em|autodp_ofat_imputation_knn|autodp_ofat_imputation_mice|autodp_ofat_imputation_most_frequent|autodp_ofat_imputation_random|autodp_ofat_normalization_minmax|autodp_ofat_normalization_zscore|autodp_ofat_outlier_removal_iqr|autodp_ofat_outlier_removal_lof|autodp_ofat_outlier_removal_zscore,True,0,0.9166666666666666,0.17179606773406922,0.5
D_920,920,36,0.68,0.75,0.06999999999999995,autodp_ofat_feature_selection_tree_based,False,12,0.6863888888888889,0.025620388775107486,0.12
D_921,921,36,1.0,1.0,0.0,autodp_00_baseline|autodp_combo_01_basic|autodp_combo_05_random_ordinal|autodp_ofat_duplicate_removal_approximate|autodp_ofat_duplicate_removal_exact|autodp_ofat_encoding_binary|autodp_ofat_encoding_catboost|autodp_ofat_encoding_frequency|autodp_ofat_encoding_ordinal|autodp_ofat_feature_selection_collinear|autodp_ofat_feature_selection_missing_ratio|autodp_ofat_imputation_drop|autodp_ofat_imputation_em|autodp_ofat_imputation_knn|autodp_ofat_imputation_mice|autodp_ofat_imputation_most_frequent|autodp_ofat_imputation_random|autodp_ofat_normalization_zscore|autodp_ofat_outlier_removal_iqr|autodp_ofat_outlier_removal_lof|autodp_ofat_outlier_removal_zscore,True,0,0.9290123456790123,0.11593604920366017,0.33333333333333337
D_922,922,36,0.6,0.6,0.0,autodp_00_baseline|autodp_combo_01_basic|autodp_combo_02_knn_binary|autodp_combo_05_random_ordinal|autodp_combo_06_drop_binary|autodp_combo_09_mice_ordinal|autodp_combo_12_drop_catboost|autodp_ofat_duplicate_removal_approximate|autodp_ofat_duplicate_removal_exact|autodp_ofat_encoding_binary|autodp_ofat_encoding_catboost|autodp_ofat_encoding_frequency|autodp_ofat_encoding_ordinal|autodp_ofat_feature_selection_collinear|autodp_ofat_feature_selection_missing_ratio|autodp_ofat_imputation_drop|autodp_ofat_imputation_em|autodp_ofat_imputation_knn|autodp_ofat_imputation_mice|autodp_ofat_imputation_most_frequent|autodp_ofat_imputation_random|autodp_ofat_normalization_minmax|autodp_ofat_normalization_zscore|autodp_ofat_outlier_removal_iqr|autodp_ofat_outlier_removal_lof|autodp_ofat_outlier_removal_zscore,True,0,0.5861111111111111,0.022395160411940385,0.04999999999999993
D_923,923,36,0.988,0.997,0.009000000000000008,autodp_combo_05_random_ordinal,False,7,0.9824444444444441,0.018453311121802082,0.10599999999999998
D_924,924,36,0.9230769230769232,0.9230769230769232,0.0,autodp_00_baseline|autodp_combo_01_basic|autodp_combo_02_knn_binary|autodp_combo_03_mice_catboost|autodp_combo_04_em_frequency|autodp_combo_05_random_ordinal|autodp_combo_06_drop_binary|autodp_combo_07_mf_frequency|autodp_combo_08_knn_catboost|autodp_combo_09_mice_ordinal|autodp_combo_10_em_binary|autodp_combo_11_random_frequency|autodp_combo_12_drop_catboost|autodp_combo_13_mf_binary|autodp_ofat_duplicate_removal_approximate|autodp_ofat_duplicate_removal_exact|autodp_ofat_encoding_binary|autodp_ofat_encoding_catboost|autodp_ofat_encoding_frequency|autodp_ofat_encoding_ordinal|autodp_ofat_feature_selection_collinear|autodp_ofat_feature_selection_missing_ratio|autodp_ofat_feature_selection_tree_based|autodp_ofat_feature_selection_wrapper|autodp_ofat_imputation_drop|autodp_ofat_imputation_em|autodp_ofat_imputation_knn|autodp_ofat_imputation_mice|autodp_ofat_imputation_most_frequent|autodp_ofat_imputation_random|autodp_ofat_normalization_decimal_scale|autodp_ofat_normalization_minmax|autodp_ofat_normalization_zscore|autodp_ofat_outlier_removal_iqr|autodp_ofat_outlier_removal_lof|autodp_ofat_outlier_removal_zscore,True,0,0.9230769230769231,1.1102230246251565e-16,0.0
D_925,925,36,0.9384615384615383,0.9692307692307692,0.030769230769230882,autodp_combo_04_em_frequency|autodp_combo_06_drop_binary|autodp_combo_12_drop_catboost,False,10,0.9440170940170939,0.009698124545222486,0.030769230769230882
D_926,926,36,0.87,0.87,0.0,autodp_00_baseline|autodp_combo_01_basic|autodp_combo_05_random_ordinal|autodp_ofat_duplicate_removal_approximate|autodp_ofat_duplicate_removal_exact|autodp_ofat_encoding_binary|autodp_ofat_encoding_catboost|autodp_ofat_encoding_frequency|autodp_ofat_encoding_ordinal|autodp_ofat_feature_selection_collinear|autodp_ofat_feature_selection_missing_ratio|autodp_ofat_imputation_drop|autodp_ofat_imputation_em|autodp_ofat_imputation_knn|autodp_ofat_imputation_mice|autodp_ofat_imputation_most_frequent|autodp_ofat_imputation_random|autodp_ofat_normalization_zscore|autodp_ofat_outlier_removal_iqr|autodp_ofat_outlier_removal_lof|autodp_ofat_outlier_removal_zscore,True,0,0.8580555555555555,0.016802685705374028,0.050000000000000044
D_927,927,36,0.8888888888888888,0.8888888888888888,0.0,autodp_00_baseline|autodp_combo_03_mice_catboost|autodp_combo_05_random_ordinal|autodp_combo_08_knn_catboost|autodp_ofat_duplicate_removal_approximate|autodp_ofat_duplicate_removal_exact|autodp_ofat_encoding_binary|autodp_ofat_encoding_catboost|autodp_ofat_encoding_frequency|autodp_ofat_encoding_ordinal|autodp_ofat_feature_selection_collinear|autodp_ofat_feature_selection_missing_ratio|autodp_ofat_feature_selection_tree_based|autodp_ofat_feature_selection_wrapper|autodp_ofat_imputation_drop|autodp_ofat_imputation_em|autodp_ofat_imputation_knn|autodp_ofat_imputation_mice|autodp_ofat_imputation_most_frequent|autodp_ofat_imputation_random|autodp_ofat_normalization_zscore|autodp_ofat_outlier_removal_lof|autodp_ofat_outlier_removal_zscore,True,0,0.8024691358024694,0.1285967077530843,0.33333333333333326
D_928,928,36,1.0,1.0,0.0,autodp_00_baseline|autodp_combo_01_basic|autodp_combo_05_random_ordinal|autodp_ofat_duplicate_removal_approximate|autodp_ofat_duplicate_removal_exact|autodp_ofat_encoding_binary|autodp_ofat_feature_selection_collinear|autodp_ofat_feature_selection_missing_ratio|autodp_ofat_feature_selection_tree_based|autodp_ofat_imputation_drop|autodp_ofat_imputation_em|autodp_ofat_imputation_knn|autodp_ofat_imputation_mice|autodp_ofat_imputation_most_frequent|autodp_ofat_imputation_random|autodp_ofat_normalization_zscore|autodp_ofat_outlier_removal_iqr|autodp_ofat_outlier_removal_lof|autodp_ofat_outlier_removal_zscore,True,0,0.8583333333333333,0.17380544678845175,0.5
D_929,929,36,0.7142857142857143,0.7857142857142857,0.0714285714285714,autodp_combo_02_knn_binary|autodp_combo_12_drop_catboost,False,2,0.7003968253968255,0.047078613165494713,0.2857142857142857
D_930,930,36,0.7547892720306514,0.7701149425287356,0.015325670498084198,autodp_combo_03_mice_catboost|autodp_ofat_normalization_zscore,False,9,0.7309493401447423,0.04534393785255038,0.1954022988505747
D_931,931,36,0.6015037593984962,0.6015037593984962,0.0,autodp_00_baseline|autodp_ofat_duplicate_removal_approximate|autodp_ofat_duplicate_removal_exact|autodp_ofat_encoding_binary|autodp_ofat_encoding_catboost|autodp_ofat_encoding_frequency|autodp_ofat_encoding_ordinal|autodp_ofat_feature_selection_collinear|autodp_ofat_feature_selection_missing_ratio|autodp_ofat_imputation_drop|autodp_ofat_imputation_em|autodp_ofat_imputation_knn|autodp_ofat_imputation_mice|autodp_ofat_imputation_most_frequent|autodp_ofat_imputation_random|autodp_ofat_normalization_zscore|autodp_ofat_outlier_removal_zscore,True,0,0.5802005012531329,0.02748334862087883,0.07518796992481203
D_932,932,36,0.5,0.65,0.15000000000000002,autodp_combo_11_random_frequency|autodp_ofat_normalization_decimal_scale,False,12,0.5333333333333334,0.05270462766947299,0.2
D_933,933,36,0.6,0.64,0.040000000000000036,autodp_combo_07_mf_frequency|autodp_combo_11_random_frequency,False,5,0.5894444444444445,0.02924460486278189,0.12
D_935,935,36,0.64,0.68,0.040000000000000036,autodp_combo_03_mice_catboost|autodp_combo_11_random_frequency|autodp_ofat_feature_selection_tree_based,False,3,0.6311111111111111,0.026010444246043634,0.10000000000000009
D_936,936,36,0.67,0.7,0.029999999999999916,autodp_combo_11_random_frequency,False,4,0.658888888888889,0.02514157444218837,0.09999999999999998
D_937,937,36,0.68,0.7,0.019999999999999907,autodp_combo_11_random_frequency,False,3,0.6683333333333333,0.020749832663314566,0.07999999999999996
D_938,938,36,0.7777777777777778,1.0,0.2222222222222222,autodp_ofat_feature_selection_tree_based|autodp_ofat_feature_selection_wrapper|autodp_ofat_normalization_zscore,False,11,0.7870370370370372,0.11527684812952527,0.4444444444444444
D_939,939,36,0.9782608695652174,0.9782608695652174,0.0,autodp_00_baseline|autodp_combo_01_basic|autodp_combo_02_knn_binary|autodp_combo_03_mice_catboost|autodp_combo_05_random_ordinal|autodp_combo_06_drop_binary|autodp_combo_08_knn_catboost|autodp_combo_09_mice_ordinal|autodp_combo_11_random_frequency|autodp_combo_12_drop_catboost|autodp_ofat_duplicate_removal_approximate|autodp_ofat_duplicate_removal_exact|autodp_ofat_encoding_binary|autodp_ofat_encoding_catboost|autodp_ofat_encoding_frequency|autodp_ofat_encoding_ordinal|autodp_ofat_feature_selection_collinear|autodp_ofat_feature_selection_missing_ratio|autodp_ofat_feature_selection_tree_based|autodp_ofat_feature_selection_wrapper|autodp_ofat_imputation_drop|autodp_ofat_imputation_em|autodp_ofat_imputation_knn|autodp_ofat_imputation_mice|autodp_ofat_imputation_most_frequent|autodp_ofat_imputation_random|autodp_ofat_normalization_minmax|autodp_ofat_normalization_zscore|autodp_ofat_outlier_removal_iqr|autodp_ofat_outlier_removal_zscore,True,0,0.9528985507246376,0.062018995538491606,0.21739130434782605
D_940,940,36,0.839622641509434,0.9339622641509434,0.09433962264150941,autodp_combo_05_random_ordinal,False,14,0.8443396226415094,0.030447982281504853,0.18867924528301894
D_941,941,36,0.7631578947368421,0.8157894736842105,0.05263157894736836,autodp_ofat_feature_selection_wrapper|autodp_ofat_normalization_decimal_scale|autodp_ofat_normalization_minmax,False,12,0.7733918128654973,0.01784584154347031,0.07894736842105265
D_942,942,36,0.6,0.7,0.09999999999999998,autodp_combo_02_knn_binary|autodp_combo_06_drop_binary|autodp_combo_11_random_frequency|autodp_combo_12_drop_catboost|autodp_ofat_encoding_binary|autodp_ofat_outlier_removal_iqr|autodp_ofat_outlier_removal_lof,False,7,0.6055555555555555,0.05746711351549221,0.19999999999999996
D_943,943,36,0.91,0.91,0.0,autodp_00_baseline|autodp_combo_01_basic|autodp_combo_05_random_ordinal|autodp_ofat_duplicate_removal_approximate|autodp_ofat_duplicate_removal_exact|autodp_ofat_encoding_binary|autodp_ofat_encoding_catboost|autodp_ofat_encoding_frequency|autodp_ofat_encoding_ordinal|autodp_ofat_feature_selection_collinear|autodp_ofat_feature_selection_missing_ratio|autodp_ofat_imputation_drop|autodp_ofat_imputation_em|autodp_ofat_imputation_knn|autodp_ofat_imputation_mice|autodp_ofat_imputation_most_frequent|autodp_ofat_imputation_random|autodp_ofat_normalization_zscore|autodp_ofat_outlier_removal_iqr|autodp_ofat_outlier_removal_lof|autodp_ofat_outlier_removal_zscore,True,0,0.9027777777777776,0.010168336232068411,0.030000000000000027
D_944,944,36,0.8076923076923077,0.8076923076923077,0.0,autodp_00_baseline|autodp_combo_02_knn_binary|autodp_combo_03_mice_catboost|autodp_combo_04_em_frequency|autodp_combo_06_drop_binary|autodp_combo_07_mf_frequency|autodp_combo_09_mice_ordinal|autodp_combo_12_drop_catboost|autodp_ofat_duplicate_removal_approximate|autodp_ofat_duplicate_removal_exact|autodp_ofat_encoding_binary|autodp_ofat_encoding_ordinal|autodp_ofat_feature_selection_collinear|autodp_ofat_feature_selection_missing_ratio|autodp_ofat_feature_selection_tree_based|autodp_ofat_feature_selection_wrapper|autodp_ofat_imputation_em|autodp_ofat_imputation_knn|autodp_ofat_imputation_mice|autodp_ofat_imputation_most_frequent|autodp_ofat_imputation_random|autodp_ofat_normalization_decimal_scale|autodp_ofat_normalization_minmax|autodp_ofat_outlier_removal_zscore,True,0,0.7713675213675213,0.055842454467401645,0.1923076923076923
D_945,945,36,0.8125,0.8125,0.0,autodp_00_baseline|autodp_combo_01_basic|autodp_ofat_duplicate_removal_approximate|autodp_ofat_duplicate_removal_exact|autodp_ofat_encoding_binary|autodp_ofat_encoding_frequency|autodp_ofat_feature_selection_collinear|autodp_ofat_feature_selection_missing_ratio|autodp_ofat_feature_selection_tree_based|autodp_ofat_feature_selection_wrapper|autodp_ofat_imputation_drop|autodp_ofat_imputation_em|autodp_ofat_imputation_knn|autodp_ofat_imputation_mice|autodp_ofat_imputation_most_frequent|autodp_ofat_imputation_random|autodp_ofat_outlier_removal_iqr|autodp_ofat_outlier_removal_lof|autodp_ofat_outlier_removal_zscore,True,0,0.7378472222222222,0.09639716883265098,0.3125
D_946,946,36,0.5,0.5555555555555556,0.05555555555555558,autodp_combo_01_basic|autodp_combo_05_random_ordinal|autodp_ofat_duplicate_removal_approximate|autodp_ofat_normalization_zscore,False,4,0.49537037037037024,0.03035851168658335,0.11111111111111116
D_947,947,36,0.9732142857142856,0.9732142857142856,0.0,autodp_00_baseline|autodp_combo_03_mice_catboost|autodp_combo_06_drop_binary|autodp_ofat_duplicate_removal_approximate|autodp_ofat_duplicate_removal_exact|autodp_ofat_encoding_binary|autodp_ofat_encoding_catboost|autodp_ofat_encoding_frequency|autodp_ofat_encoding_ordinal|autodp_ofat_feature_selection_collinear|autodp_ofat_feature_selection_missing_ratio|autodp_ofat_feature_selection_tree_based|autodp_ofat_feature_selection_wrapper|autodp_ofat_imputation_drop|autodp_ofat_imputation_em|autodp_ofat_imputation_knn|autodp_ofat_imputation_mice|autodp_ofat_imputation_most_frequent|autodp_ofat_imputation_random|autodp_ofat_normalization_decimal_scale|autodp_ofat_normalization_minmax|autodp_ofat_normalization_zscore|autodp_ofat_outlier_removal_iqr|autodp_ofat_outlier_removal_lof|autodp_ofat_outlier_removal_zscore,True,0,0.9677579365079365,0.008225755928460785,0.017857142857142794
D_949,949,36,0.8303571428571429,0.8571428571428571,0.02678571428571419,autodp_combo_02_knn_binary|autodp_combo_04_em_frequency|autodp_combo_07_mf_frequency|autodp_combo_08_knn_catboost|autodp_combo_09_mice_ordinal|autodp_combo_10_em_binary|autodp_combo_11_random_frequency|autodp_combo_12_drop_catboost|autodp_combo_13_mf_binary|autodp_ofat_encoding_ordinal|autodp_ofat_normalization_decimal_scale|autodp_ofat_normalization_minmax,False,22,0.8430059523809523,0.011974313198981422,0.0357142857142857
D_950,950,36,1.0,1.0,0.0,autodp_00_baseline|autodp_combo_01_basic|autodp_combo_03_mice_catboost|autodp_combo_05_random_ordinal|autodp_ofat_duplicate_removal_approximate|autodp_ofat_duplicate_removal_exact|autodp_ofat_encoding_binary|autodp_ofat_encoding_catboost|autodp_ofat_encoding_frequency|autodp_ofat_encoding_ordinal|autodp_ofat_feature_selection_collinear|autodp_ofat_feature_selection_missing_ratio|autodp_ofat_feature_selection_tree_based|autodp_ofat_feature_selection_wrapper|autodp_ofat_imputation_drop|autodp_ofat_imputation_em|autodp_ofat_imputation_knn|autodp_ofat_imputation_mice|autodp_ofat_imputation_most_frequent|autodp_ofat_imputation_random|autodp_ofat_outlier_removal_iqr|autodp_ofat_outlier_removal_lof|autodp_ofat_outlier_removal_zscore,True,0,0.9880952380952382,0.016436549132719084,0.03571428571428559
D_951,951,26,1.0,1.0,0.0,autodp_00_baseline|autodp_combo_03_mice_catboost|autodp_ofat_duplicate_removal_approximate|autodp_ofat_duplicate_removal_exact|autodp_ofat_encoding_binary|autodp_ofat_encoding_catboost|autodp_ofat_encoding_frequency|autodp_ofat_encoding_ordinal|autodp_ofat_feature_selection_collinear|autodp_ofat_feature_selection_missing_ratio|autodp_ofat_feature_selection_tree_based|autodp_ofat_feature_selection_wrapper|autodp_ofat_imputation_drop|autodp_ofat_imputation_em|autodp_ofat_imputation_knn|autodp_ofat_imputation_mice|autodp_ofat_imputation_most_frequent|autodp_ofat_imputation_random|autodp_ofat_normalization_zscore|autodp_ofat_outlier_removal_zscore,True,0,0.9955357142857142,0.009014014250279348,0.026785714285714413
D_952,952,36,0.6511627906976745,0.6976744186046512,0.046511627906976716,autodp_ofat_outlier_removal_zscore,False,2,0.5872093023255816,0.08568872468772927,0.3488372093023256
D_953,953,36,0.932601880877743,0.9529780564263324,0.020376175548589393,autodp_combo_11_random_frequency,False,8,0.9209770114942527,0.03842412720931076,0.14263322884012553
D_954,954,36,0.97196261682243,0.9906542056074766,0.01869158878504662,autodp_combo_03_mice_catboost|autodp_combo_11_random_frequency,False,3,0.9519730010384215,0.02890260496630818,0.09345794392523366
D_955,955,36,0.6774193548387096,0.7096774193548387,0.032258064516129115,autodp_combo_01_basic|autodp_combo_05_random_ordinal|autodp_combo_06_drop_binary|autodp_combo_09_mice_ordinal|autodp_ofat_duplicate_removal_approximate|autodp_ofat_duplicate_removal_exact|autodp_ofat_feature_selection_tree_based|autodp_ofat_feature_selection_wrapper|autodp_ofat_normalization_decimal_scale,False,9,0.6747311827956988,0.025643526919810384,0.09677419354838712
D_956,956,36,0.6363636363636364,0.7727272727272727,0.13636363636363635,autodp_combo_08_knn_catboost,False,13,0.6578282828282829,0.0393445364921285,0.18181818181818177
D_957,957,36,0.7951807228915663,0.8192771084337349,0.02409638554216864,autodp_ofat_feature_selection_tree_based|autodp_ofat_feature_selection_wrapper|autodp_ofat_imputation_random|autodp_ofat_normalization_decimal_scale|autodp_ofat_normalization_minmax,False,8,0.788152610441767,0.01975132085633132,0.07228915662650603
D_958,958,36,0.9956709956709956,0.997835497835498,0.0021645021645023688,autodp_combo_03_mice_catboost|autodp_combo_08_knn_catboost|autodp_ofat_feature_selection_tree_based|autodp_ofat_feature_selection_wrapper|autodp_ofat_normalization_zscore,False,5,0.9573112073112073,0.07622102984067108,0.2748917748917751
D_959,959,36,1.0,1.0,0.0,autodp_00_baseline|autodp_combo_01_basic|autodp_combo_02_knn_binary|autodp_combo_03_mice_catboost|autodp_combo_05_random_ordinal|autodp_combo_06_drop_binary|autodp_combo_08_knn_catboost|autodp_combo_09_mice_ordinal|autodp_combo_10_em_binary|autodp_combo_11_random_frequency|autodp_combo_12_drop_catboost|autodp_combo_13_mf_binary|autodp_ofat_duplicate_removal_approximate|autodp_ofat_duplicate_removal_exact|autodp_ofat_encoding_binary|autodp_ofat_encoding_catboost|autodp_ofat_encoding_ordinal|autodp_ofat_feature_selection_collinear|autodp_ofat_feature_selection_missing_ratio|autodp_ofat_feature_selection_tree_based|autodp_ofat_feature_selection_wrapper|autodp_ofat_imputation_drop|autodp_ofat_imputation_em|autodp_ofat_imputation_knn|autodp_ofat_imputation_mice|autodp_ofat_imputation_most_frequent|autodp_ofat_imputation_random|autodp_ofat_normalization_decimal_scale|autodp_ofat_normalization_minmax|autodp_ofat_normalization_zscore|autodp_ofat_outlier_removal_iqr|autodp_ofat_outlier_removal_lof|autodp_ofat_outlier_removal_zscore,True,0,0.9714166666666668,0.09480019192432516,0.34299999999999997
D_960,960,36,0.6666666666666666,0.7777777777777778,0.11111111111111116,autodp_combo_06_drop_binary,False,13,0.6759259259259259,0.05319039487535211,0.2777777777777778
D_961,961,36,0.8421052631578947,0.8771929824561403,0.03508771929824561,autodp_ofat_normalization_decimal_scale,False,1,0.7675438596491228,0.11380055354046122,0.33333333333333326
D_962,962,36,1.0,1.0,0.0,autodp_00_baseline|autodp_combo_01_basic|autodp_combo_02_knn_binary|autodp_combo_03_mice_catboost|autodp_combo_05_random_ordinal|autodp_combo_06_drop_binary|autodp_combo_08_knn_catboost|autodp_combo_09_mice_ordinal|autodp_combo_11_random_frequency|autodp_combo_12_drop_catboost|autodp_ofat_duplicate_removal_approximate|autodp_ofat_duplicate_removal_exact|autodp_ofat_encoding_binary|autodp_ofat_encoding_catboost|autodp_ofat_encoding_frequency|autodp_ofat_encoding_ordinal|autodp_ofat_feature_selection_collinear|autodp_ofat_feature_selection_missing_ratio|autodp_ofat_feature_selection_tree_based|autodp_ofat_feature_selection_wrapper|autodp_ofat_imputation_drop|autodp_ofat_imputation_em|autodp_ofat_imputation_knn|autodp_ofat_imputation_mice|autodp_ofat_imputation_most_frequent|autodp_ofat_imputation_random|autodp_ofat_normalization_minmax|autodp_ofat_normalization_zscore|autodp_ofat_outlier_removal_iqr|autodp_ofat_outlier_removal_lof|autodp_ofat_outlier_removal_zscore,True,0,0.9861111111111112,0.034583054438857584,0.09999999999999998
D_963,963,33,0.7796610169491526,0.8135593220338984,0.03389830508474578,autodp_combo_03_mice_catboost|autodp_combo_08_knn_catboost,False,11,0.7750385208012328,0.03371102019809335,0.15254237288135597
D_964,964,36,0.75,0.875,0.125,autodp_combo_02_knn_binary|autodp_combo_06_drop_binary|autodp_ofat_normalization_decimal_scale|autodp_ofat_normalization_minmax,False,4,0.7326388888888888,0.0841252877749008,0.375
D_965,965,4,,1.0,,autodp_ofat_encoding_binary|autodp_ofat_encoding_catboost|autodp_ofat_encoding_ordinal,False,0,0.9642857142857143,0.06185895741317421,0.1428571428571429
D_966,966,36,0.9477611940298508,0.9552238805970148,0.007462686567163979,autodp_ofat_imputation_drop|autodp_ofat_imputation_em,False,5,0.9406094527363185,0.012134836008139223,0.04850746268656703
D_967,967,36,0.8780487804878049,0.902439024390244,0.024390243902439157,autodp_ofat_feature_selection_tree_based|autodp_ofat_feature_selection_wrapper|autodp_ofat_imputation_most_frequent,False,6,0.8604336043360434,0.03020799025692136,0.12195121951219523
D_968,968,36,0.8767123287671232,0.9041095890410958,0.0273972602739726,autodp_combo_03_mice_catboost,False,4,0.873668188736682,0.011691241625370781,0.06849315068493145
D_969,969,36,1.0,1.0,0.0,autodp_00_baseline|autodp_combo_01_basic|autodp_combo_02_knn_binary|autodp_combo_03_mice_catboost|autodp_combo_05_random_ordinal|autodp_combo_06_drop_binary|autodp_combo_07_mf_frequency|autodp_combo_08_knn_catboost|autodp_combo_09_mice_ordinal|autodp_combo_10_em_binary|autodp_combo_11_random_frequency|autodp_combo_12_drop_catboost|autodp_combo_13_mf_binary|autodp_ofat_duplicate_removal_approximate|autodp_ofat_duplicate_removal_exact|autodp_ofat_encoding_binary|autodp_ofat_encoding_catboost|autodp_ofat_encoding_frequency|autodp_ofat_encoding_ordinal|autodp_ofat_feature_selection_collinear|autodp_ofat_feature_selection_missing_ratio|autodp_ofat_feature_selection_tree_based|autodp_ofat_feature_selection_wrapper|autodp_ofat_imputation_drop|autodp_ofat_imputation_em|autodp_ofat_imputation_knn|autodp_ofat_imputation_mice|autodp_ofat_imputation_most_frequent|autodp_ofat_imputation_random|autodp_ofat_normalization_decimal_scale|autodp_ofat_normalization_minmax|autodp_ofat_normalization_zscore|autodp_ofat_outlier_removal_iqr|autodp_ofat_outlier_removal_lof|autodp_ofat_outlier_removal_zscore,True,0,0.9990740740740741,0.005477851651018141,0.033333333333333215
D_970,970,36,0.9940828402366864,1.0,0.00591715976331364,autodp_combo_01_basic|autodp_combo_02_knn_binary|autodp_combo_05_random_ordinal|autodp_combo_09_mice_ordinal|autodp_ofat_normalization_minmax|autodp_ofat_normalization_zscore,False,6,0.9909598948060486,0.008874217611238034,0.041420118343195145
D_971,971,36,1.0,1.0,0.0,autodp_00_baseline|autodp_combo_01_basic|autodp_combo_02_knn_binary|autodp_combo_03_mice_catboost|autodp_combo_04_em_frequency|autodp_combo_05_random_ordinal|autodp_combo_06_drop_binary|autodp_combo_07_mf_frequency|autodp_combo_08_knn_catboost|autodp_combo_09_mice_ordinal|autodp_combo_10_em_binary|autodp_combo_11_random_frequency|autodp_combo_12_drop_catboost|autodp_combo_13_mf_binary|autodp_ofat_duplicate_removal_approximate|autodp_ofat_duplicate_removal_exact|autodp_ofat_encoding_binary|autodp_ofat_encoding_catboost|autodp_ofat_encoding_frequency|autodp_ofat_encoding_ordinal|autodp_ofat_feature_selection_collinear|autodp_ofat_feature_selection_missing_ratio|autodp_ofat_feature_selection_tree_based|autodp_ofat_feature_selection_wrapper|autodp_ofat_imputation_drop|autodp_ofat_imputation_em|autodp_ofat_imputation_knn|autodp_ofat_imputation_mice|autodp_ofat_imputation_most_frequent|autodp_ofat_imputation_random|autodp_ofat_normalization_decimal_scale|autodp_ofat_normalization_minmax|autodp_ofat_normalization_zscore|autodp_ofat_outlier_removal_iqr|autodp_ofat_outlier_removal_lof|autodp_ofat_outlier_removal_zscore,True,0,1.0,0.0,0.0
D_972,972,36,0.8181818181818182,0.9090909090909092,0.09090909090909094,autodp_combo_01_basic|autodp_combo_03_mice_catboost|autodp_combo_05_random_ordinal|autodp_combo_06_drop_binary|autodp_combo_08_knn_catboost|autodp_combo_09_mice_ordinal|autodp_combo_11_random_frequency|autodp_ofat_feature_selection_collinear|autodp_ofat_normalization_minmax|autodp_ofat_normalization_zscore,False,10,0.8308080808080808,0.07155872381467049,0.36363636363636376
D_973,973,36,0.9722222222222222,1.0,0.02777777777777779,autodp_combo_02_knn_binary|autodp_combo_05_random_ordinal|autodp_combo_09_mice_ordinal|autodp_ofat_normalization_minmax|autodp_ofat_normalization_zscore,False,5,0.9174382716049383,0.125340091382803,0.38888888888888884
D_974,974,36,0.7037037037037037,0.925925925925926,0.22222222222222232,autodp_ofat_normalization_minmax,False,10,0.7304526748971193,0.08263821246100082,0.2962962962962964
D_975,975,36,0.7317073170731707,0.8292682926829268,0.09756097560975607,autodp_combo_06_drop_binary|autodp_ofat_feature_selection_tree_based,False,11,0.7310298102981032,0.04961551927067659,0.19512195121951215
D_976,976,36,0.943,0.956,0.013000000000000012,autodp_combo_05_random_ordinal|autodp_ofat_normalization_zscore,False,15,0.9448611111111109,0.004097104518083319,0.019999999999999907
D_977,977,36,0.971,0.974,0.0030000000000000027,autodp_combo_08_knn_catboost|autodp_ofat_outlier_removal_zscore,False,4,0.9649166666666668,0.015864661988205093,0.06499999999999995
D_978,978,36,0.995,1.0,0.0050000000000000044,autodp_combo_01_basic|autodp_combo_02_knn_binary|autodp_combo_05_random_ordinal|autodp_combo_09_mice_ordinal|autodp_ofat_normalization_minmax|autodp_ofat_normalization_zscore,False,8,0.9937500000000001,0.004912427551063166,0.025000000000000022
D_980,980,36,0.985,0.985,0.0,autodp_00_baseline|autodp_combo_05_random_ordinal|autodp_ofat_duplicate_removal_approximate|autodp_ofat_duplicate_removal_exact|autodp_ofat_encoding_binary|autodp_ofat_encoding_catboost|autodp_ofat_encoding_frequency|autodp_ofat_encoding_ordinal|autodp_ofat_feature_selection_collinear|autodp_ofat_feature_selection_missing_ratio|autodp_ofat_imputation_drop|autodp_ofat_imputation_em|autodp_ofat_imputation_knn|autodp_ofat_imputation_mice|autodp_ofat_imputation_most_frequent|autodp_ofat_imputation_random|autodp_ofat_normalization_zscore|autodp_ofat_outlier_removal_lof,True,0,0.9804722222222223,0.008268031174721885,0.031000000000000028
D_981,981,36,0.881,0.902,0.02100000000000002,autodp_combo_12_drop_catboost,False,8,0.8789166666666668,0.010353139620424338,0.052000000000000046
D_982,982,36,0.8688524590163934,0.9016393442622952,0.03278688524590179,autodp_combo_01_basic|autodp_ofat_outlier_removal_iqr,False,4,0.8647540983606556,0.0170080595600939,0.08196721311475419
D_983,983,36,0.6644067796610169,0.7084745762711865,0.044067796610169574,autodp_ofat_outlier_removal_iqr,False,15,0.6657250470809793,0.016124530893101015,0.08135593220338988
D_984,984,36,0.9054054054054054,0.9054054054054054,0.0,autodp_00_baseline|autodp_combo_01_basic|autodp_combo_02_knn_binary|autodp_combo_03_mice_catboost|autodp_combo_04_em_frequency|autodp_combo_05_random_ordinal|autodp_combo_06_drop_binary|autodp_combo_07_mf_frequency|autodp_combo_08_knn_catboost|autodp_combo_09_mice_ordinal|autodp_combo_10_em_binary|autodp_combo_11_random_frequency|autodp_combo_12_drop_catboost|autodp_combo_13_mf_binary|autodp_ofat_duplicate_removal_approximate|autodp_ofat_duplicate_removal_exact|autodp_ofat_encoding_binary|autodp_ofat_encoding_catboost|autodp_ofat_encoding_frequency|autodp_ofat_encoding_ordinal|autodp_ofat_feature_selection_collinear|autodp_ofat_feature_selection_missing_ratio|autodp_ofat_feature_selection_tree_based|autodp_ofat_feature_selection_wrapper|autodp_ofat_imputation_drop|autodp_ofat_imputation_em|autodp_ofat_imputation_knn|autodp_ofat_imputation_mice|autodp_ofat_imputation_most_frequent|autodp_ofat_imputation_random|autodp_ofat_normalization_decimal_scale|autodp_ofat_normalization_minmax|autodp_ofat_normalization_zscore|autodp_ofat_outlier_removal_iqr|autodp_ofat_outlier_removal_lof|autodp_ofat_outlier_removal_zscore,True,0,0.9054054054054055,8.881784197001252e-16,0.0
D_985,985,36,0.7272727272727273,0.7272727272727273,0.0,autodp_00_baseline|autodp_combo_11_random_frequency|autodp_ofat_duplicate_removal_approximate|autodp_ofat_duplicate_removal_exact|autodp_ofat_encoding_catboost|autodp_ofat_encoding_ordinal|autodp_ofat_feature_selection_collinear|autodp_ofat_feature_selection_missing_ratio|autodp_ofat_imputation_drop|autodp_ofat_imputation_knn|autodp_ofat_normalization_decimal_scale|autodp_ofat_outlier_removal_lof|autodp_ofat_outlier_removal_zscore,True,0,0.6161616161616162,0.10075725930939398,0.3636363636363637
D_986,986,36,0.5616438356164384,0.6986301369863014,0.136986301369863,autodp_combo_09_mice_ordinal|autodp_combo_12_drop_catboost,False,16,0.6027397260273972,0.05564409866189013,0.1643835616438356
D_987,987,36,0.98,1.0,0.020000000000000018,autodp_combo_02_knn_binary|autodp_combo_03_mice_catboost|autodp_combo_05_random_ordinal|autodp_combo_06_drop_binary|autodp_combo_08_knn_catboost|autodp_combo_11_random_frequency|autodp_combo_12_drop_catboost|autodp_ofat_feature_selection_tree_based|autodp_ofat_feature_selection_wrapper|autodp_ofat_normalization_decimal_scale|autodp_ofat_normalization_minmax|autodp_ofat_normalization_zscore,False,14,0.9711111111111114,0.047362536635438046,0.16000000000000003
D_988,988,36,0.7857142857142857,0.8571428571428571,0.0714285714285714,autodp_ofat_feature_selection_collinear|autodp_ofat_outlier_removal_zscore,False,2,0.7182539682539683,0.08238309322232816,0.2857142857142857
D_989,989,33,0.8555555555555555,0.9666666666666668,0.11111111111111127,autodp_ofat_encoding_binary,False,6,0.8303030303030304,0.0579951058523583,0.2777777777777779
D_990,990,36,0.7905405405405406,0.8175675675675675,0.027027027027026973,autodp_ofat_feature_selection_tree_based|autodp_ofat_imputation_random,False,9,0.762012012012012,0.043878796384992355,0.15540540540540537
D_991,991,36,0.9595375722543352,0.96242774566474,0.0028901734104047616,autodp_combo_02_knn_binary|autodp_ofat_encoding_binary,False,2,0.8813423249839436,0.10469084302975967,0.26300578034682087
D_992,992,36,1.0,1.0,0.0,autodp_00_baseline|autodp_combo_02_knn_binary|autodp_combo_03_mice_catboost|autodp_combo_04_em_frequency|autodp_combo_06_drop_binary|autodp_combo_07_mf_frequency|autodp_combo_08_knn_catboost|autodp_combo_11_random_frequency|autodp_combo_12_drop_catboost|autodp_ofat_duplicate_removal_approximate|autodp_ofat_duplicate_removal_exact|autodp_ofat_encoding_binary|autodp_ofat_encoding_catboost|autodp_ofat_encoding_frequency|autodp_ofat_feature_selection_collinear|autodp_ofat_feature_selection_missing_ratio|autodp_ofat_feature_selection_tree_based|autodp_ofat_feature_selection_wrapper|autodp_ofat_imputation_drop|autodp_ofat_imputation_em|autodp_ofat_imputation_knn|autodp_ofat_imputation_mice|autodp_ofat_imputation_most_frequent|autodp_ofat_imputation_random|autodp_ofat_normalization_decimal_scale|autodp_ofat_normalization_minmax|autodp_ofat_normalization_zscore|autodp_ofat_outlier_removal_iqr|autodp_ofat_outlier_removal_lof|autodp_ofat_outlier_removal_zscore,True,0,0.9605263157894736,0.0914765509412904,0.3157894736842105
D_993,993,33,0.869,0.974,0.10499999999999998,autodp_combo_02_knn_binary|autodp_combo_03_mice_catboost|autodp_combo_08_knn_catboost|autodp_ofat_normalization_decimal_scale|autodp_ofat_normalization_minmax,False,14,0.8774848484848485,0.08808815185769488,0.367
D_994,994,36,0.9882352941176472,0.9882352941176472,0.0,autodp_00_baseline|autodp_ofat_duplicate_removal_approximate|autodp_ofat_duplicate_removal_exact|autodp_ofat_encoding_binary|autodp_ofat_encoding_catboost|autodp_ofat_encoding_frequency|autodp_ofat_encoding_ordinal|autodp_ofat_feature_selection_missing_ratio|autodp_ofat_imputation_drop|autodp_ofat_imputation_em|autodp_ofat_imputation_knn|autodp_ofat_imputation_mice|autodp_ofat_imputation_most_frequent|autodp_ofat_imputation_random,True,0,0.9232026143790851,0.08662966609294386,0.2470588235294119
D_995,995,36,0.995,1.0,0.0050000000000000044,autodp_combo_08_knn_catboost,False,2,0.9902777777777776,0.01409020761441377,0.0675
D_996,996,36,0.627906976744186,0.7906976744186046,0.16279069767441856,autodp_combo_05_random_ordinal,False,8,0.644702842377261,0.04829000411119058,0.2325581395348837
D_997,997,36,0.96,0.96,0.0,autodp_00_baseline|autodp_combo_01_basic|autodp_combo_02_knn_binary|autodp_combo_05_random_ordinal|autodp_combo_07_mf_frequency|autodp_combo_09_mice_ordinal|autodp_combo_10_em_binary|autodp_combo_13_mf_binary|autodp_ofat_duplicate_removal_approximate|autodp_ofat_duplicate_removal_exact|autodp_ofat_encoding_binary|autodp_ofat_encoding_catboost|autodp_ofat_encoding_frequency|autodp_ofat_encoding_ordinal|autodp_ofat_feature_selection_collinear|autodp_ofat_feature_selection_missing_ratio|autodp_ofat_imputation_drop|autodp_ofat_imputation_em|autodp_ofat_imputation_knn|autodp_ofat_imputation_mice|autodp_ofat_imputation_most_frequent|autodp_ofat_imputation_random|autodp_ofat_normalization_decimal_scale|autodp_ofat_normalization_minmax|autodp_ofat_normalization_zscore|autodp_ofat_outlier_removal_iqr|autodp_ofat_outlier_removal_lof|autodp_ofat_outlier_removal_zscore,True,0,0.9173333333333333,0.0798220242511774,0.19199999999999995
D_998,998,36,0.6666666666666666,0.8333333333333334,0.16666666666666674,autodp_combo_09_mice_ordinal,False,7,0.6342592592592591,0.08164440781735369,0.33333333333333337
D_999,999,33,0.9565217391304348,0.9782608695652174,0.021739130434782594,autodp_combo_11_random_frequency|autodp_ofat_encoding_binary|autodp_ofat_imputation_random,False,3,0.9242424242424243,0.06897834051493243,0.26086956521739135
D_1000,1000,33,0.9549668874172186,0.9629139072847682,0.007947019867549643,autodp_ofat_outlier_removal_lof|autodp_ofat_outlier_removal_zscore,False,6,0.9491872366044551,0.009753903986070376,0.039735099337748214
D_1001,1001,36,1.0,1.0,0.0,autodp_00_baseline|autodp_combo_01_basic|autodp_combo_02_knn_binary|autodp_combo_05_random_ordinal|autodp_combo_06_drop_binary|autodp_combo_09_mice_ordinal|autodp_combo_11_random_frequency|autodp_ofat_duplicate_removal_approximate|autodp_ofat_duplicate_removal_exact|autodp_ofat_encoding_binary|autodp_ofat_encoding_ordinal|autodp_ofat_feature_selection_collinear|autodp_ofat_feature_selection_missing_ratio|autodp_ofat_feature_selection_tree_based|autodp_ofat_feature_selection_wrapper|autodp_ofat_imputation_drop|autodp_ofat_imputation_em|autodp_ofat_imputation_knn|autodp_ofat_imputation_mice|autodp_ofat_imputation_most_frequent|autodp_ofat_imputation_random|autodp_ofat_normalization_decimal_scale|autodp_ofat_normalization_minmax|autodp_ofat_normalization_zscore|autodp_ofat_outlier_removal_iqr|autodp_ofat_outlier_removal_lof|autodp_ofat_outlier_removal_zscore,True,0,0.9809027777777778,0.035537308143157496,0.125
D_1002,1002,36,0.885,0.89,0.0050000000000000044,autodp_combo_07_mf_frequency|autodp_combo_08_knn_catboost|autodp_combo_10_em_binary,False,7,0.8659444444444444,0.07024004257008191,0.31500000000000006
D_1003,1003,36,0.8676470588235294,0.8823529411764706,0.014705882352941124,autodp_combo_05_random_ordinal|autodp_ofat_duplicate_removal_approximate|autodp_ofat_duplicate_removal_exact,False,3,0.8386437908496732,0.04093740578863861,0.13235294117647056
D_1004,1004,36,1.0,1.0,0.0,autodp_00_baseline|autodp_combo_01_basic|autodp_combo_02_knn_binary|autodp_combo_03_mice_catboost|autodp_combo_05_random_ordinal|autodp_combo_08_knn_catboost|autodp_combo_09_mice_ordinal|autodp_combo_11_random_frequency|autodp_combo_12_drop_catboost|autodp_ofat_duplicate_removal_approximate|autodp_ofat_duplicate_removal_exact|autodp_ofat_encoding_binary|autodp_ofat_encoding_catboost|autodp_ofat_encoding_frequency|autodp_ofat_encoding_ordinal|autodp_ofat_feature_selection_collinear|autodp_ofat_feature_selection_missing_ratio|autodp_ofat_feature_selection_tree_based|autodp_ofat_feature_selection_wrapper|autodp_ofat_imputation_drop|autodp_ofat_imputation_em|autodp_ofat_imputation_knn|autodp_ofat_imputation_mice|autodp_ofat_imputation_most_frequent|autodp_ofat_imputation_random|autodp_ofat_normalization_minmax|autodp_ofat_normalization_zscore|autodp_ofat_outlier_removal_lof|autodp_ofat_outlier_removal_zscore,True,0,0.9826388888888888,0.0439369901670366,0.16666666666666663
D_1005,1005,36,0.5813953488372093,0.6976744186046512,0.11627906976744184,autodp_combo_05_random_ordinal|autodp_combo_11_random_frequency|autodp_ofat_outlier_removal_iqr,False,18,0.6149870801033591,0.04007251271129412,0.13953488372093026
D_1006,1006,36,0.8333333333333334,0.9333333333333332,0.09999999999999987,autodp_combo_11_random_frequency|autodp_combo_12_drop_catboost,False,14,0.8462962962962964,0.03265776312694146,0.16666666666666652
D_1007,1007,36,0.9090909090909092,0.9545454545454546,0.045454545454545414,autodp_combo_05_random_ordinal|autodp_ofat_encoding_ordinal|autodp_ofat_imputation_random,False,3,0.8472222222222221,0.08647837790993822,0.36363636363636365
D_1008,1008,36,0.5789473684210527,0.6973684210526315,0.11842105263157887,autodp_combo_07_mf_frequency,False,14,0.5921052631578947,0.036167593207172465,0.17105263157894735
D_1009,1009,36,0.8461538461538461,0.9230769230769232,0.0769230769230771,autodp_combo_05_random_ordinal,False,1,0.8162393162393163,0.05812594234502326,0.3076923076923078
D_1010,1010,36,1.0,1.0,0.0,autodp_00_baseline|autodp_combo_02_knn_binary|autodp_combo_03_mice_catboost|autodp_combo_04_em_frequency|autodp_combo_06_drop_binary|autodp_combo_07_mf_frequency|autodp_combo_08_knn_catboost|autodp_combo_11_random_frequency|autodp_combo_12_drop_catboost|autodp_ofat_duplicate_removal_approximate|autodp_ofat_duplicate_removal_exact|autodp_ofat_encoding_binary|autodp_ofat_encoding_catboost|autodp_ofat_encoding_frequency|autodp_ofat_feature_selection_collinear|autodp_ofat_feature_selection_missing_ratio|autodp_ofat_feature_selection_tree_based|autodp_ofat_feature_selection_wrapper|autodp_ofat_imputation_drop|autodp_ofat_imputation_em|autodp_ofat_imputation_knn|autodp_ofat_imputation_mice|autodp_ofat_imputation_most_frequent|autodp_ofat_imputation_random|autodp_ofat_normalization_decimal_scale|autodp_ofat_normalization_minmax|autodp_ofat_normalization_zscore|autodp_ofat_outlier_removal_iqr|autodp_ofat_outlier_removal_lof|autodp_ofat_outlier_removal_zscore,True,0,0.9887387387387387,0.028399820299365972,0.1216216216216216
D_1011,1011,36,0.9558823529411764,0.9558823529411764,0.0,autodp_00_baseline|autodp_combo_11_random_frequency|autodp_ofat_duplicate_removal_approximate|autodp_ofat_duplicate_removal_exact|autodp_ofat_encoding_binary|autodp_ofat_encoding_catboost|autodp_ofat_encoding_frequency|autodp_ofat_encoding_ordinal|autodp_ofat_feature_selection_collinear|autodp_ofat_feature_selection_missing_ratio|autodp_ofat_feature_selection_wrapper|autodp_ofat_imputation_drop|autodp_ofat_imputation_em|autodp_ofat_imputation_knn|autodp_ofat_imputation_mice|autodp_ofat_imputation_most_frequent|autodp_ofat_imputation_random|autodp_ofat_normalization_zscore,True,0,0.940359477124183,0.021068295683378462,0.07352941176470584
D_1012,1012,36,0.9230769230769232,0.9487179487179488,0.02564102564102555,autodp_ofat_normalization_zscore,False,1,0.8311965811965814,0.11646769294796284,0.35897435897435903
D_1013,1013,23,0.9285714285714286,0.9285714285714286,0.0,autodp_00_baseline|autodp_combo_08_knn_catboost|autodp_combo_11_random_frequency|autodp_ofat_encoding_binary|autodp_ofat_encoding_catboost|autodp_ofat_encoding_frequency|autodp_ofat_encoding_ordinal|autodp_ofat_feature_selection_collinear|autodp_ofat_feature_selection_missing_ratio|autodp_ofat_feature_selection_tree_based|autodp_ofat_feature_selection_wrapper|autodp_ofat_imputation_drop|autodp_ofat_imputation_em|autodp_ofat_imputation_knn|autodp_ofat_imputation_mice|autodp_ofat_imputation_most_frequent|autodp_ofat_imputation_random|autodp_ofat_normalization_decimal_scale|autodp_ofat_normalization_minmax|autodp_ofat_normalization_zscore|autodp_ofat_outlier_removal_iqr|autodp_ofat_outlier_removal_lof|autodp_ofat_outlier_removal_zscore,True,0,0.9285714285714283,3.3306690738754696e-16,0.0
D_1014,1014,36,0.80625,0.80625,0.0,autodp_00_baseline|autodp_combo_01_basic|autodp_combo_03_mice_catboost|autodp_combo_04_em_frequency|autodp_combo_05_random_ordinal|autodp_combo_06_drop_binary|autodp_combo_07_mf_frequency|autodp_combo_08_knn_catboost|autodp_combo_09_mice_ordinal|autodp_combo_10_em_binary|autodp_combo_11_random_frequency|autodp_combo_12_drop_catboost|autodp_combo_13_mf_binary|autodp_ofat_encoding_binary|autodp_ofat_encoding_catboost|autodp_ofat_encoding_frequency|autodp_ofat_encoding_ordinal|autodp_ofat_feature_selection_collinear|autodp_ofat_feature_selection_missing_ratio|autodp_ofat_feature_selection_tree_based|autodp_ofat_feature_selection_wrapper|autodp_ofat_imputation_drop|autodp_ofat_imputation_em|autodp_ofat_imputation_knn|autodp_ofat_imputation_mice|autodp_ofat_imputation_most_frequent|autodp_ofat_imputation_random|autodp_ofat_normalization_decimal_scale|autodp_ofat_normalization_minmax|autodp_ofat_normalization_zscore|autodp_ofat_outlier_removal_iqr|autodp_ofat_outlier_removal_lof|autodp_ofat_outlier_removal_zscore,True,0,0.8027777777777776,0.01164101014877792,0.050000000000000044
D_1015,1015,36,0.9333333333333332,0.9333333333333332,0.0,autodp_00_baseline|autodp_combo_01_basic|autodp_combo_03_mice_catboost|autodp_combo_05_random_ordinal|autodp_combo_08_knn_catboost|autodp_combo_11_random_frequency|autodp_ofat_duplicate_removal_approximate|autodp_ofat_duplicate_removal_exact|autodp_ofat_encoding_binary|autodp_ofat_encoding_catboost|autodp_ofat_encoding_frequency|autodp_ofat_encoding_ordinal|autodp_ofat_feature_selection_collinear|autodp_ofat_feature_selection_missing_ratio|autodp_ofat_feature_selection_tree_based|autodp_ofat_feature_selection_wrapper|autodp_ofat_imputation_drop|autodp_ofat_imputation_em|autodp_ofat_imputation_knn|autodp_ofat_imputation_mice|autodp_ofat_imputation_most_frequent|autodp_ofat_imputation_random|autodp_ofat_normalization_zscore|autodp_ofat_outlier_removal_iqr|autodp_ofat_outlier_removal_lof|autodp_ofat_outlier_removal_zscore,True,0,0.8962962962962963,0.059720427765174375,0.1333333333333332
D_1016,1016,36,0.98989898989899,0.9949494949494948,0.005050505050504861,autodp_ofat_feature_selection_wrapper,False,1,0.9705387205387203,0.028607147252468722,0.08585858585858563
D_1017,1017,36,0.7032967032967034,0.7472527472527473,0.04395604395604391,autodp_ofat_feature_selection_tree_based,False,13,0.6877289377289377,0.0572399264762158,0.28571428571428575
D_1018,1018,33,0.934,0.935,0.0010000000000000009,autodp_combo_11_random_frequency,False,1,0.9320000000000002,0.0037091206178251714,0.016000000000000014
D_1019,1019,36,0.991,0.992,0.0010000000000000009,autodp_ofat_outlier_removal_lof,False,1,0.9758055555555557,0.030366117306084968,0.09099999999999997
D_1020,1020,36,0.99,0.9975,0.007500000000000062,autodp_combo_03_mice_catboost|autodp_ofat_feature_selection_tree_based,False,10,0.9870833333333334,0.0100260078462633,0.03500000000000003
D_1022,1022,36,1.0,1.0,0.0,autodp_00_baseline|autodp_ofat_duplicate_removal_approximate|autodp_ofat_duplicate_removal_exact|autodp_ofat_feature_selection_collinear|autodp_ofat_feature_selection_missing_ratio|autodp_ofat_feature_selection_tree_based|autodp_ofat_feature_selection_wrapper|autodp_ofat_imputation_drop|autodp_ofat_imputation_em|autodp_ofat_imputation_knn|autodp_ofat_imputation_mice|autodp_ofat_imputation_most_frequent|autodp_ofat_imputation_random|autodp_ofat_normalization_decimal_scale|autodp_ofat_normalization_minmax|autodp_ofat_normalization_zscore|autodp_ofat_outlier_removal_iqr|autodp_ofat_outlier_removal_lof|autodp_ofat_outlier_removal_zscore,True,0,0.9898611111111111,0.013906239162847773,0.04249999999999998
D_1023,1023,36,0.9635036496350364,0.9708029197080292,0.007299270072992803,autodp_combo_01_basic,False,1,0.9432278994322788,0.034542643047926744,0.12408759124087598
D_1025,1025,36,0.8875,0.8875,0.0,autodp_00_baseline|autodp_ofat_duplicate_removal_approximate|autodp_ofat_duplicate_removal_exact|autodp_ofat_feature_selection_collinear|autodp_ofat_feature_selection_missing_ratio|autodp_ofat_feature_selection_tree_based|autodp_ofat_feature_selection_wrapper|autodp_ofat_imputation_drop|autodp_ofat_imputation_em|autodp_ofat_imputation_knn|autodp_ofat_imputation_mice|autodp_ofat_imputation_most_frequent|autodp_ofat_imputation_random|autodp_ofat_normalization_decimal_scale|autodp_ofat_normalization_minmax|autodp_ofat_normalization_zscore|autodp_ofat_outlier_removal_iqr|autodp_ofat_outlier_removal_lof|autodp_ofat_outlier_removal_zscore,True,0,0.8531249999999999,0.044524396402421874,0.11249999999999993
D_1026,1026,35,0.6451612903225806,0.6774193548387096,0.032258064516129004,autodp_combo_02_knn_binary|autodp_combo_04_em_frequency|autodp_combo_07_mf_frequency|autodp_combo_10_em_binary|autodp_combo_13_mf_binary|autodp_ofat_feature_selection_tree_based|autodp_ofat_feature_selection_wrapper|autodp_ofat_normalization_minmax,False,8,0.6460829493087556,0.02246277899899342,0.09677419354838701
D_1037,1037,36,0.828039430449069,0.8357064622124863,0.00766703176341732,autodp_ofat_normalization_zscore,False,5,0.8212242911038093,0.010928874432358713,0.042716319824753546
D_1038,1038,36,0.7910662824207493,0.8587896253602305,0.06772334293948123,autodp_combo_10_em_binary,False,14,0.8004322766570605,0.03165932643043203,0.13256484149855907
D_1039,1039,36,0.963356973995272,0.9692671394799054,0.005910165484633412,autodp_combo_07_mf_frequency|autodp_combo_10_em_binary|autodp_ofat_normalization_decimal_scale,False,15,0.9634883110060414,0.00412092763061126,0.01891252955082734
D_1040,1040,36,0.989,0.994,0.0050000000000000044,autodp_combo_03_mice_catboost,False,11,0.9881944444444445,0.0036804245259695312,0.016000000000000014
D_1041,1041,36,0.8371757925072046,0.8804034582132565,0.043227665706051854,autodp_combo_05_random_ordinal,False,9,0.7770172910662825,0.11566455087586096,0.3904899135446686
D_1042,1042,36,0.8097982708933718,0.8703170028818443,0.060518731988472574,autodp_combo_02_knn_binary,False,9,0.7972702529618956,0.055910771932066755,0.23487031700288175
D_1044,1044,36,0.46,0.523,0.063,autodp_combo_08_knn_catboost,False,24,0.4742222222222222,0.0158571944959993,0.07100000000000001
D_1045,1045,31,0.9655172413793104,0.9655172413793104,0.0,autodp_00_baseline|autodp_combo_02_knn_binary|autodp_combo_05_random_ordinal|autodp_combo_08_knn_catboost|autodp_combo_09_mice_ordinal|autodp_combo_12_drop_catboost|autodp_ofat_duplicate_removal_approximate|autodp_ofat_duplicate_removal_exact|autodp_ofat_encoding_binary|autodp_ofat_encoding_catboost|autodp_ofat_encoding_frequency|autodp_ofat_encoding_ordinal|autodp_ofat_feature_selection_missing_ratio|autodp_ofat_feature_selection_wrapper|autodp_ofat_imputation_drop|autodp_ofat_imputation_em|autodp_ofat_imputation_knn|autodp_ofat_imputation_mice|autodp_ofat_imputation_most_frequent|autodp_ofat_imputation_random|autodp_ofat_normalization_decimal_scale|autodp_ofat_normalization_minmax,True,0,0.9488320355951056,0.03017721905728708,0.10344827586206906
D_1046,1046,36,0.849,0.856,0.007000000000000006,autodp_combo_02_knn_binary,False,6,0.8296666666666667,0.04525913044777693,0.17299999999999993
D_1047,1047,36,0.8205128205128205,0.8461538461538461,0.02564102564102566,autodp_ofat_feature_selection_tree_based|autodp_ofat_normalization_decimal_scale|autodp_ofat_normalization_minmax,False,3,0.7236467236467237,0.1217927891726442,0.35897435897435903
D_1048,1048,36,0.6621621621621622,0.6891891891891891,0.027027027027026973,autodp_combo_03_mice_catboost|autodp_combo_05_random_ordinal|autodp_ofat_feature_selection_tree_based|autodp_ofat_normalization_zscore|autodp_ofat_outlier_removal_lof,False,9,0.6486486486486486,0.03714509572628522,0.14864864864864857
D_1049,1049,36,0.9006849315068494,0.9041095890410958,0.003424657534246478,autodp_combo_06_drop_binary|autodp_ofat_duplicate_removal_approximate|autodp_ofat_duplicate_removal_exact|autodp_ofat_outlier_removal_lof,False,4,0.8929794520547946,0.009765946707915913,0.03767123287671226
D_1050,1050,36,0.8881789137380192,0.9009584664536742,0.012779552715655007,autodp_combo_09_mice_ordinal|autodp_ofat_duplicate_removal_exact|autodp_ofat_normalization_decimal_scale|autodp_ofat_normalization_minmax,False,10,0.8842740504082357,0.01326105491256859,0.057507987220447365
D_1054,1054,36,0.5757575757575758,0.7272727272727273,0.1515151515151515,autodp_combo_09_mice_ordinal|autodp_combo_12_drop_catboost,False,17,0.6127946127946129,0.05156024522260455,0.18181818181818188
D_1055,1055,36,0.7777777777777778,0.8888888888888888,0.11111111111111105,autodp_combo_11_random_frequency,False,4,0.7777777777777779,0.052378280087892415,0.38888888888888884
D_1056,1056,36,0.988,0.993,0.0050000000000000044,autodp_combo_02_knn_binary|autodp_combo_04_em_frequency|autodp_combo_07_mf_frequency|autodp_combo_09_mice_ordinal|autodp_combo_12_drop_catboost|autodp_ofat_feature_selection_tree_based|autodp_ofat_feature_selection_wrapper|autodp_ofat_normalization_minmax|autodp_ofat_outlier_removal_iqr,False,21,0.9901388888888888,0.0026682576272601777,0.01100000000000001
D_1057,1057,36,0.9285714285714286,1.0,0.0714285714285714,autodp_ofat_normalization_decimal_scale|autodp_ofat_normalization_minmax,False,2,0.871031746031746,0.08554786165599246,0.3571428571428571
D_1059,1059,31,0.84,0.96,0.12,autodp_combo_03_mice_catboost,False,13,0.8632258064516132,0.04953897760116767,0.19999999999999996
D_1060,1060,31,1.0,1.0,0.0,autodp_00_baseline|autodp_ofat_duplicate_removal_approximate|autodp_ofat_duplicate_removal_exact|autodp_ofat_encoding_binary|autodp_ofat_encoding_catboost|autodp_ofat_encoding_frequency|autodp_ofat_encoding_ordinal|autodp_ofat_feature_selection_missing_ratio|autodp_ofat_imputation_drop|autodp_ofat_imputation_em|autodp_ofat_imputation_knn|autodp_ofat_imputation_mice|autodp_ofat_imputation_most_frequent|autodp_ofat_imputation_random,True,0,0.957816377171216,0.03828101394675305,0.07692307692307676
D_1061,1061,36,0.7272727272727273,0.8181818181818182,0.09090909090909094,autodp_combo_04_em_frequency|autodp_combo_06_drop_binary|autodp_combo_07_mf_frequency|autodp_combo_09_mice_ordinal|autodp_combo_13_mf_binary|autodp_ofat_normalization_decimal_scale|autodp_ofat_normalization_zscore,False,13,0.7474747474747475,0.043446087207286,0.18181818181818188
D_1062,1062,36,0.625,1.0,0.375,autodp_combo_02_knn_binary|autodp_combo_09_mice_ordinal|autodp_ofat_normalization_decimal_scale,False,12,0.7048611111111112,0.1386717051924712,0.5
D_1063,1063,36,0.8476190476190476,0.8571428571428571,0.00952380952380949,autodp_combo_13_mf_binary,False,1,0.8346560846560847,0.017118262453795517,0.08571428571428563
D_1064,1064,36,0.8571428571428571,0.9523809523809524,0.09523809523809534,autodp_combo_06_drop_binary,False,10,0.828042328042328,0.10840106480713164,0.47619047619047633
D_1065,1065,36,0.8478260869565217,0.9347826086956522,0.08695652173913049,autodp_combo_03_mice_catboost,False,23,0.8801328502415457,0.03090200708100654,0.09782608695652173
D_1066,1066,36,0.5862068965517241,0.8275862068965517,0.24137931034482762,autodp_combo_08_knn_catboost,False,21,0.6350574712643678,0.07056338596441768,0.3448275862068965
D_1067,1067,36,0.8412322274881516,0.8625592417061612,0.021327014218009532,autodp_combo_09_mice_ordinal,False,21,0.8475513428120063,0.008055323086244535,0.03554502369668244
D_1068,1068,36,0.918918918918919,0.9324324324324323,0.013513513513513375,autodp_ofat_duplicate_removal_exact,False,7,0.9131631631631633,0.018408283214817814,0.08558558558558549
D_1069,1069,36,0.996,0.996,0.0,autodp_00_baseline|autodp_combo_01_basic|autodp_combo_04_em_frequency|autodp_combo_05_random_ordinal|autodp_combo_06_drop_binary|autodp_combo_07_mf_frequency|autodp_combo_08_knn_catboost|autodp_combo_09_mice_ordinal|autodp_combo_10_em_binary|autodp_combo_13_mf_binary|autodp_ofat_duplicate_removal_approximate|autodp_ofat_duplicate_removal_exact|autodp_ofat_encoding_binary|autodp_ofat_encoding_catboost|autodp_ofat_encoding_frequency|autodp_ofat_encoding_ordinal|autodp_ofat_feature_selection_collinear|autodp_ofat_feature_selection_missing_ratio|autodp_ofat_feature_selection_tree_based|autodp_ofat_feature_selection_wrapper|autodp_ofat_imputation_drop|autodp_ofat_imputation_em|autodp_ofat_imputation_knn|autodp_ofat_imputation_mice|autodp_ofat_imputation_most_frequent|autodp_ofat_imputation_random|autodp_ofat_normalization_decimal_scale|autodp_ofat_normalization_minmax|autodp_ofat_normalization_zscore|autodp_ofat_outlier_removal_lof,True,0,0.99,0.023227139298673864,0.10599999999999998
D_1071,1071,36,0.9135802469135802,0.9629629629629628,0.0493827160493826,autodp_combo_08_knn_catboost|autodp_combo_12_drop_catboost,False,15,0.9214677640603566,0.021214935292484943,0.09876543209876532
D_1073,1073,36,0.7272727272727273,0.7272727272727273,0.0,autodp_00_baseline|autodp_ofat_duplicate_removal_approximate|autodp_ofat_duplicate_removal_exact|autodp_ofat_encoding_binary|autodp_ofat_encoding_catboost|autodp_ofat_encoding_frequency|autodp_ofat_encoding_ordinal|autodp_ofat_feature_selection_missing_ratio|autodp_ofat_imputation_drop|autodp_ofat_imputation_em|autodp_ofat_imputation_knn|autodp_ofat_imputation_mice|autodp_ofat_imputation_most_frequent|autodp_ofat_imputation_random,True,0,0.6444444444444445,0.07303526255565745,0.2363636363636364
D_1075,1075,36,0.9230769230769232,0.9230769230769232,0.0,autodp_00_baseline|autodp_combo_01_basic|autodp_combo_02_knn_binary|autodp_combo_03_mice_catboost|autodp_combo_04_em_frequency|autodp_combo_05_random_ordinal|autodp_combo_06_drop_binary|autodp_combo_07_mf_frequency|autodp_combo_08_knn_catboost|autodp_combo_09_mice_ordinal|autodp_combo_10_em_binary|autodp_combo_11_random_frequency|autodp_combo_12_drop_catboost|autodp_combo_13_mf_binary|autodp_ofat_duplicate_removal_approximate|autodp_ofat_duplicate_removal_exact|autodp_ofat_encoding_binary|autodp_ofat_encoding_catboost|autodp_ofat_encoding_frequency|autodp_ofat_encoding_ordinal|autodp_ofat_feature_selection_collinear|autodp_ofat_feature_selection_missing_ratio|autodp_ofat_feature_selection_tree_based|autodp_ofat_imputation_drop|autodp_ofat_imputation_em|autodp_ofat_imputation_knn|autodp_ofat_imputation_mice|autodp_ofat_imputation_most_frequent|autodp_ofat_imputation_random|autodp_ofat_normalization_decimal_scale|autodp_ofat_normalization_zscore|autodp_ofat_outlier_removal_lof|autodp_ofat_outlier_removal_zscore,True,0,0.9198717948717948,0.010630207661395571,0.03846153846153866
D_1077,1077,36,0.7619047619047619,0.7619047619047619,0.0,autodp_00_baseline|autodp_ofat_duplicate_removal_approximate|autodp_ofat_duplicate_removal_exact|autodp_ofat_encoding_binary|autodp_ofat_encoding_catboost|autodp_ofat_encoding_frequency|autodp_ofat_encoding_ordinal|autodp_ofat_feature_selection_missing_ratio|autodp_ofat_imputation_drop|autodp_ofat_imputation_em|autodp_ofat_imputation_knn|autodp_ofat_imputation_mice|autodp_ofat_imputation_most_frequent|autodp_ofat_imputation_random|autodp_ofat_outlier_removal_iqr|autodp_ofat_outlier_removal_zscore,True,0,0.6600529100529101,0.12148446570086051,0.42857142857142855
D_1078,1078,36,0.7619047619047619,0.7619047619047619,0.0,autodp_00_baseline|autodp_ofat_duplicate_removal_approximate|autodp_ofat_duplicate_removal_exact|autodp_ofat_encoding_binary|autodp_ofat_encoding_catboost|autodp_ofat_encoding_frequency|autodp_ofat_encoding_ordinal|autodp_ofat_feature_selection_missing_ratio|autodp_ofat_imputation_drop|autodp_ofat_imputation_em|autodp_ofat_imputation_knn|autodp_ofat_imputation_mice|autodp_ofat_imputation_most_frequent|autodp_ofat_imputation_random|autodp_ofat_outlier_removal_iqr|autodp_ofat_outlier_removal_zscore,True,0,0.6600529100529101,0.12148446570086051,0.42857142857142855
D_1079,1079,36,0.8947368421052632,0.9473684210526316,0.052631578947368474,autodp_ofat_feature_selection_wrapper,False,1,0.8333333333333335,0.13674085322912188,0.7894736842105264
D_1080,1080,23,0.6521739130434783,0.6521739130434783,0.0,autodp_00_baseline|autodp_ofat_duplicate_removal_approximate|autodp_ofat_duplicate_removal_exact|autodp_ofat_encoding_binary|autodp_ofat_encoding_catboost|autodp_ofat_encoding_frequency|autodp_ofat_encoding_ordinal|autodp_ofat_feature_selection_missing_ratio|autodp_ofat_imputation_drop|autodp_ofat_imputation_em|autodp_ofat_imputation_knn|autodp_ofat_imputation_mice|autodp_ofat_imputation_most_frequent|autodp_ofat_imputation_random|autodp_ofat_outlier_removal_iqr|autodp_ofat_outlier_removal_lof|autodp_ofat_outlier_removal_zscore,True,0,0.614366729678639,0.06821027808192333,0.21739130434782616
D_1086,1086,6,,0.9473684210526316,,autodp_ofat_duplicate_removal_approximate|autodp_ofat_duplicate_removal_exact|autodp_ofat_outlier_removal_iqr|autodp_ofat_outlier_removal_lof|autodp_ofat_outlier_removal_zscore,False,0,0.9444444444444445,0.006538210460525721,0.01754385964912286
D_1130,1130,36,0.9805825242718448,0.9870550161812298,0.006472491909385036,autodp_combo_02_knn_binary,False,10,0.9755483638978784,0.014279561058370964,0.06148867313915862
D_1131,1131,36,1.0,1.0,0.0,autodp_00_baseline|autodp_combo_01_basic|autodp_combo_02_knn_binary|autodp_combo_03_mice_catboost|autodp_combo_04_em_frequency|autodp_combo_05_random_ordinal|autodp_combo_06_drop_binary|autodp_combo_07_mf_frequency|autodp_combo_09_mice_ordinal|autodp_combo_10_em_binary|autodp_combo_11_random_frequency|autodp_combo_12_drop_catboost|autodp_combo_13_mf_binary|autodp_ofat_duplicate_removal_approximate|autodp_ofat_duplicate_removal_exact|autodp_ofat_encoding_binary|autodp_ofat_encoding_catboost|autodp_ofat_encoding_frequency|autodp_ofat_encoding_ordinal|autodp_ofat_feature_selection_collinear|autodp_ofat_feature_selection_missing_ratio|autodp_ofat_feature_selection_tree_based|autodp_ofat_imputation_drop|autodp_ofat_imputation_em|autodp_ofat_imputation_knn|autodp_ofat_imputation_mice|autodp_ofat_imputation_most_frequent|autodp_ofat_imputation_random|autodp_ofat_normalization_decimal_scale|autodp_ofat_normalization_minmax|autodp_ofat_normalization_zscore|autodp_ofat_outlier_removal_iqr|autodp_ofat_outlier_removal_lof|autodp_ofat_outlier_removal_zscore,True,0,0.9985754985754985,0.005873369837062173,0.02564102564102555
D_1132,1132,36,0.7804878048780488,0.8536585365853658,0.07317073170731703,autodp_ofat_feature_selection_wrapper,False,17,0.7987804878048781,0.023263258419226808,0.09756097560975607
D_1133,1133,36,0.9714285714285714,1.0,0.02857142857142858,autodp_combo_01_basic|autodp_combo_02_knn_binary|autodp_combo_05_random_ordinal|autodp_combo_07_mf_frequency|autodp_combo_09_mice_ordinal|autodp_combo_10_em_binary|autodp_combo_12_drop_catboost|autodp_combo_13_mf_binary|autodp_ofat_feature_selection_collinear|autodp_ofat_normalization_decimal_scale|autodp_ofat_normalization_minmax|autodp_ofat_normalization_zscore|autodp_ofat_outlier_removal_lof,False,13,0.9797619047619048,0.015927485905071006,0.042857142857142816
D_1134,1134,36,0.9805825242718448,0.9935275080906149,0.012944983818770073,autodp_combo_01_basic|autodp_combo_05_random_ordinal|autodp_ofat_normalization_zscore,False,12,0.981032002876663,0.010601217556766653,0.0614886731391584
D_1135,1135,36,0.9859154929577464,1.0,0.014084507042253613,autodp_combo_03_mice_catboost|autodp_combo_04_em_frequency|autodp_combo_06_drop_binary|autodp_combo_11_random_frequency|autodp_combo_12_drop_catboost,False,5,0.9874804381846634,0.0055329169106928784,0.028169014084507005
D_1136,1136,36,0.92,0.96,0.039999999999999925,autodp_combo_02_knn_binary|autodp_combo_05_random_ordinal|autodp_combo_12_drop_catboost,False,11,0.9249999999999999,0.016583123951776975,0.07999999999999996
D_1137,1137,36,0.9727272727272728,0.990909090909091,0.018181818181818188,autodp_combo_06_drop_binary|autodp_combo_08_knn_catboost|autodp_combo_09_mice_ordinal,False,15,0.9770202020202022,0.006242023785004173,0.027272727272727337
D_1138,1138,36,0.9158576051779936,0.9255663430420712,0.009708737864077555,autodp_combo_02_knn_binary|autodp_combo_07_mf_frequency|autodp_combo_10_em_binary|autodp_combo_13_mf_binary|autodp_ofat_normalization_decimal_scale,False,12,0.9170262495505216,0.004833514943822381,0.01941747572815522
D_1139,1139,36,0.948220064724919,0.948220064724919,0.0,autodp_00_baseline|autodp_combo_06_drop_binary|autodp_combo_08_knn_catboost|autodp_ofat_duplicate_removal_approximate|autodp_ofat_duplicate_removal_exact|autodp_ofat_encoding_binary|autodp_ofat_encoding_catboost|autodp_ofat_encoding_frequency|autodp_ofat_encoding_ordinal|autodp_ofat_feature_selection_collinear|autodp_ofat_feature_selection_missing_ratio|autodp_ofat_feature_selection_wrapper|autodp_ofat_imputation_drop|autodp_ofat_imputation_em|autodp_ofat_imputation_knn|autodp_ofat_imputation_mice|autodp_ofat_imputation_most_frequent|autodp_ofat_imputation_random|autodp_ofat_outlier_removal_iqr|autodp_ofat_outlier_removal_zscore,True,0,0.9455231930960087,0.0034536808184643074,0.009708737864077666
D_1140,1140,36,0.9076923076923076,0.953846153846154,0.046153846153846434,autodp_combo_12_drop_catboost,False,15,0.9158119658119657,0.015590971236713451,0.09230769230769242
D_1141,1141,36,1.0,1.0,0.0,autodp_00_baseline|autodp_combo_01_basic|autodp_combo_02_knn_binary|autodp_combo_03_mice_catboost|autodp_combo_04_em_frequency|autodp_combo_05_random_ordinal|autodp_combo_06_drop_binary|autodp_combo_07_mf_frequency|autodp_combo_08_knn_catboost|autodp_combo_09_mice_ordinal|autodp_combo_10_em_binary|autodp_combo_11_random_frequency|autodp_combo_12_drop_catboost|autodp_combo_13_mf_binary|autodp_ofat_duplicate_removal_approximate|autodp_ofat_duplicate_removal_exact|autodp_ofat_encoding_binary|autodp_ofat_encoding_catboost|autodp_ofat_encoding_frequency|autodp_ofat_encoding_ordinal|autodp_ofat_feature_selection_collinear|autodp_ofat_feature_selection_missing_ratio|autodp_ofat_feature_selection_wrapper|autodp_ofat_imputation_drop|autodp_ofat_imputation_em|autodp_ofat_imputation_knn|autodp_ofat_imputation_mice|autodp_ofat_imputation_most_frequent|autodp_ofat_imputation_random|autodp_ofat_normalization_decimal_scale|autodp_ofat_normalization_minmax|autodp_ofat_normalization_zscore|autodp_ofat_outlier_removal_iqr|autodp_ofat_outlier_removal_lof|autodp_ofat_outlier_removal_zscore,True,0,0.9989316239316239,0.006320598058867104,0.038461538461538436
D_1142,1142,36,0.9611650485436892,0.9676375404530744,0.006472491909385147,autodp_combo_03_mice_catboost|autodp_combo_11_random_frequency|autodp_ofat_feature_selection_collinear|autodp_ofat_feature_selection_tree_based,False,6,0.9608953613807982,0.0035266172682367823,0.012944983818770184
D_1143,1143,36,0.958904109589041,0.958904109589041,0.0,autodp_00_baseline|autodp_combo_04_em_frequency|autodp_ofat_duplicate_removal_approximate|autodp_ofat_duplicate_removal_exact|autodp_ofat_encoding_binary|autodp_ofat_encoding_catboost|autodp_ofat_encoding_frequency|autodp_ofat_encoding_ordinal|autodp_ofat_feature_selection_collinear|autodp_ofat_feature_selection_missing_ratio|autodp_ofat_imputation_drop|autodp_ofat_imputation_em|autodp_ofat_imputation_knn|autodp_ofat_imputation_mice|autodp_ofat_imputation_most_frequent|autodp_ofat_imputation_random|autodp_ofat_outlier_removal_iqr|autodp_ofat_outlier_removal_lof|autodp_ofat_outlier_removal_zscore,True,0,0.9471080669710807,0.015536115420543065,0.06849315068493145
D_1144,1144,36,0.9696969696969696,1.0,0.030303030303030387,autodp_combo_01_basic|autodp_combo_02_knn_binary|autodp_combo_04_em_frequency|autodp_combo_05_random_ordinal|autodp_combo_07_mf_frequency|autodp_combo_09_mice_ordinal|autodp_combo_10_em_binary|autodp_combo_12_drop_catboost|autodp_combo_13_mf_binary|autodp_ofat_feature_selection_wrapper|autodp_ofat_normalization_decimal_scale|autodp_ofat_normalization_minmax|autodp_ofat_normalization_zscore,False,19,0.9827441077441077,0.014353024330791215,0.045454545454545414
D_1145,1145,36,0.9444444444444444,0.9523809523809524,0.00793650793650802,autodp_combo_02_knn_binary,False,1,0.9371693121693121,0.012461272276069274,0.04761904761904767
D_1146,1146,36,0.9902912621359224,0.9935275080906149,0.003236245954692407,autodp_combo_01_basic|autodp_ofat_normalization_zscore,False,2,0.988673139158576,0.0032808859386721976,0.016181229773462702
D_1147,1147,36,0.9852941176470588,0.9852941176470588,0.0,autodp_00_baseline|autodp_ofat_duplicate_removal_approximate|autodp_ofat_duplicate_removal_exact|autodp_ofat_encoding_binary|autodp_ofat_encoding_catboost|autodp_ofat_encoding_frequency|autodp_ofat_encoding_ordinal|autodp_ofat_feature_selection_collinear|autodp_ofat_feature_selection_missing_ratio|autodp_ofat_feature_selection_wrapper|autodp_ofat_imputation_drop|autodp_ofat_imputation_em|autodp_ofat_imputation_knn|autodp_ofat_imputation_mice|autodp_ofat_imputation_most_frequent|autodp_ofat_imputation_random|autodp_ofat_outlier_removal_iqr|autodp_ofat_outlier_removal_lof|autodp_ofat_outlier_removal_zscore,True,0,0.9767156862745094,0.01061305641892694,0.044117647058823595
D_1148,1148,36,0.946808510638298,0.9893617021276596,0.04255319148936165,autodp_combo_01_basic|autodp_combo_02_knn_binary|autodp_combo_05_random_ordinal|autodp_combo_07_mf_frequency|autodp_combo_09_mice_ordinal|autodp_combo_10_em_binary|autodp_combo_13_mf_binary|autodp_ofat_normalization_decimal_scale|autodp_ofat_normalization_minmax|autodp_ofat_normalization_zscore,False,16,0.9612884160756503,0.02070034933676147,0.07446808510638303
D_1149,1149,36,0.9891304347826086,1.0,0.010869565217391353,autodp_combo_03_mice_catboost|autodp_combo_11_random_frequency|autodp_ofat_feature_selection_tree_based,False,3,0.9858091787439613,0.009172981600823233,0.05434782608695643
D_1150,1150,36,0.9148936170212766,0.925531914893617,0.010638297872340385,autodp_ofat_feature_selection_collinear|autodp_ofat_feature_selection_wrapper,False,2,0.9066193853427897,0.015479670039844906,0.0851063829787233
D_1151,1151,5,0.8214285714285714,0.8214285714285714,0.0,autodp_00_baseline|autodp_ofat_imputation_drop|autodp_ofat_imputation_knn|autodp_ofat_imputation_most_frequent|autodp_ofat_imputation_random,True,0,0.8214285714285714,0.0,0.0
D_1158,1158,18,,0.9834710743801652,,autodp_combo_01_basic|autodp_combo_05_random_ordinal,False,0,0.9623507805325988,0.013275328094399368,0.04958677685950408
D_1159,1159,36,0.9230769230769232,0.9423076923076924,0.019230769230769162,autodp_combo_01_basic|autodp_combo_02_knn_binary|autodp_combo_03_mice_catboost|autodp_combo_05_random_ordinal|autodp_combo_09_mice_ordinal|autodp_combo_11_random_frequency|autodp_combo_13_mf_binary|autodp_ofat_normalization_minmax|autodp_ofat_normalization_zscore,False,9,0.9091880341880343,0.055442439082603136,0.3076923076923078
D_1160,1160,36,0.9390243902439024,0.975609756097561,0.03658536585365857,autodp_combo_08_knn_catboost|autodp_ofat_feature_selection_collinear,False,14,0.9447831978319784,0.011671025187637019,0.060975609756097504
D_1161,1161,36,0.9579288025889968,0.9773462783171522,0.01941747572815533,autodp_combo_03_mice_catboost|autodp_combo_11_random_frequency|autodp_ofat_feature_selection_tree_based,False,16,0.9611650485436893,0.009311044499262174,0.05177993527508096
D_1162,1162,36,0.8307692307692308,0.8769230769230769,0.0461538461538461,autodp_combo_01_basic|autodp_combo_05_random_ordinal|autodp_ofat_normalization_zscore,False,16,0.8367521367521369,0.037029365850315334,0.23076923076923073
D_1163,1163,36,0.9871794871794872,0.9871794871794872,0.0,autodp_00_baseline|autodp_combo_01_basic|autodp_combo_02_knn_binary|autodp_combo_07_mf_frequency|autodp_combo_10_em_binary|autodp_combo_13_mf_binary|autodp_ofat_duplicate_removal_approximate|autodp_ofat_duplicate_removal_exact|autodp_ofat_encoding_binary|autodp_ofat_encoding_catboost|autodp_ofat_encoding_frequency|autodp_ofat_encoding_ordinal|autodp_ofat_feature_selection_collinear|autodp_ofat_feature_selection_missing_ratio|autodp_ofat_imputation_drop|autodp_ofat_imputation_em|autodp_ofat_imputation_knn|autodp_ofat_imputation_mice|autodp_ofat_imputation_most_frequent|autodp_ofat_imputation_random|autodp_ofat_normalization_decimal_scale|autodp_ofat_normalization_zscore|autodp_ofat_outlier_removal_iqr|autodp_ofat_outlier_removal_zscore,True,0,0.9775641025641026,0.01822513045858117,0.08974358974358976
D_1164,1164,36,0.6216216216216216,0.7297297297297297,0.10810810810810811,autodp_combo_06_drop_binary|autodp_combo_08_knn_catboost,False,19,0.6531531531531531,0.03518130484642639,0.10810810810810811
D_1165,1165,36,0.9541284403669724,0.963302752293578,0.00917431192660556,autodp_combo_02_knn_binary|autodp_combo_07_mf_frequency|autodp_combo_09_mice_ordinal|autodp_combo_10_em_binary|autodp_combo_12_drop_catboost|autodp_combo_13_mf_binary|autodp_ofat_normalization_decimal_scale,False,7,0.9503058103975535,0.01962614320029575,0.11926605504587151
D_1166,1166,36,0.9320388349514565,0.9352750809061487,0.003236245954692296,autodp_ofat_feature_selection_collinear,False,1,0.9200827040632866,0.016249755018451332,0.06796116504854355
D_1167,1167,36,0.71875,0.734375,0.015625,autodp_combo_02_knn_binary|autodp_combo_12_drop_catboost|autodp_ofat_encoding_catboost|autodp_ofat_encoding_frequency|autodp_ofat_encoding_ordinal|autodp_ofat_normalization_minmax|autodp_ofat_normalization_zscore,False,7,0.6940104166666666,0.03921411548535311,0.125
D_1169,1169,36,0.606,0.61,0.0040000000000000036,autodp_combo_07_mf_frequency|autodp_combo_12_drop_catboost,False,5,0.5959444444444443,0.01745620622593778,0.07899999999999996
D_1178,1178,36,0.973,0.975,0.0020000000000000018,autodp_combo_02_knn_binary|autodp_combo_06_drop_binary|autodp_ofat_encoding_binary,False,5,0.972222222222222,0.002187224409447727,0.01100000000000001
D_1179,1179,36,0.999,0.999,0.0,autodp_00_baseline|autodp_combo_01_basic|autodp_combo_05_random_ordinal|autodp_combo_09_mice_ordinal|autodp_combo_11_random_frequency|autodp_ofat_duplicate_removal_approximate|autodp_ofat_duplicate_removal_exact|autodp_ofat_feature_selection_collinear|autodp_ofat_feature_selection_missing_ratio|autodp_ofat_feature_selection_tree_based|autodp_ofat_feature_selection_wrapper|autodp_ofat_imputation_drop|autodp_ofat_imputation_em|autodp_ofat_imputation_knn|autodp_ofat_imputation_mice|autodp_ofat_imputation_most_frequent|autodp_ofat_imputation_random|autodp_ofat_normalization_decimal_scale|autodp_ofat_normalization_minmax|autodp_ofat_normalization_zscore|autodp_ofat_outlier_removal_iqr|autodp_ofat_outlier_removal_lof|autodp_ofat_outlier_removal_zscore,True,0,0.9980833333333334,0.0013411230782859242,0.0050000000000000044
D_1180,1180,36,0.919,0.919,0.0,autodp_00_baseline|autodp_combo_01_basic|autodp_combo_02_knn_binary|autodp_combo_03_mice_catboost|autodp_combo_04_em_frequency|autodp_combo_05_random_ordinal|autodp_combo_06_drop_binary|autodp_combo_07_mf_frequency|autodp_combo_08_knn_catboost|autodp_combo_09_mice_ordinal|autodp_combo_10_em_binary|autodp_combo_11_random_frequency|autodp_combo_12_drop_catboost|autodp_combo_13_mf_binary|autodp_ofat_duplicate_removal_approximate|autodp_ofat_duplicate_removal_exact|autodp_ofat_encoding_binary|autodp_ofat_encoding_catboost|autodp_ofat_encoding_frequency|autodp_ofat_encoding_ordinal|autodp_ofat_feature_selection_collinear|autodp_ofat_feature_selection_missing_ratio|autodp_ofat_feature_selection_tree_based|autodp_ofat_feature_selection_wrapper|autodp_ofat_imputation_drop|autodp_ofat_imputation_em|autodp_ofat_imputation_knn|autodp_ofat_imputation_mice|autodp_ofat_imputation_most_frequent|autodp_ofat_imputation_random|autodp_ofat_normalization_decimal_scale|autodp_ofat_normalization_minmax|autodp_ofat_normalization_zscore|autodp_ofat_outlier_removal_iqr|autodp_ofat_outlier_removal_lof|autodp_ofat_outlier_removal_zscore,True,0,0.9189999999999999,2.220446049250313e-16,0.0
D_1181,1181,36,0.767,0.778,0.01100000000000001,autodp_combo_10_em_binary|autodp_combo_13_mf_binary,False,19,0.7693888888888889,0.0056533066910623144,0.03400000000000003
D_1182,1182,36,0.854,0.859,0.0050000000000000044,autodp_ofat_normalization_decimal_scale,False,6,0.8363611111111112,0.025064530912756816,0.07399999999999995
D_1183,1183,36,0.81,0.81,0.0,autodp_00_baseline|autodp_ofat_duplicate_removal_approximate|autodp_ofat_duplicate_removal_exact|autodp_ofat_encoding_binary|autodp_ofat_encoding_catboost|autodp_ofat_encoding_frequency|autodp_ofat_encoding_ordinal|autodp_ofat_feature_selection_collinear|autodp_ofat_feature_selection_missing_ratio|autodp_ofat_imputation_drop|autodp_ofat_imputation_em|autodp_ofat_imputation_knn|autodp_ofat_imputation_mice|autodp_ofat_imputation_most_frequent|autodp_ofat_imputation_random|autodp_ofat_normalization_zscore|autodp_ofat_outlier_removal_zscore,True,0,0.8031111111111111,0.011955421312753156,0.06500000000000006
D_1185,1185,36,0.89,0.925,0.03500000000000003,autodp_combo_05_random_ordinal|autodp_ofat_normalization_zscore,False,15,0.8964722222222223,0.017969860741300386,0.07200000000000006
D_1186,1186,36,0.43,0.547,0.11700000000000005,autodp_ofat_normalization_minmax,False,16,0.44519444444444445,0.05685059339299638,0.22600000000000003
D_1205,1205,36,0.844,0.844,0.0,autodp_00_baseline|autodp_combo_04_em_frequency|autodp_combo_10_em_binary|autodp_combo_13_mf_binary|autodp_ofat_duplicate_removal_approximate|autodp_ofat_duplicate_removal_exact|autodp_ofat_encoding_binary|autodp_ofat_encoding_catboost|autodp_ofat_encoding_frequency|autodp_ofat_encoding_ordinal|autodp_ofat_feature_selection_collinear|autodp_ofat_feature_selection_missing_ratio|autodp_ofat_imputation_drop|autodp_ofat_imputation_em|autodp_ofat_imputation_knn|autodp_ofat_imputation_mice|autodp_ofat_imputation_most_frequent|autodp_ofat_imputation_random,True,0,0.8406111111111111,0.008574114070781024,0.041999999999999926
D_1209,1209,36,0.325,0.337,0.01200000000000001,autodp_ofat_encoding_binary,False,10,0.32225000000000004,0.009762100752968662,0.04600000000000004
D_1211,1211,36,0.831,0.831,0.0,autodp_00_baseline|autodp_ofat_encoding_binary|autodp_ofat_encoding_ordinal|autodp_ofat_feature_selection_collinear|autodp_ofat_feature_selection_missing_ratio|autodp_ofat_feature_selection_tree_based|autodp_ofat_feature_selection_wrapper|autodp_ofat_imputation_drop|autodp_ofat_imputation_em|autodp_ofat_imputation_knn|autodp_ofat_imputation_mice|autodp_ofat_imputation_most_frequent|autodp_ofat_imputation_random|autodp_ofat_normalization_decimal_scale|autodp_ofat_normalization_minmax|autodp_ofat_normalization_zscore|autodp_ofat_outlier_removal_iqr|autodp_ofat_outlier_removal_lof|autodp_ofat_outlier_removal_zscore,True,0,0.8186388888888889,0.015458102474067256,0.03499999999999992
D_1212,1212,36,0.709,0.719,0.010000000000000009,autodp_combo_11_random_frequency,False,19,0.7111388888888889,0.0030198673423566334,0.010000000000000009
D_1214,1214,36,0.79,0.802,0.01200000000000001,autodp_combo_09_mice_ordinal|autodp_ofat_normalization_minmax,False,7,0.7548611111111112,0.05569517871502674,0.18000000000000005
D_1218,1218,36,0.828,0.831,0.0030000000000000027,autodp_combo_05_random_ordinal|autodp_combo_08_knn_catboost,False,7,0.8250555555555555,0.009740934373515473,0.03699999999999992
D_1219,1219,36,0.827,0.828,0.0010000000000000009,autodp_combo_02_knn_binary|autodp_combo_08_knn_catboost|autodp_combo_09_mice_ordinal|autodp_combo_10_em_binary|autodp_combo_12_drop_catboost|autodp_combo_13_mf_binary|autodp_ofat_normalization_minmax,False,7,0.8259166666666666,0.0047806031697544766,0.026999999999999913
D_1220,1220,36,0.833,0.836,0.0030000000000000027,autodp_combo_04_em_frequency|autodp_combo_05_random_ordinal|autodp_combo_07_mf_frequency|autodp_combo_08_knn_catboost|autodp_ofat_normalization_decimal_scale|autodp_ofat_outlier_removal_lof,False,13,0.8317777777777777,0.008891666232774454,0.041999999999999926
D_1222,1222,36,0.793,0.794,0.0010000000000000009,autodp_ofat_outlier_removal_zscore,False,1,0.7763055555555556,0.030745206893328617,0.124
D_1233,1233,36,0.2222222222222222,0.5978835978835979,0.3756613756613757,autodp_combo_05_random_ordinal,False,19,0.3408289241622575,0.14073131982808318,0.3862433862433863
D_1240,1240,36,0.676,0.778,0.10199999999999998,autodp_combo_08_knn_catboost,False,23,0.7076944444444445,0.03993454327914092,0.14300000000000002
D_1351,1351,36,0.766,0.842,0.07599999999999996,autodp_ofat_feature_selection_wrapper|autodp_ofat_normalization_decimal_scale|autodp_ofat_normalization_zscore,False,19,0.7903333333333333,0.029361728680564945,0.08499999999999996
D_1352,1352,36,0.759,0.759,0.0,autodp_00_baseline|autodp_combo_08_knn_catboost|autodp_combo_11_random_frequency|autodp_combo_12_drop_catboost|autodp_ofat_duplicate_removal_approximate|autodp_ofat_duplicate_removal_exact|autodp_ofat_encoding_catboost|autodp_ofat_feature_selection_collinear|autodp_ofat_feature_selection_missing_ratio|autodp_ofat_imputation_drop|autodp_ofat_imputation_em|autodp_ofat_imputation_knn|autodp_ofat_imputation_mice|autodp_ofat_imputation_most_frequent|autodp_ofat_imputation_random,True,0,0.7558055555555556,0.003784613912823318,0.013000000000000012
D_1353,1353,36,0.759,0.762,0.0030000000000000027,autodp_combo_04_em_frequency,False,2,0.7569722222222222,0.003883627393094643,0.015000000000000013
D_1354,1354,36,0.849,0.942,0.09299999999999997,autodp_ofat_feature_selection_wrapper,False,18,0.8668611111111111,0.045348742955613676,0.16899999999999993
D_1355,1355,36,0.773,0.844,0.07099999999999995,autodp_ofat_normalization_zscore,False,18,0.7927777777777778,0.02814161717606061,0.08499999999999996
D_1356,1356,36,0.757,0.801,0.04400000000000004,autodp_combo_02_knn_binary,False,24,0.770638888888889,0.01598115692129986,0.04800000000000004
D_1357,1357,36,0.795,0.928,0.133,autodp_ofat_normalization_decimal_scale|autodp_ofat_normalization_minmax,False,21,0.8454444444444443,0.0538714748495819,0.15400000000000003
D_1358,1358,36,0.778,0.892,0.11399999999999999,autodp_ofat_normalization_decimal_scale,False,20,0.8126111111111111,0.04449424293457511,0.16000000000000003
D_1359,1359,36,0.775,0.839,0.06399999999999995,autodp_ofat_normalization_decimal_scale|autodp_ofat_normalization_minmax,False,17,0.7902499999999999,0.025114598454993354,0.08099999999999996
D_1360,1360,36,0.76,0.816,0.05599999999999994,autodp_ofat_normalization_decimal_scale,False,16,0.7698055555555555,0.02457281633165268,0.10999999999999999
D_1361,1361,36,0.757,0.78,0.02300000000000002,autodp_combo_02_knn_binary|autodp_ofat_feature_selection_tree_based,False,23,0.7566111111111112,0.02520832950719286,0.123
D_1362,1362,36,0.759,0.76,0.0010000000000000009,autodp_combo_01_basic,False,1,0.7582500000000001,0.0017853571071357146,0.009000000000000008
D_1363,1363,36,0.791,0.876,0.08499999999999996,autodp_ofat_normalization_zscore,False,17,0.8060833333333334,0.039879244810636344,0.17300000000000004
D_1364,1364,36,0.768,0.81,0.04200000000000004,autodp_ofat_normalization_decimal_scale,False,17,0.7699722222222223,0.030685217315971472,0.135
D_1365,1365,36,0.761,0.809,0.04800000000000004,autodp_combo_04_em_frequency|autodp_ofat_normalization_decimal_scale|autodp_ofat_normalization_minmax|autodp_ofat_normalization_zscore,False,22,0.7763611111111112,0.01796161459238653,0.050000000000000044
D_1366,1366,36,0.791,0.851,0.05999999999999994,autodp_ofat_normalization_zscore,False,16,0.8019999999999999,0.02713955702577981,0.09999999999999998
D_1367,1367,36,0.765,0.84,0.07499999999999996,autodp_ofat_normalization_minmax|autodp_ofat_normalization_zscore,False,17,0.780861111111111,0.03720301121159248,0.16599999999999993
D_1368,1368,36,0.759,0.808,0.049000000000000044,autodp_ofat_normalization_zscore,False,17,0.77175,0.019877926059940085,0.08300000000000007
D_1369,1369,36,0.837,0.837,0.0,autodp_00_baseline|autodp_ofat_duplicate_removal_approximate|autodp_ofat_duplicate_removal_exact|autodp_ofat_encoding_binary|autodp_ofat_feature_selection_collinear|autodp_ofat_feature_selection_missing_ratio|autodp_ofat_feature_selection_tree_based|autodp_ofat_feature_selection_wrapper|autodp_ofat_imputation_drop|autodp_ofat_imputation_em|autodp_ofat_imputation_knn|autodp_ofat_imputation_mice|autodp_ofat_imputation_most_frequent|autodp_ofat_imputation_random|autodp_ofat_normalization_decimal_scale|autodp_ofat_normalization_minmax|autodp_ofat_normalization_zscore|autodp_ofat_outlier_removal_iqr|autodp_ofat_outlier_removal_lof|autodp_ofat_outlier_removal_zscore,True,0,0.8328333333333333,0.0065170715986723905,0.02400000000000002
D_1370,1370,36,0.672,0.677,0.0050000000000000044,autodp_combo_10_em_binary,False,2,0.6685555555555556,0.006775956039328596,0.03200000000000003
D_1371,1371,36,0.653,0.662,0.009000000000000008,autodp_combo_01_basic|autodp_combo_05_random_ordinal,False,7,0.6498611111111111,0.010501726783348486,0.04600000000000004
D_1372,1372,36,0.899,0.9,0.0010000000000000009,autodp_combo_02_knn_binary|autodp_combo_08_knn_catboost|autodp_ofat_duplicate_removal_approximate|autodp_ofat_duplicate_removal_exact,False,4,0.8937222222222222,0.007263344466532361,0.02400000000000002
D_1373,1373,36,0.835,0.835,0.0,autodp_00_baseline|autodp_ofat_encoding_binary|autodp_ofat_feature_selection_collinear|autodp_ofat_feature_selection_missing_ratio|autodp_ofat_feature_selection_tree_based|autodp_ofat_feature_selection_wrapper|autodp_ofat_imputation_drop|autodp_ofat_imputation_em|autodp_ofat_imputation_knn|autodp_ofat_imputation_mice|autodp_ofat_imputation_most_frequent|autodp_ofat_imputation_random|autodp_ofat_normalization_decimal_scale|autodp_ofat_normalization_minmax|autodp_ofat_normalization_zscore|autodp_ofat_outlier_removal_iqr|autodp_ofat_outlier_removal_lof|autodp_ofat_outlier_removal_zscore,True,0,0.8313055555555556,0.005425349166666323,0.018000000000000016
D_1374,1374,36,0.756,0.757,0.0010000000000000009,autodp_ofat_duplicate_removal_approximate|autodp_ofat_duplicate_removal_exact,False,2,0.7486666666666666,0.010847426730181997,0.04500000000000004
D_1375,1375,36,0.901,0.901,0.0,autodp_00_baseline|autodp_ofat_duplicate_removal_approximate|autodp_ofat_duplicate_removal_exact|autodp_ofat_feature_selection_collinear|autodp_ofat_feature_selection_missing_ratio|autodp_ofat_feature_selection_tree_based|autodp_ofat_feature_selection_wrapper|autodp_ofat_imputation_drop|autodp_ofat_imputation_em|autodp_ofat_imputation_knn|autodp_ofat_imputation_mice|autodp_ofat_imputation_most_frequent|autodp_ofat_imputation_random|autodp_ofat_normalization_decimal_scale|autodp_ofat_normalization_minmax|autodp_ofat_normalization_zscore|autodp_ofat_outlier_removal_iqr|autodp_ofat_outlier_removal_lof|autodp_ofat_outlier_removal_zscore,True,0,0.8952222222222223,0.009150322128850356,0.04200000000000004
D_1376,1376,36,0.866,0.876,0.010000000000000009,autodp_combo_06_drop_binary,False,5,0.8645555555555556,0.005534961830865309,0.029000000000000026
D_1377,1377,36,0.828,0.832,0.0040000000000000036,autodp_combo_11_random_frequency,False,10,0.8274722222222222,0.0031045317334423613,0.017000000000000015
D_1378,1378,36,0.387,0.387,0.0,autodp_00_baseline|autodp_ofat_duplicate_removal_approximate|autodp_ofat_duplicate_removal_exact|autodp_ofat_encoding_binary|autodp_ofat_encoding_catboost|autodp_ofat_encoding_frequency|autodp_ofat_encoding_ordinal|autodp_ofat_feature_selection_collinear|autodp_ofat_feature_selection_missing_ratio|autodp_ofat_imputation_drop|autodp_ofat_imputation_em|autodp_ofat_imputation_knn|autodp_ofat_imputation_mice|autodp_ofat_imputation_most_frequent|autodp_ofat_imputation_random|autodp_ofat_normalization_zscore|autodp_ofat_outlier_removal_zscore,True,0,0.34311111111111114,0.072552577784734,0.234
D_1379,1379,36,0.23,0.232,0.0020000000000000018,autodp_ofat_outlier_removal_zscore,False,1,0.2074722222222222,0.03915743587047826,0.129
D_1380,1380,36,0.162,0.162,0.0,autodp_00_baseline|autodp_combo_05_random_ordinal|autodp_ofat_duplicate_removal_approximate|autodp_ofat_duplicate_removal_exact|autodp_ofat_encoding_binary|autodp_ofat_encoding_catboost|autodp_ofat_encoding_frequency|autodp_ofat_encoding_ordinal|autodp_ofat_feature_selection_collinear|autodp_ofat_feature_selection_missing_ratio|autodp_ofat_imputation_drop|autodp_ofat_imputation_em|autodp_ofat_imputation_knn|autodp_ofat_imputation_mice|autodp_ofat_imputation_most_frequent|autodp_ofat_imputation_random|autodp_ofat_normalization_zscore|autodp_ofat_outlier_removal_lof,True,0,0.14527777777777776,0.025998516102004224,0.078
D_1381,1381,36,0.439,0.444,0.0050000000000000044,autodp_combo_05_random_ordinal,False,3,0.39527777777777773,0.083573524220397,0.27
D_1382,1382,36,0.386,0.386,0.0,autodp_00_baseline|autodp_ofat_duplicate_removal_approximate|autodp_ofat_duplicate_removal_exact|autodp_ofat_encoding_binary|autodp_ofat_encoding_catboost|autodp_ofat_encoding_frequency|autodp_ofat_encoding_ordinal|autodp_ofat_feature_selection_collinear|autodp_ofat_feature_selection_missing_ratio|autodp_ofat_imputation_drop|autodp_ofat_imputation_em|autodp_ofat_imputation_knn|autodp_ofat_imputation_mice|autodp_ofat_imputation_most_frequent|autodp_ofat_imputation_random,True,0,0.34199999999999997,0.0720640147523174,0.231
D_1383,1383,36,0.327,0.328,0.0010000000000000009,autodp_ofat_outlier_removal_zscore,False,1,0.2909166666666666,0.058517032183421226,0.192
D_1384,1384,36,0.446,0.447,0.0010000000000000009,autodp_ofat_outlier_removal_lof,False,1,0.39691666666666664,0.08712104446624186,0.28300000000000003
D_1385,1385,36,0.41,0.41,0.0,autodp_00_baseline|autodp_ofat_duplicate_removal_approximate|autodp_ofat_duplicate_removal_exact|autodp_ofat_encoding_binary|autodp_ofat_encoding_catboost|autodp_ofat_encoding_frequency|autodp_ofat_encoding_ordinal|autodp_ofat_feature_selection_collinear|autodp_ofat_feature_selection_missing_ratio|autodp_ofat_imputation_drop|autodp_ofat_imputation_em|autodp_ofat_imputation_knn|autodp_ofat_imputation_mice|autodp_ofat_imputation_most_frequent|autodp_ofat_imputation_random,True,0,0.36527777777777776,0.07551365259603762,0.23999999999999996
D_1386,1386,36,0.385,0.387,0.0020000000000000018,autodp_combo_05_random_ordinal|autodp_ofat_normalization_zscore,False,2,0.34188888888888885,0.07208358488502457,0.23500000000000001
D_1387,1387,36,0.752,0.752,0.0,autodp_00_baseline|autodp_ofat_duplicate_removal_approximate|autodp_ofat_duplicate_removal_exact|autodp_ofat_feature_selection_collinear|autodp_ofat_feature_selection_missing_ratio|autodp_ofat_feature_selection_tree_based|autodp_ofat_feature_selection_wrapper|autodp_ofat_imputation_drop|autodp_ofat_imputation_em|autodp_ofat_imputation_knn|autodp_ofat_imputation_mice|autodp_ofat_imputation_most_frequent|autodp_ofat_imputation_random|autodp_ofat_normalization_decimal_scale|autodp_ofat_normalization_minmax|autodp_ofat_normalization_zscore|autodp_ofat_outlier_removal_iqr|autodp_ofat_outlier_removal_lof|autodp_ofat_outlier_removal_zscore,True,0,0.7056666666666667,0.0629863300865972,0.18400000000000005
D_1388,1388,36,0.552,0.562,0.010000000000000009,autodp_combo_02_knn_binary,False,2,0.5274722222222222,0.03901102843435653,0.12800000000000006
D_1389,1389,36,0.429,0.429,0.0,autodp_00_baseline|autodp_combo_07_mf_frequency|autodp_ofat_duplicate_removal_approximate|autodp_ofat_duplicate_removal_exact|autodp_ofat_encoding_frequency|autodp_ofat_feature_selection_collinear|autodp_ofat_feature_selection_missing_ratio|autodp_ofat_feature_selection_tree_based|autodp_ofat_feature_selection_wrapper|autodp_ofat_imputation_drop|autodp_ofat_imputation_em|autodp_ofat_imputation_knn|autodp_ofat_imputation_mice|autodp_ofat_imputation_most_frequent|autodp_ofat_imputation_random|autodp_ofat_normalization_decimal_scale|autodp_ofat_normalization_minmax|autodp_ofat_normalization_zscore|autodp_ofat_outlier_removal_iqr|autodp_ofat_outlier_removal_lof|autodp_ofat_outlier_removal_zscore,True,0,0.411,0.02582311625914528,0.08599999999999997
D_1390,1390,36,0.792,0.795,0.0030000000000000027,autodp_ofat_duplicate_removal_approximate|autodp_ofat_duplicate_removal_exact,False,2,0.7552777777777777,0.0496407153180124,0.16100000000000003
D_1391,1391,36,0.751,0.753,0.0020000000000000018,autodp_ofat_duplicate_removal_approximate|autodp_ofat_duplicate_removal_exact,False,2,0.7060277777777777,0.06190830410602403,0.18400000000000005
D_1392,1392,36,0.672,0.675,0.0030000000000000027,autodp_ofat_encoding_binary,False,1,0.6357500000000001,0.05287793858395853,0.16700000000000004
D_1393,1393,36,0.387,0.532,0.14500000000000002,autodp_ofat_feature_selection_wrapper,False,17,0.4305000000000001,0.056184468000012644,0.17400000000000004
D_1394,1394,36,0.349,0.382,0.03300000000000003,autodp_ofat_feature_selection_wrapper,False,16,0.3537777777777777,0.013739867197949326,0.057999999999999996
D_1395,1395,36,0.322,0.355,0.032999999999999974,autodp_ofat_feature_selection_wrapper,False,19,0.33197222222222217,0.012802964307601897,0.046999999999999986
D_1396,1396,36,0.412,0.658,0.24600000000000005,autodp_ofat_normalization_zscore,False,18,0.48980555555555544,0.09639381591634177,0.278
D_1397,1397,36,0.374,0.533,0.15900000000000003,autodp_ofat_normalization_minmax,False,22,0.42744444444444446,0.06004555883495856,0.18300000000000005
D_1398,1398,36,0.342,0.44,0.09799999999999998,autodp_ofat_normalization_zscore,False,22,0.37230555555555556,0.03575986223286633,0.10199999999999998
D_1399,1399,36,0.369,0.665,0.29600000000000004,autodp_ofat_normalization_minmax,False,22,0.46833333333333343,0.11304276476920877,0.30400000000000005
D_1400,1400,36,0.393,0.592,0.19899999999999995,autodp_ofat_feature_selection_wrapper,False,23,0.4605555555555556,0.07421344758511852,0.20399999999999996
D_1401,1401,36,0.359,0.534,0.17500000000000004,autodp_ofat_normalization_zscore,False,24,0.4216944444444445,0.0647730308437961,0.17500000000000004
D_1402,1402,36,0.659,0.673,0.014000000000000012,autodp_combo_10_em_binary,False,2,0.6513055555555556,0.013999641750266427,0.06800000000000006
D_1403,1403,36,0.555,0.569,0.013999999999999901,autodp_ofat_encoding_binary,False,10,0.5510833333333334,0.010884175567206625,0.039999999999999925
D_1404,1404,36,0.53,0.548,0.018000000000000016,autodp_combo_05_random_ordinal,False,18,0.5336111111111111,0.005084168116034207,0.02100000000000002
D_1405,1405,36,0.847,0.847,0.0,autodp_00_baseline|autodp_ofat_duplicate_removal_approximate|autodp_ofat_duplicate_removal_exact|autodp_ofat_feature_selection_collinear|autodp_ofat_feature_selection_missing_ratio|autodp_ofat_imputation_drop|autodp_ofat_imputation_em|autodp_ofat_imputation_knn|autodp_ofat_imputation_mice|autodp_ofat_imputation_most_frequent|autodp_ofat_imputation_random|autodp_ofat_normalization_zscore|autodp_ofat_outlier_removal_iqr|autodp_ofat_outlier_removal_zscore,True,0,0.8353333333333333,0.013848385385227327,0.06099999999999994
D_1406,1406,36,0.659,0.667,0.008000000000000007,autodp_combo_10_em_binary,False,4,0.6511666666666667,0.013506171428893793,0.06800000000000006
D_1407,1407,36,0.59,0.594,0.0040000000000000036,autodp_ofat_feature_selection_tree_based,False,3,0.5836944444444444,0.009596930772226779,0.038999999999999924
D_1408,1408,36,0.855,0.858,0.0030000000000000027,autodp_ofat_feature_selection_tree_based|autodp_ofat_feature_selection_wrapper,False,7,0.8459166666666668,0.01249749974994999,0.04699999999999993
D_1409,1409,36,0.685,0.689,0.0039999999999998925,autodp_combo_10_em_binary|autodp_ofat_encoding_binary|autodp_ofat_feature_selection_tree_based,False,8,0.6799166666666667,0.012970854079649327,0.061999999999999944
D_1410,1410,36,0.663,0.67,0.007000000000000006,autodp_combo_10_em_binary,False,2,0.6526111111111113,0.013244029635562381,0.050000000000000044
D_1413,1413,36,0.9666666666666668,0.9666666666666668,0.0,autodp_00_baseline|autodp_combo_04_em_frequency|autodp_ofat_duplicate_removal_approximate|autodp_ofat_duplicate_removal_exact|autodp_ofat_encoding_binary|autodp_ofat_encoding_catboost|autodp_ofat_encoding_frequency|autodp_ofat_encoding_ordinal|autodp_ofat_feature_selection_missing_ratio|autodp_ofat_feature_selection_tree_based|autodp_ofat_imputation_drop|autodp_ofat_imputation_em|autodp_ofat_imputation_knn|autodp_ofat_imputation_mice|autodp_ofat_imputation_most_frequent|autodp_ofat_imputation_random|autodp_ofat_outlier_removal_iqr|autodp_ofat_outlier_removal_lof|autodp_ofat_outlier_removal_zscore,True,0,0.9453703703703701,0.027389258255090865,0.10000000000000009
D_1441,1441,36,0.88,0.92,0.040000000000000036,autodp_combo_12_drop_catboost,False,1,0.8644444444444445,0.03166179299727778,0.16000000000000003
D_1442,1442,36,0.9019607843137256,0.9607843137254902,0.05882352941176461,autodp_combo_05_random_ordinal|autodp_ofat_normalization_zscore,False,7,0.9057734204793029,0.02207730740687497,0.11764705882352944
D_1443,1443,36,0.8947368421052632,0.924812030075188,0.03007518796992481,autodp_combo_09_mice_ordinal|autodp_ofat_normalization_minmax,False,16,0.891812865497076,0.034468114028197584,0.16541353383458646
D_1444,1444,36,0.9043062200956936,0.9138755980861244,0.009569377990430783,autodp_combo_03_mice_catboost|autodp_ofat_feature_selection_tree_based,False,3,0.8899521531100477,0.0198242470409187,0.0717703349282297
D_1446,1446,36,0.8166666666666667,0.8833333333333333,0.06666666666666665,autodp_combo_02_knn_binary|autodp_combo_04_em_frequency|autodp_combo_10_em_binary|autodp_combo_12_drop_catboost,False,19,0.8384259259259259,0.031135765143259955,0.1333333333333333
D_1447,1447,36,0.7727272727272727,0.8484848484848485,0.0757575757575758,autodp_combo_09_mice_ordinal|autodp_combo_13_mf_binary|autodp_ofat_feature_selection_tree_based|autodp_ofat_normalization_decimal_scale|autodp_ofat_normalization_minmax,False,19,0.7967171717171717,0.03450921810281934,0.1515151515151515
D_1451,1451,36,0.9148936170212766,0.950354609929078,0.03546099290780147,autodp_ofat_feature_selection_collinear,False,12,0.9107565011820332,0.023485007667027814,0.13475177304964547
D_1452,1452,36,0.953020134228188,0.9798657718120806,0.02684563758389258,autodp_combo_04_em_frequency|autodp_combo_09_mice_ordinal|autodp_combo_10_em_binary|autodp_combo_13_mf_binary|autodp_ofat_feature_selection_collinear|autodp_ofat_normalization_decimal_scale|autodp_ofat_normalization_minmax|autodp_ofat_normalization_zscore,False,14,0.9502237136465322,0.035243775736438825,0.13422818791946312
D_1453,1453,36,0.8842592592592593,0.8842592592592593,0.0,autodp_00_baseline|autodp_ofat_duplicate_removal_approximate|autodp_ofat_duplicate_removal_exact|autodp_ofat_encoding_binary|autodp_ofat_encoding_catboost|autodp_ofat_encoding_frequency|autodp_ofat_encoding_ordinal|autodp_ofat_feature_selection_missing_ratio|autodp_ofat_imputation_drop|autodp_ofat_imputation_em|autodp_ofat_imputation_knn|autodp_ofat_imputation_mice|autodp_ofat_imputation_most_frequent|autodp_ofat_imputation_random|autodp_ofat_outlier_removal_lof,True,0,0.8621399176954732,0.022657114758791414,0.06481481481481488
D_1455,1455,36,0.9583333333333334,1.0,0.04166666666666663,autodp_combo_01_basic|autodp_combo_02_knn_binary|autodp_combo_03_mice_catboost|autodp_combo_05_random_ordinal|autodp_combo_06_drop_binary|autodp_combo_08_knn_catboost|autodp_combo_09_mice_ordinal|autodp_combo_11_random_frequency|autodp_combo_12_drop_catboost|autodp_ofat_normalization_decimal_scale|autodp_ofat_normalization_minmax|autodp_ofat_normalization_zscore|autodp_ofat_outlier_removal_lof,False,13,0.9479166666666669,0.09336340041492187,0.41666666666666663
D_1457,1457,36,0.69,0.7933333333333333,0.10333333333333339,autodp_combo_01_basic|autodp_ofat_normalization_zscore,False,8,0.595925925925926,0.21611626830623323,0.7366666666666667
D_1458,1458,36,0.725,0.75,0.025000000000000022,autodp_combo_01_basic|autodp_combo_07_mf_frequency|autodp_combo_10_em_binary|autodp_ofat_feature_selection_collinear|autodp_ofat_normalization_decimal_scale|autodp_ofat_normalization_minmax|autodp_ofat_normalization_zscore,False,7,0.7,0.054326686710022075,0.22499999999999998
D_1459,1459,36,0.35,0.357,0.007000000000000006,autodp_ofat_outlier_removal_lof,False,2,0.32380555555555557,0.03770044167472226,0.141
D_1460,1460,36,0.572,0.587,0.015000000000000013,autodp_combo_12_drop_catboost|autodp_ofat_normalization_decimal_scale,False,8,0.5617222222222221,0.026920264064157127,0.09299999999999997
D_1462,1462,36,0.9963636363636365,0.9963636363636365,0.0,autodp_00_baseline|autodp_ofat_encoding_binary|autodp_ofat_encoding_catboost|autodp_ofat_encoding_frequency|autodp_ofat_encoding_ordinal|autodp_ofat_feature_selection_collinear|autodp_ofat_feature_selection_missing_ratio|autodp_ofat_imputation_drop|autodp_ofat_imputation_em|autodp_ofat_imputation_knn|autodp_ofat_imputation_mice|autodp_ofat_imputation_most_frequent|autodp_ofat_imputation_random|autodp_ofat_outlier_removal_lof|autodp_ofat_outlier_removal_zscore,True,0,0.9547474747474749,0.05016369490072735,0.12363636363636377
D_1463,1463,36,0.8,0.8,0.0,autodp_00_baseline|autodp_ofat_duplicate_removal_approximate|autodp_ofat_duplicate_removal_exact|autodp_ofat_feature_selection_collinear|autodp_ofat_feature_selection_missing_ratio|autodp_ofat_feature_selection_tree_based|autodp_ofat_feature_selection_wrapper|autodp_ofat_imputation_drop|autodp_ofat_imputation_em|autodp_ofat_imputation_knn|autodp_ofat_imputation_mice|autodp_ofat_imputation_most_frequent|autodp_ofat_imputation_random|autodp_ofat_normalization_decimal_scale|autodp_ofat_normalization_minmax|autodp_ofat_normalization_zscore|autodp_ofat_outlier_removal_iqr|autodp_ofat_outlier_removal_lof|autodp_ofat_outlier_removal_zscore,True,0,0.7347222222222222,0.07801303705546454,0.25
D_1464,1464,36,0.7866666666666666,0.7866666666666666,0.0,autodp_00_baseline|autodp_combo_02_knn_binary|autodp_combo_08_knn_catboost|autodp_ofat_encoding_binary|autodp_ofat_encoding_catboost|autodp_ofat_encoding_frequency|autodp_ofat_encoding_ordinal|autodp_ofat_feature_selection_collinear|autodp_ofat_feature_selection_missing_ratio|autodp_ofat_imputation_drop|autodp_ofat_imputation_em|autodp_ofat_imputation_knn|autodp_ofat_imputation_mice|autodp_ofat_imputation_most_frequent|autodp_ofat_imputation_random|autodp_ofat_normalization_minmax|autodp_ofat_normalization_zscore|autodp_ofat_outlier_removal_iqr,True,0,0.774074074074074,0.0201707389691705,0.10666666666666658
D_1465,1465,36,0.2727272727272727,0.5,0.2272727272727273,autodp_combo_04_em_frequency|autodp_combo_07_mf_frequency|autodp_combo_10_em_binary|autodp_combo_13_mf_binary|autodp_ofat_normalization_decimal_scale,False,13,0.3143939393939394,0.08185675297338754,0.2727272727272728
D_1466,1466,36,0.7910798122065728,1.0,0.20892018779342725,autodp_combo_02_knn_binary|autodp_combo_05_random_ordinal|autodp_combo_08_knn_catboost|autodp_combo_09_mice_ordinal|autodp_combo_12_drop_catboost|autodp_ofat_normalization_minmax|autodp_ofat_normalization_zscore,False,12,0.8396583202921231,0.10958083992438725,0.3356807511737089
D_1467,1467,36,0.9166666666666666,0.925925925925926,0.009259259259259411,autodp_combo_01_basic|autodp_combo_05_random_ordinal|autodp_combo_08_knn_catboost|autodp_ofat_normalization_zscore,False,4,0.9176954732510286,0.002909904449327404,0.009259259259259411
D_1468,1468,36,0.9351851851851852,0.9444444444444444,0.00925925925925919,autodp_combo_01_basic|autodp_ofat_normalization_zscore,False,5,0.8858024691358025,0.07615080118194649,0.3287037037037037
D_1472,1472,36,0.38,0.56,0.18000000000000005,autodp_ofat_normalization_zscore,False,10,0.3609259259259259,0.08987168875100479,0.3866666666666667
D_1473,1473,36,0.9,0.9,0.0,autodp_00_baseline|autodp_combo_02_knn_binary|autodp_combo_03_mice_catboost|autodp_combo_04_em_frequency|autodp_combo_06_drop_binary|autodp_combo_07_mf_frequency|autodp_combo_08_knn_catboost|autodp_combo_09_mice_ordinal|autodp_combo_10_em_binary|autodp_combo_12_drop_catboost|autodp_combo_13_mf_binary|autodp_ofat_duplicate_removal_approximate|autodp_ofat_duplicate_removal_exact|autodp_ofat_encoding_binary|autodp_ofat_encoding_catboost|autodp_ofat_encoding_frequency|autodp_ofat_encoding_ordinal|autodp_ofat_feature_selection_collinear|autodp_ofat_feature_selection_missing_ratio|autodp_ofat_feature_selection_tree_based|autodp_ofat_feature_selection_wrapper|autodp_ofat_imputation_drop|autodp_ofat_imputation_em|autodp_ofat_imputation_knn|autodp_ofat_imputation_mice|autodp_ofat_imputation_most_frequent|autodp_ofat_imputation_random|autodp_ofat_normalization_decimal_scale|autodp_ofat_normalization_minmax|autodp_ofat_outlier_removal_iqr|autodp_ofat_outlier_removal_lof|autodp_ofat_outlier_removal_zscore,True,0,0.8902777777777777,0.03077572195300047,0.15000000000000002
D_1475,1475,36,0.479,0.479,0.0,autodp_00_baseline|autodp_ofat_encoding_binary|autodp_ofat_encoding_catboost|autodp_ofat_encoding_frequency|autodp_ofat_encoding_ordinal|autodp_ofat_feature_selection_missing_ratio|autodp_ofat_imputation_drop|autodp_ofat_imputation_em|autodp_ofat_imputation_knn|autodp_ofat_imputation_mice|autodp_ofat_imputation_most_frequent|autodp_ofat_imputation_random,True,0,0.43844444444444447,0.07420895590023127,0.24999999999999997
D_1476,1476,36,0.968,0.985,0.017000000000000015,autodp_ofat_normalization_zscore,False,3,0.9353333333333332,0.04443909690051466,0.18199999999999994
D_1477,1477,36,0.974,0.986,0.01200000000000001,autodp_ofat_normalization_zscore,False,1,0.9429166666666666,0.04268513597651216,0.16200000000000003
D_1478,1478,36,0.976,0.976,0.0,autodp_00_baseline|autodp_ofat_duplicate_removal_approximate|autodp_ofat_duplicate_removal_exact|autodp_ofat_encoding_binary|autodp_ofat_encoding_catboost|autodp_ofat_encoding_frequency|autodp_ofat_encoding_ordinal|autodp_ofat_feature_selection_missing_ratio|autodp_ofat_imputation_drop|autodp_ofat_imputation_em|autodp_ofat_imputation_knn|autodp_ofat_imputation_mice|autodp_ofat_imputation_most_frequent|autodp_ofat_imputation_random|autodp_ofat_outlier_removal_iqr|autodp_ofat_outlier_removal_lof,True,0,0.9505555555555555,0.03672302066706359,0.125
D_1479,1479,36,0.9670781893004116,0.9670781893004116,0.0,autodp_00_baseline|autodp_ofat_duplicate_removal_exact|autodp_ofat_encoding_binary|autodp_ofat_encoding_catboost|autodp_ofat_encoding_frequency|autodp_ofat_encoding_ordinal|autodp_ofat_feature_selection_missing_ratio|autodp_ofat_imputation_drop|autodp_ofat_imputation_em|autodp_ofat_imputation_knn|autodp_ofat_imputation_mice|autodp_ofat_imputation_most_frequent|autodp_ofat_imputation_random,True,0,0.7456561499771377,0.20683264637612722,0.4732510288065845
D_1480,1480,36,0.7350427350427351,0.7435897435897436,0.008547008547008517,autodp_ofat_duplicate_removal_approximate|autodp_ofat_duplicate_removal_exact|autodp_ofat_encoding_binary,False,3,0.7248338081671417,0.01421927081879304,0.05128205128205132
D_1506,1506,36,0.8404255319148937,0.8617021276595744,0.02127659574468077,autodp_combo_05_random_ordinal,False,19,0.846335697399527,0.005850765328966683,0.02127659574468077
D_1507,1507,36,0.981,0.981,0.0,autodp_00_baseline|autodp_combo_01_basic|autodp_combo_05_random_ordinal|autodp_ofat_duplicate_removal_approximate|autodp_ofat_duplicate_removal_exact|autodp_ofat_encoding_binary|autodp_ofat_encoding_catboost|autodp_ofat_encoding_frequency|autodp_ofat_encoding_ordinal|autodp_ofat_feature_selection_collinear|autodp_ofat_feature_selection_missing_ratio|autodp_ofat_imputation_drop|autodp_ofat_imputation_em|autodp_ofat_imputation_knn|autodp_ofat_imputation_mice|autodp_ofat_imputation_most_frequent|autodp_ofat_imputation_random|autodp_ofat_normalization_zscore|autodp_ofat_outlier_removal_iqr|autodp_ofat_outlier_removal_lof,True,0,0.9686388888888887,0.02267788053218593,0.06599999999999995
D_1508,1508,36,0.8271604938271605,0.9012345679012346,0.07407407407407407,autodp_combo_01_basic|autodp_combo_03_mice_catboost|autodp_combo_05_random_ordinal|autodp_combo_08_knn_catboost|autodp_combo_11_random_frequency|autodp_ofat_normalization_zscore,False,6,0.8384773662551441,0.028268789432168907,0.0864197530864198
D_1509,1509,36,0.258,0.271,0.013000000000000012,autodp_combo_01_basic,False,5,0.23966666666666667,0.026321727400254978,0.08900000000000002
D_1510,1510,36,0.9385964912280702,0.9649122807017544,0.02631578947368418,autodp_combo_02_knn_binary|autodp_combo_03_mice_catboost|autodp_combo_08_knn_catboost|autodp_combo_11_random_frequency|autodp_combo_12_drop_catboost|autodp_ofat_normalization_zscore,False,13,0.9437134502923976,0.014674605189974226,0.07017543859649122
D_1511,1511,36,0.9204545454545454,0.9318181818181818,0.011363636363636354,autodp_ofat_feature_selection_tree_based,False,1,0.9002525252525254,0.041069333250733815,0.15909090909090906
D_1512,1512,36,0.375,0.4,0.025000000000000022,autodp_ofat_outlier_removal_zscore,False,1,0.3326388888888889,0.05130905961684965,0.17500000000000002
D_1513,1513,36,0.4,0.48,0.07999999999999996,autodp_combo_08_knn_catboost|autodp_combo_12_drop_catboost,False,6,0.4044444444444445,0.02793290019994785,0.15999999999999998
D_1514,1514,36,0.9305555555555556,0.9305555555555556,0.0,autodp_00_baseline|autodp_combo_02_knn_binary|autodp_ofat_duplicate_removal_approximate|autodp_ofat_duplicate_removal_exact|autodp_ofat_encoding_binary|autodp_ofat_encoding_catboost|autodp_ofat_encoding_frequency|autodp_ofat_encoding_ordinal|autodp_ofat_feature_selection_missing_ratio|autodp_ofat_imputation_drop|autodp_ofat_imputation_em|autodp_ofat_imputation_knn|autodp_ofat_imputation_mice|autodp_ofat_imputation_most_frequent|autodp_ofat_imputation_random|autodp_ofat_outlier_removal_iqr|autodp_ofat_outlier_removal_zscore,True,0,0.8908179012345678,0.06605564720205555,0.29166666666666674
D_1515,1515,36,0.782608695652174,0.8434782608695652,0.060869565217391286,autodp_combo_01_basic|autodp_ofat_normalization_zscore,False,4,0.6973429951690822,0.13870435125513372,0.49565217391304356
D_1516,1516,31,0.6666666666666666,0.8333333333333334,0.16666666666666674,autodp_ofat_feature_selection_collinear,False,1,0.5878136200716845,0.12283505009457914,0.5
D_1517,1517,36,0.4,0.5,0.09999999999999998,autodp_combo_01_basic|autodp_combo_02_knn_binary|autodp_combo_03_mice_catboost|autodp_combo_04_em_frequency|autodp_combo_07_mf_frequency|autodp_combo_10_em_binary|autodp_combo_11_random_frequency|autodp_combo_13_mf_binary|autodp_ofat_outlier_removal_iqr|autodp_ofat_outlier_removal_lof|autodp_ofat_outlier_removal_zscore,False,11,0.41666666666666674,0.06871842709362765,0.3
D_1518,1518,31,0.4444444444444444,0.7777777777777778,0.33333333333333337,autodp_combo_09_mice_ordinal|autodp_ofat_normalization_minmax,False,9,0.4946236559139785,0.09291384513846394,0.33333333333333337
D_1519,1519,36,0.5416666666666666,0.875,0.33333333333333337,autodp_ofat_feature_selection_tree_based,False,19,0.6076388888888888,0.08694433351075638,0.4166666666666667
D_1520,1520,36,0.696969696969697,0.696969696969697,0.0,autodp_00_baseline|autodp_ofat_duplicate_removal_approximate|autodp_ofat_duplicate_removal_exact|autodp_ofat_encoding_binary|autodp_ofat_encoding_catboost|autodp_ofat_encoding_frequency|autodp_ofat_encoding_ordinal|autodp_ofat_feature_selection_missing_ratio|autodp_ofat_imputation_drop|autodp_ofat_imputation_em|autodp_ofat_imputation_knn|autodp_ofat_imputation_mice|autodp_ofat_imputation_most_frequent|autodp_ofat_imputation_random|autodp_ofat_outlier_removal_zscore,True,0,0.5521885521885522,0.1505204912273206,0.4848484848484849
D_1523,1523,36,0.8387096774193549,0.8548387096774194,0.016129032258064502,autodp_ofat_outlier_removal_iqr|autodp_ofat_outlier_removal_lof|autodp_ofat_outlier_removal_zscore,False,3,0.8046594982078852,0.06861716745188763,0.22580645161290325
D_1524,1524,36,0.8064516129032258,0.8387096774193549,0.032258064516129115,autodp_combo_06_drop_binary,False,1,0.7795698924731181,0.04147109844231588,0.16129032258064524
D_1525,1525,36,0.926,0.962,0.03599999999999992,autodp_combo_01_basic,False,4,0.7861944444444444,0.18066279507605146,0.5569999999999999
D_1526,1526,36,0.926,0.961,0.03499999999999992,autodp_combo_03_mice_catboost|autodp_combo_05_random_ordinal,False,7,0.8759444444444444,0.09220115221154129,0.267
D_1527,1527,36,0.9093701996927804,0.9216589861751152,0.01228878648233478,autodp_combo_03_mice_catboost|autodp_combo_05_random_ordinal|autodp_ofat_normalization_zscore,False,12,0.9117170165557263,0.004529191231213626,0.01382488479262678
D_1528,1528,36,0.9076923076923076,0.9230769230769232,0.015384615384615663,autodp_combo_03_mice_catboost,False,11,0.9103418803418803,0.00447964365175347,0.015384615384615663
D_1529,1529,36,0.898360655737705,0.9081967213114754,0.00983606557377048,autodp_combo_02_knn_binary|autodp_combo_06_drop_binary|autodp_combo_09_mice_ordinal|autodp_ofat_normalization_minmax,False,9,0.8998178506375228,0.003898166586344747,0.016393442622950838
D_1530,1530,36,0.900990099009901,0.9042904290429042,0.0033003300330032292,autodp_combo_01_basic|autodp_combo_02_knn_binary|autodp_combo_05_random_ordinal|autodp_combo_09_mice_ordinal|autodp_combo_12_drop_catboost|autodp_ofat_normalization_minmax|autodp_ofat_normalization_zscore,False,7,0.9015401540154018,0.0014553087519606977,0.0066006600660065695
D_1531,1531,36,0.965,0.971,0.006000000000000005,autodp_combo_01_basic|autodp_combo_03_mice_catboost|autodp_combo_05_random_ordinal|autodp_combo_08_knn_catboost|autodp_ofat_normalization_zscore,False,14,0.9661944444444447,0.0025800456977482294,0.008000000000000007
D_1532,1532,36,0.964,0.972,0.008000000000000007,autodp_combo_03_mice_catboost,False,11,0.9646666666666666,0.0031972210155418158,0.01200000000000001
D_1533,1533,36,0.967,0.968,0.0010000000000000009,autodp_combo_12_drop_catboost|autodp_ofat_normalization_decimal_scale,False,2,0.9666388888888887,0.0009761824106003108,0.0050000000000000044
D_1534,1534,36,0.965,0.97,0.0050000000000000044,autodp_combo_03_mice_catboost|autodp_combo_05_random_ordinal|autodp_combo_06_drop_binary|autodp_ofat_normalization_zscore,False,5,0.9656666666666669,0.001666666666666668,0.0050000000000000044
D_1535,1535,36,0.962,0.965,0.0030000000000000027,autodp_combo_03_mice_catboost|autodp_combo_05_random_ordinal|autodp_combo_06_drop_binary|autodp_combo_08_knn_catboost|autodp_ofat_normalization_zscore,False,9,0.962111111111111,0.0018223577185396377,0.008000000000000007
D_1536,1536,36,0.963,0.971,0.008000000000000007,autodp_combo_03_mice_catboost|autodp_combo_06_drop_binary,False,12,0.9642777777777778,0.0029402485827553894,0.010000000000000009
D_1537,1537,36,0.972,0.976,0.0040000000000000036,autodp_combo_05_random_ordinal|autodp_combo_08_knn_catboost|autodp_ofat_normalization_zscore,False,3,0.9723055555555555,0.0011259426777506256,0.0050000000000000044
D_1538,1538,36,0.943,0.943,0.0,autodp_00_baseline|autodp_combo_02_knn_binary|autodp_combo_04_em_frequency|autodp_combo_07_mf_frequency|autodp_combo_09_mice_ordinal|autodp_ofat_duplicate_removal_approximate|autodp_ofat_duplicate_removal_exact|autodp_ofat_encoding_binary|autodp_ofat_encoding_catboost|autodp_ofat_encoding_frequency|autodp_ofat_encoding_ordinal|autodp_ofat_feature_selection_collinear|autodp_ofat_feature_selection_missing_ratio|autodp_ofat_feature_selection_tree_based|autodp_ofat_imputation_drop|autodp_ofat_imputation_em|autodp_ofat_imputation_knn|autodp_ofat_imputation_mice|autodp_ofat_imputation_most_frequent|autodp_ofat_imputation_random|autodp_ofat_normalization_decimal_scale|autodp_ofat_normalization_minmax|autodp_ofat_outlier_removal_iqr|autodp_ofat_outlier_removal_lof|autodp_ofat_outlier_removal_zscore,True,0,0.942472222222222,0.001013413130386373,0.0040000000000000036
D_1539,1539,36,0.948,0.949,0.0010000000000000009,autodp_combo_04_em_frequency|autodp_combo_07_mf_frequency|autodp_combo_10_em_binary|autodp_combo_13_mf_binary|autodp_ofat_normalization_decimal_scale|autodp_ofat_outlier_removal_iqr|autodp_ofat_outlier_removal_zscore,False,7,0.9476666666666667,0.0014142135623730961,0.006000000000000005
D_1540,1540,36,0.946,0.946,0.0,autodp_00_baseline|autodp_combo_01_basic|autodp_combo_02_knn_binary|autodp_combo_03_mice_catboost|autodp_combo_04_em_frequency|autodp_combo_05_random_ordinal|autodp_combo_06_drop_binary|autodp_combo_07_mf_frequency|autodp_combo_08_knn_catboost|autodp_combo_09_mice_ordinal|autodp_combo_10_em_binary|autodp_combo_11_random_frequency|autodp_combo_12_drop_catboost|autodp_combo_13_mf_binary|autodp_ofat_duplicate_removal_approximate|autodp_ofat_duplicate_removal_exact|autodp_ofat_encoding_binary|autodp_ofat_encoding_catboost|autodp_ofat_encoding_frequency|autodp_ofat_encoding_ordinal|autodp_ofat_feature_selection_collinear|autodp_ofat_feature_selection_missing_ratio|autodp_ofat_feature_selection_tree_based|autodp_ofat_feature_selection_wrapper|autodp_ofat_imputation_drop|autodp_ofat_imputation_em|autodp_ofat_imputation_knn|autodp_ofat_imputation_mice|autodp_ofat_imputation_most_frequent|autodp_ofat_imputation_random|autodp_ofat_normalization_decimal_scale|autodp_ofat_normalization_minmax|autodp_ofat_normalization_zscore|autodp_ofat_outlier_removal_iqr|autodp_ofat_outlier_removal_lof|autodp_ofat_outlier_removal_zscore,True,0,0.946,5.551115123125783e-16,0.0
D_1541,1541,36,0.944,0.944,0.0,autodp_00_baseline|autodp_combo_02_knn_binary|autodp_combo_04_em_frequency|autodp_combo_07_mf_frequency|autodp_combo_09_mice_ordinal|autodp_combo_12_drop_catboost|autodp_ofat_duplicate_removal_approximate|autodp_ofat_duplicate_removal_exact|autodp_ofat_encoding_binary|autodp_ofat_encoding_catboost|autodp_ofat_encoding_frequency|autodp_ofat_encoding_ordinal|autodp_ofat_feature_selection_collinear|autodp_ofat_feature_selection_missing_ratio|autodp_ofat_feature_selection_tree_based|autodp_ofat_feature_selection_wrapper|autodp_ofat_imputation_drop|autodp_ofat_imputation_em|autodp_ofat_imputation_knn|autodp_ofat_imputation_mice|autodp_ofat_imputation_most_frequent|autodp_ofat_imputation_random|autodp_ofat_normalization_decimal_scale|autodp_ofat_normalization_minmax|autodp_ofat_outlier_removal_iqr|autodp_ofat_outlier_removal_lof|autodp_ofat_outlier_removal_zscore,True,0,0.9436111111111111,0.0007915448249319456,0.0030000000000000027
D_1542,1542,36,0.9156118143459916,0.9240506329113924,0.008438818565400852,autodp_combo_03_mice_catboost,False,1,0.9157290201593999,0.0015681069104851884,0.012658227848101222
D_1543,1543,36,0.9120370370370372,0.9120370370370372,0.0,autodp_00_baseline|autodp_combo_04_em_frequency|autodp_combo_07_mf_frequency|autodp_combo_10_em_binary|autodp_combo_13_mf_binary|autodp_ofat_duplicate_removal_approximate|autodp_ofat_duplicate_removal_exact|autodp_ofat_encoding_binary|autodp_ofat_encoding_catboost|autodp_ofat_encoding_frequency|autodp_ofat_encoding_ordinal|autodp_ofat_feature_selection_collinear|autodp_ofat_feature_selection_missing_ratio|autodp_ofat_feature_selection_tree_based|autodp_ofat_feature_selection_wrapper|autodp_ofat_imputation_drop|autodp_ofat_imputation_em|autodp_ofat_imputation_knn|autodp_ofat_imputation_mice|autodp_ofat_imputation_most_frequent|autodp_ofat_imputation_random|autodp_ofat_normalization_decimal_scale|autodp_ofat_outlier_removal_iqr|autodp_ofat_outlier_removal_lof|autodp_ofat_outlier_removal_zscore,True,0,0.9086934156378602,0.005733924076545326,0.018518518518518712
D_1544,1544,36,0.9140625,0.9140625,0.0,autodp_00_baseline|autodp_combo_04_em_frequency|autodp_combo_07_mf_frequency|autodp_combo_10_em_binary|autodp_combo_12_drop_catboost|autodp_combo_13_mf_binary|autodp_ofat_duplicate_removal_approximate|autodp_ofat_duplicate_removal_exact|autodp_ofat_encoding_binary|autodp_ofat_encoding_catboost|autodp_ofat_encoding_frequency|autodp_ofat_encoding_ordinal|autodp_ofat_feature_selection_collinear|autodp_ofat_feature_selection_missing_ratio|autodp_ofat_feature_selection_tree_based|autodp_ofat_feature_selection_wrapper|autodp_ofat_imputation_drop|autodp_ofat_imputation_em|autodp_ofat_imputation_knn|autodp_ofat_imputation_mice|autodp_ofat_imputation_most_frequent|autodp_ofat_imputation_random|autodp_ofat_normalization_decimal_scale|autodp_ofat_outlier_removal_iqr|autodp_ofat_outlier_removal_lof|autodp_ofat_outlier_removal_zscore,True,0,0.9126519097222222,0.002462414435310377,0.0078125
D_1545,1545,36,0.9123505976095616,0.9123505976095616,0.0,autodp_00_baseline|autodp_combo_04_em_frequency|autodp_combo_07_mf_frequency|autodp_combo_10_em_binary|autodp_combo_13_mf_binary|autodp_ofat_duplicate_removal_approximate|autodp_ofat_duplicate_removal_exact|autodp_ofat_encoding_binary|autodp_ofat_encoding_catboost|autodp_ofat_encoding_frequency|autodp_ofat_encoding_ordinal|autodp_ofat_feature_selection_collinear|autodp_ofat_feature_selection_missing_ratio|autodp_ofat_feature_selection_tree_based|autodp_ofat_feature_selection_wrapper|autodp_ofat_imputation_drop|autodp_ofat_imputation_em|autodp_ofat_imputation_knn|autodp_ofat_imputation_mice|autodp_ofat_imputation_most_frequent|autodp_ofat_imputation_random|autodp_ofat_normalization_decimal_scale|autodp_ofat_outlier_removal_iqr|autodp_ofat_outlier_removal_lof|autodp_ofat_outlier_removal_zscore,True,0,0.9077025232403716,0.007657744086766738,0.019920318725099473
D_1546,1546,36,0.905829596412556,0.905829596412556,0.0,autodp_00_baseline|autodp_combo_02_knn_binary|autodp_combo_04_em_frequency|autodp_combo_07_mf_frequency|autodp_combo_09_mice_ordinal|autodp_combo_10_em_binary|autodp_combo_12_drop_catboost|autodp_combo_13_mf_binary|autodp_ofat_duplicate_removal_approximate|autodp_ofat_duplicate_removal_exact|autodp_ofat_encoding_binary|autodp_ofat_encoding_catboost|autodp_ofat_encoding_frequency|autodp_ofat_encoding_ordinal|autodp_ofat_feature_selection_collinear|autodp_ofat_feature_selection_missing_ratio|autodp_ofat_feature_selection_tree_based|autodp_ofat_feature_selection_wrapper|autodp_ofat_imputation_drop|autodp_ofat_imputation_em|autodp_ofat_imputation_knn|autodp_ofat_imputation_mice|autodp_ofat_imputation_most_frequent|autodp_ofat_imputation_random|autodp_ofat_normalization_decimal_scale|autodp_ofat_normalization_minmax|autodp_ofat_outlier_removal_iqr|autodp_ofat_outlier_removal_lof|autodp_ofat_outlier_removal_zscore,True,0,0.9029646238166418,0.007257925825589031,0.03139013452914796
D_1547,1547,36,0.745,0.75,0.0050000000000000044,autodp_combo_11_random_frequency,False,1,0.7420833333333332,0.005187458165828643,0.025000000000000022
D_1548,1548,36,0.488,0.584,0.09599999999999997,autodp_combo_08_knn_catboost,False,22,0.5144444444444445,0.03297174248457512,0.10999999999999999
D_1549,1549,36,0.2533333333333333,0.2533333333333333,0.0,autodp_00_baseline|autodp_ofat_duplicate_removal_approximate|autodp_ofat_duplicate_removal_exact|autodp_ofat_feature_selection_collinear|autodp_ofat_feature_selection_missing_ratio|autodp_ofat_imputation_drop|autodp_ofat_imputation_em|autodp_ofat_imputation_knn|autodp_ofat_imputation_mice|autodp_ofat_imputation_most_frequent|autodp_ofat_imputation_random|autodp_ofat_outlier_removal_lof,True,0,0.21351851851851852,0.03762997593891387,0.11333333333333329
D_1551,1551,36,0.275,0.3375,0.0625,autodp_ofat_normalization_decimal_scale,False,5,0.2524305555555556,0.038955486130856566,0.18750000000000003
D_1552,1552,36,0.2818181818181818,0.35,0.06818181818181818,autodp_combo_04_em_frequency,False,19,0.2998737373737373,0.024815344472598904,0.09999999999999998
D_1553,1553,36,0.4,0.4428571428571428,0.04285714285714276,autodp_combo_11_random_frequency,False,7,0.3932539682539683,0.02386567452976968,0.12142857142857139
D_1554,1554,36,0.37,0.41,0.03999999999999998,autodp_ofat_normalization_decimal_scale,False,8,0.36611111111111116,0.01961827064778842,0.09999999999999998
D_1555,1555,36,0.245,0.245,0.0,autodp_00_baseline|autodp_ofat_duplicate_removal_approximate|autodp_ofat_duplicate_removal_exact|autodp_ofat_feature_selection_collinear|autodp_ofat_feature_selection_missing_ratio|autodp_ofat_imputation_drop|autodp_ofat_imputation_em|autodp_ofat_imputation_knn|autodp_ofat_imputation_mice|autodp_ofat_imputation_most_frequent|autodp_ofat_imputation_random|autodp_ofat_outlier_removal_lof,True,0,0.20944444444444446,0.04099081499043714,0.13
D_1556,1556,36,1.0,1.0,0.0,autodp_00_baseline|autodp_combo_01_basic|autodp_combo_02_knn_binary|autodp_combo_03_mice_catboost|autodp_combo_04_em_frequency|autodp_combo_05_random_ordinal|autodp_combo_06_drop_binary|autodp_combo_07_mf_frequency|autodp_combo_09_mice_ordinal|autodp_combo_11_random_frequency|autodp_ofat_duplicate_removal_approximate|autodp_ofat_duplicate_removal_exact|autodp_ofat_encoding_binary|autodp_ofat_encoding_catboost|autodp_ofat_encoding_ordinal|autodp_ofat_feature_selection_collinear|autodp_ofat_feature_selection_missing_ratio|autodp_ofat_feature_selection_tree_based|autodp_ofat_feature_selection_wrapper|autodp_ofat_imputation_drop|autodp_ofat_imputation_em|autodp_ofat_imputation_knn|autodp_ofat_imputation_mice|autodp_ofat_imputation_most_frequent|autodp_ofat_imputation_random|autodp_ofat_normalization_decimal_scale|autodp_ofat_normalization_minmax|autodp_ofat_normalization_zscore|autodp_ofat_outlier_removal_iqr|autodp_ofat_outlier_removal_lof|autodp_ofat_outlier_removal_zscore,True,0,0.9837962962962963,0.04839015037121962,0.25
D_1557,1557,36,0.638755980861244,0.6578947368421053,0.019138755980861344,autodp_ofat_normalization_zscore,False,6,0.6263290802764485,0.022746986640395164,0.08732057416267947
D_1558,1558,36,0.8861878453038674,0.8950276243093923,0.008839779005524906,autodp_ofat_encoding_binary,False,13,0.8840699815837937,0.00717700610871083,0.030939226519337115
D_1559,1559,36,0.5,0.5909090909090909,0.09090909090909094,autodp_combo_08_knn_catboost,False,4,0.4936868686868686,0.032412872861094545,0.18181818181818182
D_1560,1560,36,0.9483568075117372,0.9859154929577464,0.037558685446009155,autodp_ofat_normalization_zscore,False,11,0.9262519561815338,0.06512498220763517,0.20657276995305152
D_1562,1562,36,0.6153846153846154,0.8461538461538461,0.23076923076923073,autodp_combo_11_random_frequency,False,10,0.6452991452991454,0.06850948522171536,0.38461538461538464
D_1563,1563,36,0.8461538461538461,0.8461538461538461,0.0,autodp_00_baseline|autodp_combo_01_basic|autodp_combo_02_knn_binary|autodp_combo_05_random_ordinal|autodp_combo_06_drop_binary|autodp_combo_09_mice_ordinal|autodp_combo_11_random_frequency|autodp_ofat_duplicate_removal_approximate|autodp_ofat_duplicate_removal_exact|autodp_ofat_encoding_binary|autodp_ofat_encoding_ordinal|autodp_ofat_feature_selection_collinear|autodp_ofat_feature_selection_missing_ratio|autodp_ofat_feature_selection_tree_based|autodp_ofat_feature_selection_wrapper|autodp_ofat_imputation_drop|autodp_ofat_imputation_em|autodp_ofat_imputation_knn|autodp_ofat_imputation_mice|autodp_ofat_imputation_most_frequent|autodp_ofat_imputation_random|autodp_ofat_normalization_decimal_scale|autodp_ofat_normalization_minmax|autodp_ofat_normalization_zscore|autodp_ofat_outlier_removal_iqr|autodp_ofat_outlier_removal_lof|autodp_ofat_outlier_removal_zscore,True,0,0.7927350427350429,0.10698707493264997,0.3076923076923077
D_1564,1564,36,0.8461538461538461,0.8461538461538461,0.0,autodp_00_baseline|autodp_combo_01_basic|autodp_combo_02_knn_binary|autodp_combo_04_em_frequency|autodp_combo_05_random_ordinal|autodp_combo_06_drop_binary|autodp_combo_08_knn_catboost|autodp_combo_09_mice_ordinal|autodp_combo_11_random_frequency|autodp_ofat_duplicate_removal_approximate|autodp_ofat_duplicate_removal_exact|autodp_ofat_encoding_binary|autodp_ofat_encoding_ordinal|autodp_ofat_feature_selection_collinear|autodp_ofat_feature_selection_missing_ratio|autodp_ofat_feature_selection_tree_based|autodp_ofat_feature_selection_wrapper|autodp_ofat_imputation_drop|autodp_ofat_imputation_em|autodp_ofat_imputation_knn|autodp_ofat_imputation_mice|autodp_ofat_imputation_most_frequent|autodp_ofat_imputation_random|autodp_ofat_normalization_decimal_scale|autodp_ofat_normalization_minmax|autodp_ofat_normalization_zscore|autodp_ofat_outlier_removal_iqr|autodp_ofat_outlier_removal_lof|autodp_ofat_outlier_removal_zscore,True,0,0.80982905982906,0.08786703074765849,0.3076923076923077
D_1565,1565,36,0.6440677966101694,0.7288135593220338,0.0847457627118644,autodp_combo_09_mice_ordinal|autodp_ofat_normalization_minmax,False,14,0.6629001883239172,0.02673271104817024,0.0847457627118644
D_1566,1566,36,1.0,1.0,0.0,autodp_00_baseline|autodp_ofat_duplicate_removal_approximate|autodp_ofat_duplicate_removal_exact|autodp_ofat_encoding_binary|autodp_ofat_encoding_catboost|autodp_ofat_encoding_frequency|autodp_ofat_encoding_ordinal|autodp_ofat_feature_selection_missing_ratio|autodp_ofat_feature_selection_wrapper|autodp_ofat_imputation_drop|autodp_ofat_imputation_em|autodp_ofat_imputation_knn|autodp_ofat_imputation_mice|autodp_ofat_imputation_most_frequent|autodp_ofat_imputation_random|autodp_ofat_outlier_removal_iqr|autodp_ofat_outlier_removal_lof|autodp_ofat_outlier_removal_zscore,True,0,0.782350251486054,0.23256951586255895,0.5102880658436214
D_1567,1567,36,0.524,0.524,0.0,autodp_00_baseline|autodp_combo_01_basic|autodp_combo_05_random_ordinal|autodp_ofat_duplicate_removal_approximate|autodp_ofat_duplicate_removal_exact|autodp_ofat_encoding_binary|autodp_ofat_encoding_catboost|autodp_ofat_encoding_frequency|autodp_ofat_encoding_ordinal|autodp_ofat_feature_selection_collinear|autodp_ofat_feature_selection_missing_ratio|autodp_ofat_imputation_drop|autodp_ofat_imputation_em|autodp_ofat_imputation_knn|autodp_ofat_imputation_mice|autodp_ofat_imputation_most_frequent|autodp_ofat_imputation_random|autodp_ofat_normalization_zscore|autodp_ofat_outlier_removal_iqr|autodp_ofat_outlier_removal_lof|autodp_ofat_outlier_removal_zscore,True,0,0.5195,0.006075908711186066,0.014000000000000012
D_1568,1568,36,0.933,0.933,0.0,autodp_00_baseline|autodp_ofat_duplicate_removal_approximate|autodp_ofat_duplicate_removal_exact|autodp_ofat_feature_selection_collinear|autodp_ofat_feature_selection_missing_ratio|autodp_ofat_feature_selection_tree_based|autodp_ofat_feature_selection_wrapper|autodp_ofat_imputation_drop|autodp_ofat_imputation_em|autodp_ofat_imputation_knn|autodp_ofat_imputation_mice|autodp_ofat_imputation_most_frequent|autodp_ofat_imputation_random|autodp_ofat_normalization_decimal_scale|autodp_ofat_normalization_minmax|autodp_ofat_normalization_zscore|autodp_ofat_outlier_removal_iqr|autodp_ofat_outlier_removal_lof|autodp_ofat_outlier_removal_zscore,True,0,0.8478055555555555,0.17713237665098017,0.5860000000000001
D_1569,1569,36,0.491,0.498,0.007000000000000006,autodp_combo_03_mice_catboost|autodp_combo_06_drop_binary|autodp_combo_10_em_binary|autodp_combo_11_random_frequency,False,13,0.49261111111111106,0.002563393776679853,0.007000000000000006
D_1590,1590,36,0.86,0.86,0.0,autodp_00_baseline|autodp_ofat_duplicate_removal_exact|autodp_ofat_feature_selection_collinear|autodp_ofat_feature_selection_missing_ratio|autodp_ofat_imputation_em|autodp_ofat_imputation_knn|autodp_ofat_imputation_mice|autodp_ofat_imputation_most_frequent,True,0,0.8449722222222222,0.01604591694535665,0.05599999999999994
D_1596,1596,36,0.686,0.732,0.04599999999999993,autodp_ofat_normalization_zscore,False,17,0.6841111111111111,0.03513764819944063,0.18299999999999994
D_1597,1597,26,1.0,1.0,0.0,autodp_00_baseline|autodp_ofat_encoding_binary|autodp_ofat_encoding_catboost|autodp_ofat_encoding_frequency|autodp_ofat_encoding_ordinal|autodp_ofat_feature_selection_collinear|autodp_ofat_feature_selection_missing_ratio|autodp_ofat_imputation_drop|autodp_ofat_imputation_em|autodp_ofat_imputation_knn|autodp_ofat_imputation_mice|autodp_ofat_imputation_most_frequent|autodp_ofat_imputation_random|autodp_ofat_normalization_zscore,True,0,0.9992692307692307,0.0010582166532459704,0.0040000000000000036
D_4134,4134,36,0.7470039946737683,0.758988015978695,0.011984021304926706,autodp_combo_07_mf_frequency|autodp_combo_10_em_binary|autodp_combo_13_mf_binary|autodp_ofat_normalization_decimal_scale,False,6,0.7359816540908417,0.035066621521692626,0.2090545938748335
D_4135,4135,36,0.943,0.945,0.0020000000000000018,autodp_combo_12_drop_catboost,False,1,0.9425833333333333,0.0006821127309893715,0.0040000000000000036
D_4153,4153,36,0.9722222222222222,1.0,0.02777777777777779,autodp_combo_02_knn_binary|autodp_combo_03_mice_catboost|autodp_combo_05_random_ordinal|autodp_combo_06_drop_binary|autodp_combo_08_knn_catboost|autodp_combo_12_drop_catboost|autodp_ofat_feature_selection_collinear|autodp_ofat_feature_selection_tree_based|autodp_ofat_normalization_minmax|autodp_ofat_normalization_zscore,False,10,0.9166666666666666,0.1493010694129361,0.5
D_4154,4154,31,1.0,1.0,0.0,autodp_00_baseline|autodp_combo_02_knn_binary|autodp_combo_05_random_ordinal|autodp_combo_08_knn_catboost|autodp_combo_09_mice_ordinal|autodp_combo_12_drop_catboost|autodp_ofat_duplicate_removal_approximate|autodp_ofat_duplicate_removal_exact|autodp_ofat_encoding_binary|autodp_ofat_encoding_catboost|autodp_ofat_encoding_frequency|autodp_ofat_encoding_ordinal|autodp_ofat_feature_selection_collinear|autodp_ofat_feature_selection_missing_ratio|autodp_ofat_feature_selection_tree_based|autodp_ofat_feature_selection_wrapper|autodp_ofat_imputation_drop|autodp_ofat_imputation_em|autodp_ofat_imputation_knn|autodp_ofat_imputation_mice|autodp_ofat_imputation_most_frequent|autodp_ofat_imputation_random|autodp_ofat_normalization_minmax|autodp_ofat_normalization_zscore|autodp_ofat_outlier_removal_lof,True,0,0.9998064516129032,0.00039507899077148074,0.0010000000000000009
D_4329,4329,36,0.851063829787234,0.851063829787234,0.0,autodp_00_baseline|autodp_combo_01_basic|autodp_combo_02_knn_binary|autodp_combo_03_mice_catboost|autodp_combo_04_em_frequency|autodp_combo_06_drop_binary|autodp_combo_07_mf_frequency|autodp_combo_08_knn_catboost|autodp_combo_09_mice_ordinal|autodp_combo_10_em_binary|autodp_combo_11_random_frequency|autodp_combo_12_drop_catboost|autodp_combo_13_mf_binary|autodp_ofat_duplicate_removal_approximate|autodp_ofat_duplicate_removal_exact|autodp_ofat_encoding_binary|autodp_ofat_encoding_catboost|autodp_ofat_encoding_frequency|autodp_ofat_encoding_ordinal|autodp_ofat_feature_selection_collinear|autodp_ofat_feature_selection_missing_ratio|autodp_ofat_feature_selection_tree_based|autodp_ofat_feature_selection_wrapper|autodp_ofat_imputation_drop|autodp_ofat_imputation_em|autodp_ofat_imputation_knn|autodp_ofat_imputation_mice|autodp_ofat_imputation_most_frequent|autodp_ofat_imputation_random|autodp_ofat_normalization_decimal_scale|autodp_ofat_normalization_minmax|autodp_ofat_normalization_zscore|autodp_ofat_outlier_removal_iqr|autodp_ofat_outlier_removal_zscore,True,0,0.8504728132387706,0.002436823655802391,0.010638297872340385
D_4340,4340,36,0.8961038961038961,0.8961038961038961,0.0,autodp_00_baseline|autodp_ofat_duplicate_removal_approximate|autodp_ofat_duplicate_removal_exact|autodp_ofat_encoding_binary|autodp_ofat_encoding_catboost|autodp_ofat_encoding_frequency|autodp_ofat_encoding_ordinal|autodp_ofat_feature_selection_collinear|autodp_ofat_feature_selection_missing_ratio|autodp_ofat_feature_selection_tree_based|autodp_ofat_imputation_drop|autodp_ofat_imputation_em|autodp_ofat_imputation_knn|autodp_ofat_imputation_mice|autodp_ofat_imputation_most_frequent|autodp_ofat_imputation_random|autodp_ofat_outlier_removal_iqr|autodp_ofat_outlier_removal_lof|autodp_ofat_outlier_removal_zscore,True,0,0.8546176046176046,0.07676018337284707,0.22077922077922074
D_4534,4534,36,0.933,0.935,0.0020000000000000018,autodp_ofat_encoding_binary,False,1,0.9240555555555555,0.012290340480873697,0.03500000000000003
D_4538,4538,36,0.464,0.492,0.02799999999999997,autodp_combo_06_drop_binary,False,13,0.4494444444444444,0.04767974438575943,0.20900000000000002
D_4552,4552,35,0.773,0.774,0.0010000000000000009,autodp_ofat_normalization_zscore|autodp_ofat_outlier_removal_lof,False,2,0.7192285714285714,0.07840374834854542,0.313
D_6332,6332,36,0.6666666666666666,0.7222222222222222,0.05555555555555558,autodp_ofat_normalization_zscore,False,12,0.6512345679012345,0.04158084439909716,0.19444444444444442
D_23380,23380,33,0.9910714285714286,1.0,0.008928571428571397,autodp_ofat_normalization_decimal_scale,False,13,0.7422077922077922,0.2961415114332178,0.7
D_23381,23381,36,0.56,0.61,0.04999999999999993,autodp_combo_12_drop_catboost,False,10,0.5558333333333335,0.02628635049264583,0.10999999999999999
D_23499,23499,36,0.7142857142857143,0.7678571428571429,0.0535714285714286,autodp_combo_11_random_frequency,False,6,0.7172619047619049,0.01297291352244248,0.07142857142857151
D_23512,23512,36,0.622,0.637,0.015000000000000013,autodp_ofat_outlier_removal_zscore,False,7,0.6104722222222221,0.02408490319117756,0.10399999999999998
D_23517,23517,36,0.503,0.506,0.0030000000000000027,autodp_combo_09_mice_ordinal|autodp_ofat_normalization_minmax,False,5,0.501638888888889,0.0032587725857187574,0.014000000000000012
D_40474,40474,36,0.7142857142857143,0.7214285714285714,0.0071428571428571175,autodp_combo_08_knn_catboost,False,9,0.7054067460317459,0.016541227092331478,0.06785714285714284
D_40475,40475,36,0.7142857142857143,0.7214285714285714,0.0071428571428571175,autodp_combo_08_knn_catboost,False,9,0.7054067460317459,0.016541227092331478,0.06785714285714284
D_40476,40476,36,0.7142857142857143,0.7214285714285714,0.0071428571428571175,autodp_combo_08_knn_catboost,False,9,0.7054067460317459,0.016541227092331478,0.06785714285714284
D_40477,40477,36,0.7142857142857143,0.7214285714285714,0.0071428571428571175,autodp_combo_08_knn_catboost,False,9,0.7054067460317459,0.016541227092331478,0.06785714285714284
D_40478,40478,36,0.7142857142857143,0.7214285714285714,0.0071428571428571175,autodp_combo_08_knn_catboost,False,9,0.7054067460317459,0.016541227092331478,0.06785714285714284
D_40496,40496,36,0.73,0.75,0.020000000000000018,autodp_combo_02_knn_binary|autodp_combo_09_mice_ordinal|autodp_ofat_duplicate_removal_approximate|autodp_ofat_duplicate_removal_exact,False,5,0.6188888888888888,0.20320730763568323,0.65
D_40497,40497,31,0.9258278145695364,0.9721854304635762,0.04635761589403975,autodp_combo_03_mice_catboost,False,7,0.931809442426832,0.012994298247567856,0.04768211920529819
D_40498,40498,36,0.5551020408163265,0.563265306122449,0.008163265306122436,autodp_ofat_normalization_zscore,False,3,0.5380385487528344,0.028463526318062142,0.10306122448979588
D_40499,40499,36,0.971,0.991,0.020000000000000018,autodp_combo_08_knn_catboost|autodp_ofat_normalization_zscore,False,7,0.9498055555555555,0.05353234714971897,0.246
D_40514,40514,36,0.777,0.784,0.007000000000000006,autodp_combo_12_drop_catboost,False,9,0.7667499999999999,0.018259510459544714,0.06700000000000006
D_40515,40515,36,0.676,0.676,0.0,autodp_00_baseline|autodp_ofat_feature_selection_collinear|autodp_ofat_feature_selection_missing_ratio|autodp_ofat_feature_selection_tree_based|autodp_ofat_feature_selection_wrapper|autodp_ofat_imputation_drop|autodp_ofat_imputation_em|autodp_ofat_imputation_knn|autodp_ofat_imputation_mice|autodp_ofat_imputation_most_frequent|autodp_ofat_imputation_random|autodp_ofat_normalization_decimal_scale|autodp_ofat_normalization_minmax|autodp_ofat_normalization_zscore|autodp_ofat_outlier_removal_iqr|autodp_ofat_outlier_removal_lof|autodp_ofat_outlier_removal_zscore,True,0,0.645888888888889,0.05772000316555865,0.21400000000000002
D_40516,40516,36,0.906,0.906,0.0,autodp_00_baseline|autodp_ofat_duplicate_removal_approximate|autodp_ofat_duplicate_removal_exact|autodp_ofat_feature_selection_collinear|autodp_ofat_feature_selection_missing_ratio|autodp_ofat_feature_selection_tree_based|autodp_ofat_feature_selection_wrapper|autodp_ofat_imputation_drop|autodp_ofat_imputation_em|autodp_ofat_imputation_knn|autodp_ofat_imputation_mice|autodp_ofat_imputation_most_frequent|autodp_ofat_imputation_random|autodp_ofat_normalization_decimal_scale|autodp_ofat_normalization_minmax|autodp_ofat_normalization_zscore|autodp_ofat_outlier_removal_iqr|autodp_ofat_outlier_removal_lof|autodp_ofat_outlier_removal_zscore,True,0,0.8648888888888888,0.055455576704731155,0.16700000000000004
D_40517,40517,36,0.912,0.948,0.03599999999999992,autodp_combo_03_mice_catboost|autodp_combo_04_em_frequency|autodp_combo_06_drop_binary|autodp_combo_08_knn_catboost|autodp_combo_10_em_binary|autodp_combo_11_random_frequency|autodp_combo_12_drop_catboost|autodp_combo_13_mf_binary|autodp_ofat_encoding_catboost,False,16,0.9220555555555556,0.015604387638745902,0.04499999999999993
D_40518,40518,36,0.926,0.928,0.0020000000000000018,autodp_ofat_duplicate_removal_approximate|autodp_ofat_duplicate_removal_exact,False,2,0.9149722222222224,0.014731836483373001,0.04600000000000004
D_40519,40519,36,0.861,0.861,0.0,autodp_00_baseline|autodp_ofat_feature_selection_collinear|autodp_ofat_feature_selection_missing_ratio|autodp_ofat_feature_selection_tree_based|autodp_ofat_feature_selection_wrapper|autodp_ofat_imputation_drop|autodp_ofat_imputation_em|autodp_ofat_imputation_knn|autodp_ofat_imputation_mice|autodp_ofat_imputation_most_frequent|autodp_ofat_imputation_random|autodp_ofat_normalization_decimal_scale|autodp_ofat_normalization_minmax|autodp_ofat_normalization_zscore|autodp_ofat_outlier_removal_iqr|autodp_ofat_outlier_removal_lof|autodp_ofat_outlier_removal_zscore,True,0,0.7879722222222223,0.09723410641651047,0.349
D_40520,40520,36,0.852,0.938,0.08599999999999997,autodp_ofat_normalization_minmax,False,18,0.863638888888889,0.04090989609819894,0.17499999999999993
D_40536,40536,36,0.84,0.85,0.010000000000000009,autodp_ofat_encoding_frequency,False,9,0.8364999999999998,0.007664854858377953,0.03200000000000003
D_40646,40646,36,0.503125,0.521875,0.018749999999999933,autodp_combo_03_mice_catboost,False,6,0.49939236111111107,0.014010696334810264,0.06562499999999999
D_40647,40647,36,0.45625,0.51875,0.06250000000000006,autodp_combo_03_mice_catboost|autodp_combo_08_knn_catboost,False,19,0.4740451388888889,0.021012503568844685,0.06250000000000006
D_40648,40648,36,0.528125,0.534375,0.006250000000000089,autodp_combo_06_drop_binary|autodp_ofat_encoding_catboost,False,2,0.5210069444444445,0.013493727466543759,0.05625000000000002
D_40650,40650,36,0.4625,0.559375,0.09687499999999993,autodp_combo_08_knn_catboost,False,12,0.4720486111111112,0.028355005158092136,0.11874999999999997
D_40660,40660,36,0.5555555555555556,0.8888888888888888,0.33333333333333326,autodp_ofat_encoding_ordinal,False,14,0.6111111111111113,0.08072035080630877,0.33333333333333326
D_40663,40663,35,0.625,0.625,0.0,autodp_00_baseline|autodp_combo_06_drop_binary|autodp_ofat_encoding_binary|autodp_ofat_encoding_catboost|autodp_ofat_feature_selection_collinear|autodp_ofat_feature_selection_missing_ratio|autodp_ofat_feature_selection_wrapper|autodp_ofat_imputation_drop|autodp_ofat_imputation_em|autodp_ofat_imputation_knn|autodp_ofat_imputation_mice|autodp_ofat_imputation_most_frequent|autodp_ofat_imputation_random|autodp_ofat_normalization_zscore,True,0,0.5392857142857144,0.12068046863599793,0.4125
D_40664,40664,36,0.930635838150289,0.9335260115606936,0.0028901734104045396,autodp_combo_01_basic|autodp_combo_05_random_ordinal,False,2,0.9048651252408477,0.04901651832630788,0.22543352601156064
D_40665,40665,36,0.9895833333333334,1.0,0.01041666666666663,autodp_combo_01_basic|autodp_combo_02_knn_binary|autodp_combo_03_mice_catboost|autodp_combo_04_em_frequency|autodp_combo_05_random_ordinal|autodp_combo_07_mf_frequency|autodp_combo_09_mice_ordinal|autodp_combo_10_em_binary|autodp_combo_11_random_frequency|autodp_combo_12_drop_catboost|autodp_combo_13_mf_binary|autodp_ofat_feature_selection_collinear|autodp_ofat_feature_selection_tree_based|autodp_ofat_normalization_decimal_scale|autodp_ofat_normalization_minmax|autodp_ofat_normalization_zscore,False,16,0.9771412037037037,0.06798906564753758,0.36458333333333337
D_40666,40666,36,1.0,1.0,0.0,autodp_00_baseline|autodp_combo_01_basic|autodp_combo_02_knn_binary|autodp_combo_05_random_ordinal|autodp_combo_09_mice_ordinal|autodp_combo_11_random_frequency|autodp_combo_12_drop_catboost|autodp_ofat_duplicate_removal_approximate|autodp_ofat_duplicate_removal_exact|autodp_ofat_encoding_binary|autodp_ofat_encoding_catboost|autodp_ofat_encoding_frequency|autodp_ofat_encoding_ordinal|autodp_ofat_feature_selection_collinear|autodp_ofat_feature_selection_missing_ratio|autodp_ofat_feature_selection_tree_based|autodp_ofat_imputation_drop|autodp_ofat_imputation_em|autodp_ofat_imputation_knn|autodp_ofat_imputation_mice|autodp_ofat_imputation_most_frequent|autodp_ofat_imputation_random|autodp_ofat_normalization_minmax|autodp_ofat_normalization_zscore|autodp_ofat_outlier_removal_iqr|autodp_ofat_outlier_removal_lof,True,0,0.97875,0.04552250664353964,0.15700000000000003
D_40681,40681,36,0.6538461538461539,0.7307692307692307,0.07692307692307687,autodp_ofat_encoding_frequency,False,1,0.6335470085470086,0.049226521510719115,0.23076923076923073
D_40682,40682,36,0.9767441860465116,0.9767441860465116,0.0,autodp_00_baseline|autodp_ofat_duplicate_removal_approximate|autodp_ofat_duplicate_removal_exact|autodp_ofat_encoding_binary|autodp_ofat_encoding_catboost|autodp_ofat_encoding_frequency|autodp_ofat_encoding_ordinal|autodp_ofat_feature_selection_collinear|autodp_ofat_feature_selection_missing_ratio|autodp_ofat_feature_selection_tree_based|autodp_ofat_feature_selection_wrapper|autodp_ofat_imputation_drop|autodp_ofat_imputation_em|autodp_ofat_imputation_knn|autodp_ofat_imputation_mice|autodp_ofat_imputation_most_frequent|autodp_ofat_imputation_random|autodp_ofat_outlier_removal_zscore,True,0,0.900516795865633,0.09753452377316417,0.2790697674418604
D_40683,40683,36,0.7222222222222222,0.7777777777777778,0.05555555555555558,autodp_combo_08_knn_catboost,False,1,0.7160493827160492,0.025451269293936173,0.16666666666666663
D_40685,40685,36,0.966,0.968,0.0020000000000000018,autodp_ofat_feature_selection_wrapper,False,1,0.943111111111111,0.03171468094832927,0.11399999999999999
D_40686,40686,36,0.7936507936507936,0.8095238095238095,0.015873015873015928,autodp_ofat_duplicate_removal_approximate|autodp_ofat_duplicate_removal_exact,False,2,0.7248677248677249,0.12665300744535263,0.49206349206349215
D_40687,40687,36,0.7523364485981309,0.7523364485981309,0.0,autodp_00_baseline|autodp_combo_02_knn_binary|autodp_ofat_duplicate_removal_approximate|autodp_ofat_duplicate_removal_exact|autodp_ofat_feature_selection_collinear|autodp_ofat_feature_selection_missing_ratio|autodp_ofat_feature_selection_tree_based|autodp_ofat_feature_selection_wrapper|autodp_ofat_imputation_drop|autodp_ofat_imputation_em|autodp_ofat_imputation_knn|autodp_ofat_imputation_mice|autodp_ofat_imputation_most_frequent|autodp_ofat_imputation_random|autodp_ofat_normalization_decimal_scale|autodp_ofat_normalization_minmax|autodp_ofat_normalization_zscore|autodp_ofat_outlier_removal_iqr|autodp_ofat_outlier_removal_lof|autodp_ofat_outlier_removal_zscore,True,0,0.6962616822429906,0.08156403402857351,0.23364485981308414
D_40690,40690,36,0.7378640776699029,0.7961165048543689,0.058252427184465994,autodp_combo_10_em_binary,False,6,0.72680690399137,0.06033463003009408,0.2621359223300971
D_40691,40691,36,0.58125,0.60625,0.02499999999999991,autodp_combo_05_random_ordinal|autodp_combo_11_random_frequency,False,9,0.5671875,0.04109305686994661,0.14999999999999997
D_40693,40693,36,0.841025641025641,0.841025641025641,0.0,autodp_00_baseline|autodp_combo_01_basic|autodp_combo_02_knn_binary|autodp_combo_05_random_ordinal|autodp_combo_09_mice_ordinal|autodp_ofat_duplicate_removal_approximate|autodp_ofat_duplicate_removal_exact|autodp_ofat_encoding_binary|autodp_ofat_encoding_ordinal|autodp_ofat_feature_selection_collinear|autodp_ofat_feature_selection_missing_ratio|autodp_ofat_feature_selection_tree_based|autodp_ofat_feature_selection_wrapper|autodp_ofat_imputation_drop|autodp_ofat_imputation_em|autodp_ofat_imputation_knn|autodp_ofat_imputation_mice|autodp_ofat_imputation_most_frequent|autodp_ofat_imputation_random|autodp_ofat_normalization_decimal_scale|autodp_ofat_normalization_minmax|autodp_ofat_normalization_zscore|autodp_ofat_outlier_removal_iqr|autodp_ofat_outlier_removal_lof|autodp_ofat_outlier_removal_zscore,True,0,0.8065527065527066,0.059099472280230714,0.1692307692307693
D_40700,40700,36,0.7215189873417721,0.7848101265822784,0.06329113924050633,autodp_ofat_normalization_zscore,False,7,0.7141350210970464,0.02607427657027062,0.1392405063291139
D_40701,40701,36,0.861,0.872,0.01100000000000001,autodp_combo_11_random_frequency,False,20,0.8626666666666666,0.0034318767136623366,0.019000000000000017
D_40702,40702,36,0.822429906542056,0.8411214953271028,0.01869158878504673,autodp_combo_08_knn_catboost,False,13,0.8242471443406022,0.004161791158328508,0.02336448598130836
D_40713,40713,36,0.9841059602649008,0.9841059602649008,0.0,autodp_00_baseline|autodp_combo_02_knn_binary|autodp_combo_03_mice_catboost|autodp_combo_04_em_frequency|autodp_combo_05_random_ordinal|autodp_combo_06_drop_binary|autodp_combo_07_mf_frequency|autodp_combo_08_knn_catboost|autodp_combo_09_mice_ordinal|autodp_combo_10_em_binary|autodp_combo_11_random_frequency|autodp_combo_12_drop_catboost|autodp_combo_13_mf_binary|autodp_ofat_duplicate_removal_approximate|autodp_ofat_duplicate_removal_exact|autodp_ofat_encoding_binary|autodp_ofat_encoding_catboost|autodp_ofat_encoding_frequency|autodp_ofat_encoding_ordinal|autodp_ofat_feature_selection_collinear|autodp_ofat_feature_selection_missing_ratio|autodp_ofat_feature_selection_tree_based|autodp_ofat_feature_selection_wrapper|autodp_ofat_imputation_drop|autodp_ofat_imputation_em|autodp_ofat_imputation_knn|autodp_ofat_imputation_mice|autodp_ofat_imputation_most_frequent|autodp_ofat_imputation_random|autodp_ofat_normalization_decimal_scale|autodp_ofat_normalization_minmax|autodp_ofat_normalization_zscore|autodp_ofat_outlier_removal_iqr|autodp_ofat_outlier_removal_lof|autodp_ofat_outlier_removal_zscore,True,0,0.9840691685062546,0.00021766297951068218,0.0013245033112584403
D_40714,40714,36,0.2857142857142857,0.7142857142857143,0.4285714285714286,autodp_combo_08_knn_catboost,False,11,0.3293650793650793,0.09999685054249326,0.5714285714285715
D_40900,40900,36,0.995,0.997,0.0020000000000000018,autodp_combo_01_basic|autodp_ofat_normalization_zscore,False,2,0.9928333333333332,0.003507927529974868,0.01200000000000001
D_40910,40910,36,0.981029810298103,0.983739837398374,0.0027100271002710175,autodp_combo_02_knn_binary|autodp_combo_04_em_frequency|autodp_combo_06_drop_binary|autodp_combo_07_mf_frequency|autodp_combo_09_mice_ordinal|autodp_combo_10_em_binary|autodp_combo_12_drop_catboost|autodp_combo_13_mf_binary|autodp_ofat_normalization_decimal_scale|autodp_ofat_normalization_minmax,False,15,0.9817073170731706,0.0016127887146664209,0.006775067750677599
D_40923,40923,36,0.543,0.618,0.07499999999999996,autodp_combo_07_mf_frequency|autodp_ofat_normalization_decimal_scale,False,9,0.4815555555555555,0.13363371257209936,0.45499999999999996
D_40926,40926,36,0.254,0.373,0.119,autodp_combo_07_mf_frequency|autodp_ofat_normalization_decimal_scale,False,13,0.2666666666666666,0.04617960107618466,0.2
D_40927,40927,36,0.256,0.365,0.10899999999999999,autodp_combo_07_mf_frequency|autodp_ofat_normalization_decimal_scale,False,11,0.2629166666666667,0.04515859398952884,0.193
D_40966,40966,36,0.8842592592592593,0.9814814814814816,0.09722222222222232,autodp_ofat_normalization_zscore,False,8,0.831275720164609,0.1135253220137955,0.41666666666666685
D_40971,40971,36,0.295,0.305,0.010000000000000009,autodp_combo_05_random_ordinal|autodp_ofat_normalization_zscore,False,3,0.2563888888888888,0.051889453958379295,0.16
D_40975,40975,36,0.9017341040462428,0.9017341040462428,0.0,autodp_00_baseline|autodp_ofat_duplicate_removal_approximate|autodp_ofat_duplicate_removal_exact|autodp_ofat_feature_selection_collinear|autodp_ofat_feature_selection_missing_ratio|autodp_ofat_feature_selection_tree_based|autodp_ofat_feature_selection_wrapper|autodp_ofat_imputation_drop|autodp_ofat_imputation_em|autodp_ofat_imputation_knn|autodp_ofat_imputation_mice|autodp_ofat_imputation_most_frequent|autodp_ofat_imputation_random|autodp_ofat_normalization_decimal_scale|autodp_ofat_normalization_minmax|autodp_ofat_normalization_zscore|autodp_ofat_outlier_removal_iqr|autodp_ofat_outlier_removal_lof|autodp_ofat_outlier_removal_zscore,True,0,0.8338953114964677,0.08192645065722824,0.2167630057803468
D_40978,40978,36,0.9771341463414634,0.9786585365853658,0.0015243902439023849,autodp_ofat_duplicate_removal_approximate|autodp_ofat_duplicate_removal_exact|autodp_ofat_normalization_zscore,False,3,0.9676913956639568,0.01476561425168835,0.05640243902439024
D_40979,40979,36,0.9725,0.9725,0.0,autodp_00_baseline|autodp_ofat_duplicate_removal_approximate|autodp_ofat_duplicate_removal_exact|autodp_ofat_encoding_binary|autodp_ofat_encoding_catboost|autodp_ofat_encoding_frequency|autodp_ofat_encoding_ordinal|autodp_ofat_feature_selection_collinear|autodp_ofat_feature_selection_missing_ratio|autodp_ofat_imputation_drop|autodp_ofat_imputation_em|autodp_ofat_imputation_knn|autodp_ofat_imputation_mice|autodp_ofat_imputation_most_frequent|autodp_ofat_imputation_random|autodp_ofat_outlier_removal_iqr|autodp_ofat_outlier_removal_lof,True,0,0.9471527777777778,0.04818999138889454,0.16000000000000003
D_41168,41168,36,0.62,0.642,0.02200000000000002,autodp_combo_03_mice_catboost,False,13,0.6148611111111111,0.021516341048114236,0.09199999999999997
D_41169,41169,36,0.275,0.303,0.02799999999999997,autodp_ofat_normalization_zscore,False,4,0.26155555555555554,0.02543995593598172,0.10699999999999998
D_41496,41496,36,0.5,0.5,0.0,autodp_00_baseline|autodp_combo_01_basic|autodp_combo_02_knn_binary|autodp_combo_03_mice_catboost|autodp_combo_04_em_frequency|autodp_combo_05_random_ordinal|autodp_combo_06_drop_binary|autodp_combo_07_mf_frequency|autodp_combo_08_knn_catboost|autodp_combo_09_mice_ordinal|autodp_combo_10_em_binary|autodp_combo_11_random_frequency|autodp_combo_12_drop_catboost|autodp_combo_13_mf_binary|autodp_ofat_duplicate_removal_approximate|autodp_ofat_duplicate_removal_exact|autodp_ofat_encoding_binary|autodp_ofat_encoding_catboost|autodp_ofat_encoding_frequency|autodp_ofat_encoding_ordinal|autodp_ofat_feature_selection_collinear|autodp_ofat_feature_selection_missing_ratio|autodp_ofat_feature_selection_tree_based|autodp_ofat_feature_selection_wrapper|autodp_ofat_imputation_drop|autodp_ofat_imputation_em|autodp_ofat_imputation_knn|autodp_ofat_imputation_mice|autodp_ofat_imputation_most_frequent|autodp_ofat_imputation_random|autodp_ofat_normalization_decimal_scale|autodp_ofat_normalization_minmax|autodp_ofat_normalization_zscore|autodp_ofat_outlier_removal_iqr|autodp_ofat_outlier_removal_lof|autodp_ofat_outlier_removal_zscore,True,0,0.5,0.0,0.0
D_41526,41526,36,0.767,0.803,0.03600000000000003,autodp_ofat_normalization_zscore,False,16,0.7735277777777777,0.012244014662753743,0.04800000000000004
D_41671,41671,36,0.565,0.573,0.008000000000000007,autodp_combo_08_knn_catboost,False,5,0.5501111111111111,0.02792726443397977,0.09799999999999998
