Id,DatasetName,Target,Pipeline,EvaluationMetric,Time,Size,Website
1,1009,target,"AR_imputation:mean,AR_encoding:onehot,AR_feature_selection:k_best,AR_dimensionality_reduction:pca,AR_scaling:robust,AR_outlier_removal:none,RF",0.8333333333333334,0.0,63*32,acorec-retrained
2,1009,target,"AR_feature_selection:k_best,AR_scaling:maxabs,AR_imputation:constant,AR_dimensionality_reduction:none,AR_outlier_removal:none,AR_encoding:onehot,RF",0.7222222222222222,0.0,63*32,acorec-retrained
3,1009,target,"AR_imputation:median,AR_encoding:onehot,AR_dimensionality_reduction:pca,AR_feature_selection:mutual_info,AR_outlier_removal:none,AR_scaling:standard,RF",0.8055555555555555,0.0,63*32,acorec-retrained
4,1009,target,"AR_imputation:constant,AR_dimensionality_reduction:pca,AR_encoding:onehot,AR_feature_selection:variance_threshold,AR_scaling:maxabs,AR_outlier_removal:zscore,RF",0.7222222222222222,0.0,63*32,acorec-retrained
5,1009,target,"AR_outlier_removal:none,AR_encoding:onehot,AR_feature_selection:variance_threshold,AR_scaling:maxabs,AR_imputation:none,AR_dimensionality_reduction:pca,RF",0.8055555555555557,0.0,63*32,acorec-retrained
6,1009,target,"AR_feature_selection:mutual_info,AR_dimensionality_reduction:svd,AR_imputation:none,AR_scaling:none,AR_encoding:onehot,AR_outlier_removal:lof,RF",0.7777777777777778,0.0,63*32,acorec-retrained
7,1009,target,"AR_outlier_removal:lof,AR_feature_selection:k_best,AR_encoding:onehot,AR_dimensionality_reduction:svd,AR_scaling:robust,AR_imputation:none,RF",0.7777777777777777,0.0,63*32,acorec-retrained
8,1009,target,"AR_imputation:none,AR_scaling:none,AR_dimensionality_reduction:pca,AR_encoding:onehot,AR_outlier_removal:none,AR_feature_selection:k_best,RF",0.8055555555555555,0.0,63*32,acorec-retrained
9,1009,target,"AR_feature_selection:none,AR_outlier_removal:none,AR_scaling:none,AR_imputation:most_frequent,AR_encoding:onehot,AR_dimensionality_reduction:svd,RF",0.8611111111111112,0.0,63*32,acorec-retrained
10,1009,target,"AR_imputation:knn,AR_dimensionality_reduction:pca,AR_feature_selection:mutual_info,AR_scaling:standard,AR_outlier_removal:none,AR_encoding:onehot,RF",0.8055555555555555,0.0,63*32,acorec-retrained
11,1017,target,"AR_scaling:robust,AR_imputation:mean,AR_encoding:onehot,AR_feature_selection:variance_threshold,AR_dimensionality_reduction:svd,AR_outlier_removal:isolation_forest,RF",0.7333333333333334,0.0,452*280,acorec-retrained
12,1017,target,"AR_encoding:onehot,AR_feature_selection:k_best,AR_dimensionality_reduction:none,AR_scaling:minmax,AR_imputation:median,AR_outlier_removal:lof,RF",0.7222222222222223,0.0,452*280,acorec-retrained
13,1017,target,"AR_feature_selection:k_best,AR_imputation:constant,AR_scaling:maxabs,AR_outlier_removal:iqr,AR_dimensionality_reduction:svd,AR_encoding:onehot,RF",0.5888888888888889,0.0,452*280,acorec-retrained
14,1017,target,"AR_feature_selection:variance_threshold,AR_encoding:onehot,AR_scaling:minmax,AR_outlier_removal:none,AR_dimensionality_reduction:svd,AR_imputation:mean,RF",0.7185185185185184,0.0,452*280,acorec-retrained
15,1017,target,"AR_outlier_removal:none,AR_imputation:constant,AR_feature_selection:k_best,AR_dimensionality_reduction:svd,AR_scaling:standard,AR_encoding:onehot,RF",0.7703703703703705,0.0,452*280,acorec-retrained
16,1017,target,"AR_dimensionality_reduction:none,AR_encoding:onehot,AR_scaling:standard,AR_imputation:knn,AR_feature_selection:k_best,AR_outlier_removal:isolation_forest,RF",0.762962962962963,0.0,452*280,acorec-retrained
17,1017,target,"AR_dimensionality_reduction:pca,AR_encoding:onehot,AR_feature_selection:mutual_info,AR_scaling:none,AR_imputation:knn,AR_outlier_removal:none,RF",0.637037037037037,0.0,452*280,acorec-retrained
18,1017,target,"AR_feature_selection:none,AR_encoding:onehot,AR_dimensionality_reduction:svd,AR_outlier_removal:none,AR_imputation:knn,AR_scaling:none,RF",0.7148148148148148,0.0,452*280,acorec-retrained
19,1017,target,"AR_imputation:constant,AR_feature_selection:mutual_info,AR_outlier_removal:isolation_forest,AR_dimensionality_reduction:pca,AR_encoding:onehot,AR_scaling:minmax,RF",0.6888888888888888,0.0,452*280,acorec-retrained
20,1017,target,"AR_outlier_removal:none,AR_imputation:median,AR_dimensionality_reduction:pca,AR_feature_selection:variance_threshold,AR_scaling:none,AR_encoding:onehot,RF",0.7111111111111111,0.0,452*280,acorec-retrained
21,1021,target,"AR_outlier_removal:isolation_forest,AR_imputation:constant,AR_scaling:standard,AR_encoding:onehot,AR_dimensionality_reduction:pca,AR_feature_selection:variance_threshold,RF",0.9566666666666667,0.0,5000*11,acorec-retrained
22,1021,target,"AR_outlier_removal:zscore,AR_feature_selection:mutual_info,AR_imputation:none,AR_encoding:onehot,AR_scaling:standard,AR_dimensionality_reduction:pca,RF",0.9500000000000001,0.0,5000*11,acorec-retrained
23,1021,target,"AR_scaling:minmax,AR_feature_selection:mutual_info,AR_dimensionality_reduction:svd,AR_outlier_removal:none,AR_encoding:onehot,AR_imputation:median,RF",0.9366666666666665,0.0,5000*11,acorec-retrained
24,1021,target,"AR_imputation:mean,AR_outlier_removal:zscore,AR_dimensionality_reduction:svd,AR_feature_selection:none,AR_encoding:onehot,AR_scaling:minmax,RF",0.9055555555555556,0.0,5000*11,acorec-retrained
25,1021,target,"AR_outlier_removal:none,AR_scaling:robust,AR_imputation:most_frequent,AR_encoding:onehot,AR_dimensionality_reduction:pca,AR_feature_selection:k_best,RF",0.958888888888889,0.0,5000*11,acorec-retrained
26,1021,target,"AR_imputation:knn,AR_scaling:none,AR_feature_selection:mutual_info,AR_encoding:none,AR_dimensionality_reduction:pca,AR_outlier_removal:iqr,RF",0.9011111111111111,0.0,5000*11,acorec-retrained
27,1021,target,"AR_feature_selection:mutual_info,AR_outlier_removal:lof,AR_encoding:onehot,AR_imputation:most_frequent,AR_dimensionality_reduction:svd,AR_scaling:maxabs,RF",0.9255555555555556,0.0,5000*11,acorec-retrained
28,1021,target,"AR_imputation:constant,AR_encoding:onehot,AR_dimensionality_reduction:svd,AR_feature_selection:k_best,AR_outlier_removal:isolation_forest,AR_scaling:standard,RF",0.9577777777777778,0.0,5000*11,acorec-retrained
29,1021,target,"AR_dimensionality_reduction:svd,AR_scaling:maxabs,AR_encoding:onehot,AR_imputation:constant,AR_feature_selection:k_best,AR_outlier_removal:isolation_forest,RF",0.9311111111111111,0.0,5000*11,acorec-retrained
30,1021,target,"AR_imputation:most_frequent,AR_scaling:maxabs,AR_feature_selection:none,AR_dimensionality_reduction:svd,AR_outlier_removal:iqr,AR_encoding:onehot,RF",0.898888888888889,0.0,5000*11,acorec-retrained
31,1026,target,"AR_scaling:robust,AR_encoding:onehot,AR_imputation:knn,AR_feature_selection:k_best,AR_outlier_removal:isolation_forest,AR_dimensionality_reduction:pca,RF",0.7741935483870966,0.0,155*9,acorec-retrained
32,1026,target,"AR_feature_selection:k_best,AR_encoding:onehot,AR_outlier_removal:none,AR_imputation:none,AR_dimensionality_reduction:none,AR_scaling:maxabs,RF",0.7741935483870966,0.0,155*9,acorec-retrained
33,1026,target,"AR_feature_selection:mutual_info,AR_encoding:onehot,AR_imputation:median,AR_outlier_removal:isolation_forest,AR_dimensionality_reduction:pca,AR_scaling:maxabs,RF",0.7526881720430106,0.0,155*9,acorec-retrained
34,1026,target,"AR_outlier_removal:zscore,AR_imputation:median,AR_feature_selection:k_best,AR_dimensionality_reduction:pca,AR_scaling:none,AR_encoding:onehot,RF",0.7741935483870966,0.0,155*9,acorec-retrained
35,1026,target,"AR_scaling:maxabs,AR_imputation:mean,AR_encoding:onehot,AR_outlier_removal:none,AR_feature_selection:none,AR_dimensionality_reduction:pca,RF",0.7849462365591396,0.0,155*9,acorec-retrained
36,1026,target,"AR_encoding:onehot,AR_dimensionality_reduction:svd,AR_feature_selection:variance_threshold,AR_imputation:none,AR_outlier_removal:iqr,AR_scaling:none,RF",0.7634408602150536,0.0,155*9,acorec-retrained
37,1026,target,"AR_scaling:robust,AR_imputation:median,AR_encoding:onehot,AR_outlier_removal:lof,AR_dimensionality_reduction:pca,AR_feature_selection:none,RF",0.7741935483870966,0.0,155*9,acorec-retrained
38,1026,target,"AR_imputation:constant,AR_dimensionality_reduction:pca,AR_scaling:minmax,AR_feature_selection:mutual_info,AR_encoding:onehot,AR_outlier_removal:none,RF",0.7634408602150536,0.0,155*9,acorec-retrained
39,1026,target,"AR_outlier_removal:isolation_forest,AR_imputation:median,AR_scaling:none,AR_encoding:onehot,AR_dimensionality_reduction:svd,AR_feature_selection:variance_threshold,RF",0.7526881720430106,0.0,155*9,acorec-retrained
40,1026,target,"AR_encoding:onehot,AR_imputation:none,AR_scaling:none,AR_outlier_removal:none,AR_feature_selection:k_best,AR_dimensionality_reduction:pca,RF",0.7741935483870966,0.0,155*9,acorec-retrained
41,1038,target,"AR_scaling:none,AR_encoding:onehot,AR_imputation:none,AR_outlier_removal:zscore,AR_dimensionality_reduction:pca,AR_feature_selection:variance_threshold,RF",0.6355555555555555,0.0,3468*971,acorec-retrained
42,1038,target,"AR_outlier_removal:none,AR_scaling:maxabs,AR_feature_selection:mutual_info,AR_encoding:onehot,AR_imputation:knn,AR_dimensionality_reduction:none,RF",0.7822222222222223,0.0,3468*971,acorec-retrained
43,1038,target,"AR_encoding:none,AR_scaling:standard,AR_outlier_removal:none,AR_feature_selection:none,AR_imputation:constant,AR_dimensionality_reduction:svd,RF",0.7722222222222221,0.0,3468*971,acorec-retrained
44,1038,target,"AR_encoding:onehot,AR_outlier_removal:isolation_forest,AR_scaling:robust,AR_feature_selection:none,AR_imputation:mean,AR_dimensionality_reduction:svd,RF",0.6855555555555556,0.0,3468*971,acorec-retrained
45,1038,target,"AR_dimensionality_reduction:none,AR_outlier_removal:none,AR_scaling:robust,AR_encoding:onehot,AR_feature_selection:variance_threshold,AR_imputation:most_frequent,RF",0.6755555555555555,0.0,3468*971,acorec-retrained
46,1038,target,"AR_encoding:onehot,AR_imputation:knn,AR_feature_selection:none,AR_outlier_removal:isolation_forest,AR_dimensionality_reduction:none,AR_scaling:standard,RF",0.8422222222222223,0.0,3468*971,acorec-retrained
47,1038,target,"AR_outlier_removal:zscore,AR_dimensionality_reduction:pca,AR_scaling:maxabs,AR_encoding:onehot,AR_feature_selection:mutual_info,AR_imputation:none,RF",0.64,0.0,3468*971,acorec-retrained
48,1038,target,"AR_scaling:robust,AR_imputation:mean,AR_encoding:onehot,AR_outlier_removal:isolation_forest,AR_feature_selection:k_best,AR_dimensionality_reduction:none,RF",0.7966666666666667,0.0,3468*971,acorec-retrained
49,1038,target,"AR_dimensionality_reduction:svd,AR_scaling:none,AR_outlier_removal:zscore,AR_imputation:none,AR_feature_selection:none,AR_encoding:onehot,RF",0.6422222222222221,0.0,3468*971,acorec-retrained
50,1038,target,"AR_scaling:none,AR_imputation:none,AR_encoding:none,AR_outlier_removal:none,AR_feature_selection:mutual_info,AR_dimensionality_reduction:pca,RF",0.778888888888889,0.0,3468*971,acorec-retrained
51,1040,target,"AR_encoding:onehot,AR_scaling:robust,AR_outlier_removal:lof,AR_imputation:constant,AR_dimensionality_reduction:svd,AR_feature_selection:variance_threshold,RF",0.9733333333333333,0.0,5000*109,acorec-retrained
52,1040,target,"AR_feature_selection:variance_threshold,AR_imputation:knn,AR_outlier_removal:iqr,AR_encoding:onehot,AR_scaling:minmax,AR_dimensionality_reduction:svd,RF",0.9522222222222222,0.0,5000*109,acorec-retrained
53,1040,target,"AR_outlier_removal:none,AR_scaling:standard,AR_encoding:onehot,AR_imputation:median,AR_feature_selection:none,AR_dimensionality_reduction:none,RF",0.9922222222222222,0.0,5000*109,acorec-retrained
54,1040,target,"AR_outlier_removal:iqr,AR_dimensionality_reduction:pca,AR_scaling:none,AR_imputation:constant,AR_feature_selection:none,AR_encoding:onehot,RF",0.9577777777777777,0.0,5000*109,acorec-retrained
55,1040,target,"AR_outlier_removal:isolation_forest,AR_dimensionality_reduction:svd,AR_encoding:onehot,AR_feature_selection:mutual_info,AR_imputation:constant,AR_scaling:minmax,RF",0.9766666666666666,0.0,5000*109,acorec-retrained
56,1040,target,"AR_dimensionality_reduction:pca,AR_scaling:maxabs,AR_outlier_removal:isolation_forest,AR_encoding:none,AR_feature_selection:none,AR_imputation:constant,RF",0.9700000000000001,0.0,5000*109,acorec-retrained
57,1040,target,"AR_encoding:onehot,AR_imputation:median,AR_outlier_removal:none,AR_feature_selection:mutual_info,AR_scaling:minmax,AR_dimensionality_reduction:pca,RF",0.9755555555555556,0.0,5000*109,acorec-retrained
58,1040,target,"AR_dimensionality_reduction:svd,AR_encoding:onehot,AR_outlier_removal:none,AR_imputation:none,AR_scaling:maxabs,AR_feature_selection:variance_threshold,RF",0.9688888888888889,0.0,5000*109,acorec-retrained
59,1040,target,"AR_dimensionality_reduction:svd,AR_outlier_removal:isolation_forest,AR_feature_selection:variance_threshold,AR_encoding:onehot,AR_scaling:robust,AR_imputation:constant,RF",0.9766666666666667,0.0,5000*109,acorec-retrained
60,1040,target,"AR_dimensionality_reduction:pca,AR_scaling:standard,AR_feature_selection:none,AR_imputation:none,AR_outlier_removal:iqr,AR_encoding:none,RF",0.9844444444444443,0.0,5000*109,acorec-retrained
61,1042,target,"AR_encoding:onehot,AR_scaling:maxabs,AR_feature_selection:mutual_info,AR_dimensionality_reduction:svd,AR_outlier_removal:lof,AR_imputation:median,RF",0.8044444444444445,0.0,3468*785,acorec-retrained
62,1042,target,"AR_scaling:maxabs,AR_outlier_removal:none,AR_encoding:onehot,AR_imputation:knn,AR_dimensionality_reduction:pca,AR_feature_selection:mutual_info,RF",0.791111111111111,0.0,3468*785,acorec-retrained
63,1042,target,"AR_imputation:mean,AR_outlier_removal:lof,AR_encoding:onehot,AR_feature_selection:k_best,AR_dimensionality_reduction:pca,AR_scaling:none,RF",0.7888888888888889,0.0,3468*785,acorec-retrained
64,1042,target,"AR_outlier_removal:none,AR_feature_selection:mutual_info,AR_imputation:mean,AR_dimensionality_reduction:svd,AR_encoding:onehot,AR_scaling:standard,RF",0.7955555555555556,0.0,3468*785,acorec-retrained
65,1042,target,"AR_encoding:onehot,AR_imputation:none,AR_dimensionality_reduction:svd,AR_outlier_removal:lof,AR_feature_selection:mutual_info,AR_scaling:robust,RF",0.7133333333333333,0.0,3468*785,acorec-retrained
66,1042,target,"AR_dimensionality_reduction:pca,AR_feature_selection:variance_threshold,AR_encoding:onehot,AR_imputation:most_frequent,AR_scaling:maxabs,AR_outlier_removal:lof,RF",0.8211111111111111,0.0,3468*785,acorec-retrained
67,1042,target,"AR_encoding:none,AR_dimensionality_reduction:pca,AR_feature_selection:variance_threshold,AR_outlier_removal:none,AR_imputation:median,AR_scaling:none,RF",0.8144444444444444,0.0,3468*785,acorec-retrained
68,1042,target,"AR_feature_selection:k_best,AR_imputation:most_frequent,AR_scaling:none,AR_outlier_removal:none,AR_dimensionality_reduction:none,AR_encoding:onehot,RF",0.7966666666666667,0.0,3468*785,acorec-retrained
69,1042,target,"AR_feature_selection:k_best,AR_encoding:onehot,AR_scaling:minmax,AR_imputation:most_frequent,AR_outlier_removal:none,AR_dimensionality_reduction:pca,RF",0.7999999999999999,0.0,3468*785,acorec-retrained
70,1042,target,"AR_outlier_removal:none,AR_encoding:onehot,AR_imputation:median,AR_dimensionality_reduction:svd,AR_feature_selection:variance_threshold,AR_scaling:standard,RF",0.8155555555555556,0.0,3468*785,acorec-retrained
71,1061,target,"AR_feature_selection:variance_threshold,AR_outlier_removal:iqr,AR_imputation:none,AR_encoding:onehot,AR_dimensionality_reduction:none,AR_scaling:none,RF",0.746031746031746,0.0,107*30,acorec-retrained
72,1061,target,"AR_encoding:onehot,AR_outlier_removal:isolation_forest,AR_dimensionality_reduction:none,AR_imputation:none,AR_feature_selection:k_best,AR_scaling:standard,RF",0.8095238095238094,0.0,107*30,acorec-retrained
73,1061,target,"AR_feature_selection:k_best,AR_encoding:onehot,AR_scaling:standard,AR_dimensionality_reduction:svd,AR_outlier_removal:iqr,AR_imputation:none,RF",0.7936507936507936,0.0,107*30,acorec-retrained
74,1061,target,"AR_scaling:robust,AR_feature_selection:mutual_info,AR_imputation:most_frequent,AR_outlier_removal:lof,AR_encoding:onehot,AR_dimensionality_reduction:none,RF",0.8095238095238094,0.0,107*30,acorec-retrained
75,1061,target,"AR_encoding:onehot,AR_outlier_removal:isolation_forest,AR_feature_selection:k_best,AR_scaling:minmax,AR_imputation:mean,AR_dimensionality_reduction:pca,RF",0.7777777777777777,0.0,107*30,acorec-retrained
76,1061,target,"AR_dimensionality_reduction:pca,AR_scaling:maxabs,AR_encoding:none,AR_imputation:constant,AR_feature_selection:none,AR_outlier_removal:lof,RF",0.8095238095238094,0.0,107*30,acorec-retrained
77,1061,target,"AR_imputation:most_frequent,AR_scaling:standard,AR_outlier_removal:lof,AR_dimensionality_reduction:none,AR_encoding:none,AR_feature_selection:k_best,RF",0.8095238095238094,0.0,107*30,acorec-retrained
78,1061,target,"AR_dimensionality_reduction:pca,AR_imputation:most_frequent,AR_encoding:none,AR_outlier_removal:isolation_forest,AR_feature_selection:k_best,AR_scaling:minmax,RF",0.7777777777777777,0.0,107*30,acorec-retrained
79,1061,target,"AR_imputation:knn,AR_dimensionality_reduction:pca,AR_feature_selection:variance_threshold,AR_encoding:none,AR_outlier_removal:lof,AR_scaling:standard,RF",0.8253968253968255,0.0,107*30,acorec-retrained
80,1061,target,"AR_outlier_removal:isolation_forest,AR_encoding:onehot,AR_scaling:standard,AR_dimensionality_reduction:pca,AR_feature_selection:none,AR_imputation:median,RF",0.8095238095238094,0.0,107*30,acorec-retrained
81,1205,target,"AR_dimensionality_reduction:svd,AR_scaling:minmax,AR_imputation:constant,AR_outlier_removal:none,AR_encoding:onehot,AR_feature_selection:k_best,RF",0.8677777777777779,0.0,5000*15,acorec-retrained
82,1205,target,"AR_encoding:onehot,AR_scaling:none,AR_dimensionality_reduction:none,AR_outlier_removal:zscore,AR_imputation:knn,AR_feature_selection:mutual_info,RF",0.8744444444444444,0.0,5000*15,acorec-retrained
83,1205,target,"AR_encoding:onehot,AR_feature_selection:none,AR_imputation:mean,AR_dimensionality_reduction:pca,AR_scaling:robust,AR_outlier_removal:isolation_forest,RF",0.851111111111111,0.0,5000*15,acorec-retrained
84,1205,target,"AR_imputation:median,AR_scaling:minmax,AR_dimensionality_reduction:pca,AR_encoding:onehot,AR_feature_selection:none,AR_outlier_removal:isolation_forest,RF",0.8688888888888889,0.0,5000*15,acorec-retrained
85,1205,target,"AR_outlier_removal:lof,AR_encoding:onehot,AR_scaling:minmax,AR_feature_selection:variance_threshold,AR_dimensionality_reduction:svd,AR_imputation:knn,RF",0.8688888888888889,0.0,5000*15,acorec-retrained
86,1205,target,"AR_outlier_removal:lof,AR_encoding:none,AR_feature_selection:none,AR_imputation:none,AR_dimensionality_reduction:svd,AR_scaling:minmax,RF",0.8688888888888889,0.0,5000*15,acorec-retrained
87,1205,target,"AR_encoding:onehot,AR_outlier_removal:isolation_forest,AR_feature_selection:k_best,AR_scaling:none,AR_dimensionality_reduction:none,AR_imputation:none,RF",0.8733333333333334,0.0,5000*15,acorec-retrained
88,1205,target,"AR_feature_selection:mutual_info,AR_outlier_removal:none,AR_dimensionality_reduction:pca,AR_imputation:none,AR_scaling:standard,AR_encoding:onehot,RF",0.8211111111111111,0.0,5000*15,acorec-retrained
89,1205,target,"AR_outlier_removal:lof,AR_imputation:most_frequent,AR_scaling:maxabs,AR_encoding:onehot,AR_feature_selection:variance_threshold,AR_dimensionality_reduction:svd,RF",0.87,0.0,5000*15,acorec-retrained
90,1205,target,"AR_feature_selection:none,AR_encoding:onehot,AR_outlier_removal:iqr,AR_imputation:none,AR_dimensionality_reduction:pca,AR_scaling:standard,RF",0.8555555555555556,0.0,5000*15,acorec-retrained
91,1211,target,"AR_dimensionality_reduction:pca,AR_scaling:maxabs,AR_outlier_removal:iqr,AR_imputation:none,AR_feature_selection:variance_threshold,AR_encoding:onehot,RF",0.8177777777777777,0.0,5000*23,acorec-retrained
92,1211,target,"AR_scaling:minmax,AR_feature_selection:variance_threshold,AR_dimensionality_reduction:svd,AR_encoding:onehot,AR_imputation:median,AR_outlier_removal:lof,RF",0.8177777777777777,0.0,5000*23,acorec-retrained
93,1211,target,"AR_scaling:standard,AR_feature_selection:k_best,AR_dimensionality_reduction:svd,AR_encoding:onehot,AR_imputation:most_frequent,AR_outlier_removal:zscore,RF",0.8144444444444444,0.0,5000*23,acorec-retrained
94,1211,target,"AR_outlier_removal:iqr,AR_encoding:onehot,AR_dimensionality_reduction:pca,AR_imputation:none,AR_feature_selection:none,AR_scaling:none,RF",0.8177777777777777,0.0,5000*23,acorec-retrained
95,1211,target,"AR_imputation:knn,AR_scaling:standard,AR_outlier_removal:iqr,AR_encoding:onehot,AR_feature_selection:none,AR_dimensionality_reduction:none,RF",0.8177777777777777,0.0,5000*23,acorec-retrained
96,1211,target,"AR_outlier_removal:isolation_forest,AR_dimensionality_reduction:pca,AR_encoding:onehot,AR_scaling:none,AR_imputation:most_frequent,AR_feature_selection:k_best,RF",0.8144444444444444,0.0,5000*23,acorec-retrained
97,1211,target,"AR_feature_selection:k_best,AR_imputation:most_frequent,AR_scaling:robust,AR_encoding:onehot,AR_dimensionality_reduction:none,AR_outlier_removal:none,RF",0.8144444444444444,0.0,5000*23,acorec-retrained
98,1211,target,"AR_imputation:median,AR_outlier_removal:isolation_forest,AR_feature_selection:variance_threshold,AR_encoding:onehot,AR_dimensionality_reduction:pca,AR_scaling:maxabs,RF",0.8177777777777777,0.0,5000*23,acorec-retrained
99,1211,target,"AR_encoding:onehot,AR_dimensionality_reduction:none,AR_scaling:none,AR_outlier_removal:none,AR_imputation:most_frequent,AR_feature_selection:mutual_info,RF",0.8188888888888889,0.0,5000*23,acorec-retrained
100,1211,target,"AR_dimensionality_reduction:pca,AR_scaling:none,AR_feature_selection:mutual_info,AR_outlier_removal:zscore,AR_encoding:onehot,AR_imputation:none,RF",0.8188888888888889,0.0,5000*23,acorec-retrained
101,1216,target,"AR_feature_selection:variance_threshold,AR_encoding:onehot,AR_outlier_removal:iqr,AR_dimensionality_reduction:none,AR_imputation:median,AR_scaling:standard,RF",0.9577777777777777,0.0,5000*10,acorec-retrained
102,1216,target,"AR_scaling:maxabs,AR_encoding:onehot,AR_feature_selection:k_best,AR_imputation:most_frequent,AR_dimensionality_reduction:svd,AR_outlier_removal:zscore,RF",0.9566666666666667,0.0,5000*10,acorec-retrained
103,1216,target,"AR_feature_selection:k_best,AR_dimensionality_reduction:pca,AR_scaling:none,AR_encoding:onehot,AR_imputation:constant,AR_outlier_removal:iqr,RF",0.9411111111111111,0.0,5000*10,acorec-retrained
104,1216,target,"AR_outlier_removal:none,AR_scaling:standard,AR_encoding:none,AR_dimensionality_reduction:pca,AR_feature_selection:none,AR_imputation:mean,RF",0.9566666666666667,0.0,5000*10,acorec-retrained
105,1216,target,"AR_imputation:mean,AR_feature_selection:k_best,AR_encoding:onehot,AR_dimensionality_reduction:svd,AR_scaling:maxabs,AR_outlier_removal:isolation_forest,RF",0.9566666666666667,0.0,5000*10,acorec-retrained
106,1216,target,"AR_encoding:onehot,AR_dimensionality_reduction:svd,AR_scaling:standard,AR_outlier_removal:zscore,AR_imputation:knn,AR_feature_selection:mutual_info,RF",0.9566666666666667,0.0,5000*10,acorec-retrained
107,1216,target,"AR_imputation:mean,AR_encoding:none,AR_feature_selection:k_best,AR_outlier_removal:none,AR_dimensionality_reduction:none,AR_scaling:standard,RF",0.9566666666666667,0.0,5000*10,acorec-retrained
108,1216,target,"AR_outlier_removal:none,AR_encoding:onehot,AR_feature_selection:variance_threshold,AR_imputation:constant,AR_dimensionality_reduction:none,AR_scaling:none,RF",0.9555555555555556,0.0,5000*10,acorec-retrained
109,1216,target,"AR_feature_selection:variance_threshold,AR_outlier_removal:iqr,AR_imputation:knn,AR_scaling:maxabs,AR_encoding:none,AR_dimensionality_reduction:svd,RF",0.9566666666666667,0.0,5000*10,acorec-retrained
110,1216,target,"AR_encoding:onehot,AR_outlier_removal:lof,AR_feature_selection:k_best,AR_dimensionality_reduction:pca,AR_scaling:standard,AR_imputation:mean,RF",0.9566666666666667,0.0,5000*10,acorec-retrained
111,135,target,"AR_outlier_removal:isolation_forest,AR_feature_selection:mutual_info,AR_scaling:minmax,AR_imputation:median,AR_dimensionality_reduction:pca,AR_encoding:onehot,RF",0.6233333333333334,0.0,5000*58,acorec-retrained
112,135,target,"AR_scaling:none,AR_dimensionality_reduction:none,AR_imputation:none,AR_feature_selection:none,AR_outlier_removal:isolation_forest,AR_encoding:onehot,RF",0.6511111111111111,0.0,5000*58,acorec-retrained
113,135,target,"AR_outlier_removal:none,AR_scaling:none,AR_feature_selection:variance_threshold,AR_dimensionality_reduction:svd,AR_imputation:median,AR_encoding:onehot,RF",0.6233333333333333,0.0,5000*58,acorec-retrained
114,135,target,"AR_dimensionality_reduction:svd,AR_encoding:onehot,AR_imputation:constant,AR_feature_selection:k_best,AR_scaling:none,AR_outlier_removal:zscore,RF",0.6344444444444445,0.0,5000*58,acorec-retrained
115,135,target,"AR_feature_selection:k_best,AR_outlier_removal:lof,AR_scaling:minmax,AR_dimensionality_reduction:svd,AR_encoding:onehot,AR_imputation:mean,RF",0.6344444444444445,0.0,5000*58,acorec-retrained
116,135,target,"AR_imputation:most_frequent,AR_feature_selection:k_best,AR_encoding:onehot,AR_scaling:minmax,AR_dimensionality_reduction:none,AR_outlier_removal:none,RF",0.6344444444444445,0.0,5000*58,acorec-retrained
117,135,target,"AR_feature_selection:mutual_info,AR_scaling:maxabs,AR_encoding:onehot,AR_dimensionality_reduction:pca,AR_outlier_removal:none,AR_imputation:mean,RF",0.6233333333333334,0.0,5000*58,acorec-retrained
118,135,target,"AR_encoding:onehot,AR_dimensionality_reduction:svd,AR_imputation:knn,AR_feature_selection:variance_threshold,AR_outlier_removal:lof,AR_scaling:none,RF",0.6233333333333333,0.0,5000*58,acorec-retrained
119,135,target,"AR_encoding:onehot,AR_outlier_removal:none,AR_dimensionality_reduction:pca,AR_imputation:mean,AR_scaling:standard,AR_feature_selection:k_best,RF",0.6344444444444445,0.0,5000*58,acorec-retrained
120,135,target,"AR_outlier_removal:isolation_forest,AR_feature_selection:none,AR_dimensionality_reduction:pca,AR_imputation:mean,AR_scaling:robust,AR_encoding:onehot,RF",0.6511111111111111,0.0,5000*58,acorec-retrained
121,1360,target,"AR_encoding:onehot,AR_outlier_removal:none,AR_feature_selection:mutual_info,AR_imputation:constant,AR_scaling:maxabs,AR_dimensionality_reduction:none,RF",0.8033333333333332,0.0,5000*39,acorec-retrained
122,1360,target,"AR_imputation:mean,AR_scaling:none,AR_feature_selection:k_best,AR_outlier_removal:none,AR_dimensionality_reduction:pca,AR_encoding:onehot,RF",0.8133333333333334,0.0,5000*39,acorec-retrained
123,1360,target,"AR_scaling:maxabs,AR_dimensionality_reduction:pca,AR_imputation:mean,AR_encoding:onehot,AR_feature_selection:variance_threshold,AR_outlier_removal:none,RF",0.8122222222222223,0.0,5000*39,acorec-retrained
124,1360,target,"AR_scaling:maxabs,AR_dimensionality_reduction:pca,AR_imputation:median,AR_outlier_removal:zscore,AR_encoding:onehot,AR_feature_selection:k_best,RF",0.8133333333333335,0.0,5000*39,acorec-retrained
125,1360,target,"AR_outlier_removal:none,AR_imputation:mean,AR_encoding:onehot,AR_feature_selection:variance_threshold,AR_scaling:minmax,AR_dimensionality_reduction:pca,RF",0.8122222222222223,0.0,5000*39,acorec-retrained
126,1360,target,"AR_feature_selection:none,AR_encoding:onehot,AR_outlier_removal:none,AR_dimensionality_reduction:pca,AR_imputation:mean,AR_scaling:none,RF",0.8077777777777778,0.0,5000*39,acorec-retrained
127,1360,target,"AR_scaling:none,AR_encoding:onehot,AR_dimensionality_reduction:pca,AR_feature_selection:mutual_info,AR_outlier_removal:zscore,AR_imputation:constant,RF",0.8066666666666666,0.0,5000*39,acorec-retrained
128,1360,target,"AR_encoding:onehot,AR_dimensionality_reduction:svd,AR_feature_selection:variance_threshold,AR_scaling:minmax,AR_imputation:median,AR_outlier_removal:none,RF",0.8122222222222223,0.0,5000*39,acorec-retrained
129,1360,target,"AR_dimensionality_reduction:pca,AR_feature_selection:mutual_info,AR_encoding:onehot,AR_scaling:none,AR_outlier_removal:isolation_forest,AR_imputation:mean,RF",0.8066666666666666,0.0,5000*39,acorec-retrained
130,1360,target,"AR_dimensionality_reduction:pca,AR_scaling:maxabs,AR_imputation:constant,AR_outlier_removal:iqr,AR_encoding:onehot,AR_feature_selection:variance_threshold,RF",0.8077777777777778,0.0,5000*39,acorec-retrained
131,1368,target,"AR_encoding:onehot,AR_imputation:median,AR_outlier_removal:lof,AR_dimensionality_reduction:pca,AR_scaling:maxabs,AR_feature_selection:variance_threshold,RF",0.81,0.0,5000*39,acorec-retrained
132,1368,target,"AR_feature_selection:k_best,AR_scaling:none,AR_outlier_removal:isolation_forest,AR_dimensionality_reduction:none,AR_imputation:median,AR_encoding:onehot,RF",0.8166666666666668,0.0,5000*39,acorec-retrained
133,1368,target,"AR_dimensionality_reduction:none,AR_outlier_removal:zscore,AR_imputation:knn,AR_encoding:onehot,AR_scaling:standard,AR_feature_selection:none,RF",0.8122222222222222,0.0,5000*39,acorec-retrained
134,1368,target,"AR_scaling:none,AR_encoding:onehot,AR_imputation:constant,AR_outlier_removal:isolation_forest,AR_feature_selection:k_best,AR_dimensionality_reduction:none,RF",0.8166666666666668,0.0,5000*39,acorec-retrained
135,1368,target,"AR_encoding:onehot,AR_feature_selection:mutual_info,AR_scaling:standard,AR_outlier_removal:isolation_forest,AR_dimensionality_reduction:svd,AR_imputation:constant,RF",0.7944444444444444,0.0,5000*39,acorec-retrained
136,1368,target,"AR_dimensionality_reduction:pca,AR_feature_selection:none,AR_imputation:most_frequent,AR_scaling:none,AR_outlier_removal:isolation_forest,AR_encoding:onehot,RF",0.8044444444444444,0.0,5000*39,acorec-retrained
137,1368,target,"AR_encoding:onehot,AR_scaling:none,AR_imputation:none,AR_feature_selection:k_best,AR_dimensionality_reduction:svd,AR_outlier_removal:lof,RF",0.8099999999999999,0.0,5000*39,acorec-retrained
138,1368,target,"AR_imputation:none,AR_dimensionality_reduction:none,AR_outlier_removal:isolation_forest,AR_scaling:robust,AR_feature_selection:none,AR_encoding:onehot,RF",0.8033333333333333,0.0,5000*39,acorec-retrained
139,1368,target,"AR_imputation:constant,AR_encoding:onehot,AR_scaling:none,AR_feature_selection:k_best,AR_outlier_removal:lof,AR_dimensionality_reduction:pca,RF",0.8144444444444444,0.0,5000*39,acorec-retrained
140,1368,target,"AR_encoding:onehot,AR_scaling:none,AR_outlier_removal:none,AR_feature_selection:k_best,AR_imputation:constant,AR_dimensionality_reduction:pca,RF",0.8155555555555555,0.0,5000*39,acorec-retrained
141,1376,target,"AR_feature_selection:none,AR_encoding:onehot,AR_imputation:none,AR_scaling:standard,AR_outlier_removal:none,AR_dimensionality_reduction:none,RF",0.8588888888888889,0.0,5000*37,acorec-retrained
142,1376,target,"AR_outlier_removal:zscore,AR_dimensionality_reduction:none,AR_imputation:median,AR_feature_selection:variance_threshold,AR_encoding:onehot,AR_scaling:minmax,RF",0.8588888888888889,0.0,5000*37,acorec-retrained
143,1376,target,"AR_dimensionality_reduction:pca,AR_outlier_removal:iqr,AR_feature_selection:none,AR_imputation:knn,AR_encoding:onehot,AR_scaling:maxabs,RF",0.8588888888888889,0.0,5000*37,acorec-retrained
144,1376,target,"AR_imputation:mean,AR_feature_selection:mutual_info,AR_dimensionality_reduction:none,AR_scaling:none,AR_encoding:onehot,AR_outlier_removal:isolation_forest,RF",0.8444444444444444,0.0,5000*37,acorec-retrained
145,1376,target,"AR_feature_selection:mutual_info,AR_imputation:median,AR_scaling:robust,AR_dimensionality_reduction:pca,AR_outlier_removal:lof,AR_encoding:onehot,RF",0.8444444444444444,0.0,5000*37,acorec-retrained
146,1376,target,"AR_dimensionality_reduction:svd,AR_feature_selection:k_best,AR_outlier_removal:isolation_forest,AR_imputation:knn,AR_scaling:minmax,AR_encoding:onehot,RF",0.8377777777777777,0.0,5000*37,acorec-retrained
147,1376,target,"AR_outlier_removal:zscore,AR_scaling:none,AR_feature_selection:none,AR_imputation:mean,AR_dimensionality_reduction:none,AR_encoding:onehot,RF",0.8588888888888889,0.0,5000*37,acorec-retrained
148,1376,target,"AR_feature_selection:variance_threshold,AR_imputation:most_frequent,AR_encoding:onehot,AR_outlier_removal:none,AR_dimensionality_reduction:svd,AR_scaling:robust,RF",0.8588888888888889,0.0,5000*37,acorec-retrained
149,1376,target,"AR_scaling:standard,AR_feature_selection:mutual_info,AR_dimensionality_reduction:svd,AR_imputation:median,AR_encoding:onehot,AR_outlier_removal:lof,RF",0.8444444444444444,0.0,5000*37,acorec-retrained
150,1376,target,"AR_dimensionality_reduction:pca,AR_imputation:constant,AR_feature_selection:none,AR_encoding:onehot,AR_scaling:minmax,AR_outlier_removal:iqr,RF",0.8588888888888889,0.0,5000*37,acorec-retrained
151,1388,target,"AR_scaling:maxabs,AR_imputation:none,AR_feature_selection:mutual_info,AR_outlier_removal:iqr,AR_dimensionality_reduction:none,AR_encoding:onehot,RF",0.37222222222222223,0.0,5000*70,acorec-retrained
152,1388,target,"AR_scaling:robust,AR_outlier_removal:isolation_forest,AR_feature_selection:variance_threshold,AR_imputation:none,AR_dimensionality_reduction:svd,AR_encoding:onehot,RF",0.5211111111111111,0.0,5000*70,acorec-retrained
153,1388,target,"AR_encoding:onehot,AR_dimensionality_reduction:pca,AR_feature_selection:none,AR_imputation:knn,AR_scaling:maxabs,AR_outlier_removal:zscore,RF",0.5211111111111111,0.0,5000*70,acorec-retrained
154,1388,target,"AR_imputation:mean,AR_scaling:none,AR_outlier_removal:iqr,AR_encoding:onehot,AR_feature_selection:variance_threshold,AR_dimensionality_reduction:none,RF",0.5211111111111111,0.0,5000*70,acorec-retrained
155,1388,target,"AR_imputation:median,AR_encoding:onehot,AR_outlier_removal:lof,AR_feature_selection:mutual_info,AR_dimensionality_reduction:pca,AR_scaling:standard,RF",0.37222222222222223,0.0,5000*70,acorec-retrained
156,1388,target,"AR_encoding:onehot,AR_imputation:none,AR_dimensionality_reduction:pca,AR_outlier_removal:none,AR_feature_selection:mutual_info,AR_scaling:standard,RF",0.37222222222222223,0.0,5000*70,acorec-retrained
157,1388,target,"AR_outlier_removal:zscore,AR_dimensionality_reduction:none,AR_imputation:knn,AR_feature_selection:mutual_info,AR_encoding:onehot,AR_scaling:none,RF",0.37222222222222223,0.0,5000*70,acorec-retrained
158,1388,target,"AR_scaling:standard,AR_imputation:most_frequent,AR_feature_selection:mutual_info,AR_dimensionality_reduction:svd,AR_outlier_removal:isolation_forest,AR_encoding:onehot,RF",0.37222222222222223,0.0,5000*70,acorec-retrained
159,1388,target,"AR_imputation:none,AR_encoding:onehot,AR_dimensionality_reduction:pca,AR_outlier_removal:zscore,AR_scaling:none,AR_feature_selection:k_best,RF",0.41444444444444445,0.0,5000*70,acorec-retrained
160,1388,target,"AR_imputation:mean,AR_encoding:onehot,AR_dimensionality_reduction:none,AR_outlier_removal:none,AR_feature_selection:variance_threshold,AR_scaling:standard,RF",0.5211111111111111,0.0,5000*70,acorec-retrained
161,1397,target,"AR_outlier_removal:none,AR_feature_selection:k_best,AR_dimensionality_reduction:none,AR_encoding:onehot,AR_scaling:maxabs,AR_imputation:median,RF",0.47444444444444445,0.0,5000*26,acorec-retrained
162,1397,target,"AR_encoding:onehot,AR_scaling:none,AR_imputation:most_frequent,AR_feature_selection:none,AR_outlier_removal:isolation_forest,AR_dimensionality_reduction:svd,RF",0.3655555555555556,0.0,5000*26,acorec-retrained
163,1397,target,"AR_dimensionality_reduction:svd,AR_imputation:knn,AR_feature_selection:variance_threshold,AR_encoding:onehot,AR_outlier_removal:iqr,AR_scaling:maxabs,RF",0.47222222222222215,0.0,5000*26,acorec-retrained
164,1397,target,"AR_outlier_removal:zscore,AR_feature_selection:variance_threshold,AR_dimensionality_reduction:pca,AR_encoding:onehot,AR_scaling:robust,AR_imputation:constant,RF",0.49444444444444446,0.0,5000*26,acorec-retrained
165,1397,target,"AR_outlier_removal:iqr,AR_imputation:none,AR_feature_selection:mutual_info,AR_scaling:none,AR_dimensionality_reduction:pca,AR_encoding:onehot,RF",0.4633333333333334,0.0,5000*26,acorec-retrained
166,1397,target,"AR_imputation:none,AR_outlier_removal:none,AR_scaling:none,AR_encoding:onehot,AR_feature_selection:k_best,AR_dimensionality_reduction:pca,RF",0.5022222222222222,0.0,5000*26,acorec-retrained
167,1397,target,"AR_outlier_removal:none,AR_scaling:robust,AR_encoding:onehot,AR_feature_selection:none,AR_imputation:mean,AR_dimensionality_reduction:svd,RF",0.4977777777777777,0.0,5000*26,acorec-retrained
168,1397,target,"AR_encoding:onehot,AR_imputation:median,AR_outlier_removal:none,AR_dimensionality_reduction:svd,AR_feature_selection:variance_threshold,AR_scaling:none,RF",0.3711111111111111,0.0,5000*26,acorec-retrained
169,1397,target,"AR_feature_selection:variance_threshold,AR_imputation:mean,AR_dimensionality_reduction:svd,AR_encoding:onehot,AR_scaling:minmax,AR_outlier_removal:none,RF",0.5066666666666667,0.0,5000*26,acorec-retrained
170,1397,target,"AR_feature_selection:none,AR_encoding:onehot,AR_dimensionality_reduction:none,AR_scaling:standard,AR_imputation:none,AR_outlier_removal:lof,RF",0.5,0.0,5000*26,acorec-retrained
171,1399,target,"AR_feature_selection:variance_threshold,AR_scaling:robust,AR_imputation:most_frequent,AR_outlier_removal:iqr,AR_encoding:onehot,AR_dimensionality_reduction:pca,RF",0.5677777777777778,0.0,5000*26,acorec-retrained
172,1399,target,"AR_scaling:standard,AR_dimensionality_reduction:svd,AR_encoding:onehot,AR_feature_selection:none,AR_outlier_removal:lof,AR_imputation:none,RF",0.6222222222222221,0.0,5000*26,acorec-retrained
173,1399,target,"AR_scaling:robust,AR_dimensionality_reduction:pca,AR_encoding:onehot,AR_outlier_removal:lof,AR_imputation:most_frequent,AR_feature_selection:variance_threshold,RF",0.6155555555555555,0.0,5000*26,acorec-retrained
174,1399,target,"AR_outlier_removal:iqr,AR_scaling:minmax,AR_feature_selection:variance_threshold,AR_dimensionality_reduction:svd,AR_imputation:knn,AR_encoding:onehot,RF",0.5966666666666667,0.0,5000*26,acorec-retrained
175,1399,target,"AR_dimensionality_reduction:pca,AR_encoding:onehot,AR_outlier_removal:lof,AR_feature_selection:k_best,AR_imputation:none,AR_scaling:robust,RF",0.6022222222222222,0.0,5000*26,acorec-retrained
176,1399,target,"AR_scaling:standard,AR_dimensionality_reduction:svd,AR_feature_selection:none,AR_imputation:median,AR_encoding:onehot,AR_outlier_removal:zscore,RF",0.6255555555555555,0.0,5000*26,acorec-retrained
177,1399,target,"AR_dimensionality_reduction:svd,AR_imputation:most_frequent,AR_encoding:onehot,AR_feature_selection:mutual_info,AR_scaling:none,AR_outlier_removal:isolation_forest,RF",0.5266666666666666,0.0,5000*26,acorec-retrained
178,1399,target,"AR_outlier_removal:lof,AR_encoding:onehot,AR_scaling:none,AR_imputation:none,AR_dimensionality_reduction:pca,AR_feature_selection:variance_threshold,RF",0.47555555555555556,0.0,5000*26,acorec-retrained
179,1399,target,"AR_scaling:standard,AR_imputation:knn,AR_feature_selection:k_best,AR_dimensionality_reduction:none,AR_outlier_removal:iqr,AR_encoding:onehot,RF",0.5933333333333334,0.0,5000*26,acorec-retrained
180,1399,target,"AR_encoding:onehot,AR_feature_selection:mutual_info,AR_scaling:robust,AR_dimensionality_reduction:pca,AR_outlier_removal:zscore,AR_imputation:constant,RF",0.5777777777777778,0.0,5000*26,acorec-retrained
181,1402,target,"AR_feature_selection:none,AR_outlier_removal:lof,AR_imputation:none,AR_encoding:onehot,AR_scaling:minmax,AR_dimensionality_reduction:none,RF",0.6533333333333333,0.0,5000*19,acorec-retrained
182,1402,target,"AR_outlier_removal:iqr,AR_imputation:none,AR_scaling:robust,AR_encoding:onehot,AR_feature_selection:mutual_info,AR_dimensionality_reduction:pca,RF",0.638888888888889,0.0,5000*19,acorec-retrained
183,1402,target,"AR_outlier_removal:lof,AR_dimensionality_reduction:none,AR_feature_selection:variance_threshold,AR_encoding:onehot,AR_imputation:none,AR_scaling:none,RF",0.6533333333333333,0.0,5000*19,acorec-retrained
184,1402,target,"AR_imputation:none,AR_scaling:maxabs,AR_outlier_removal:isolation_forest,AR_feature_selection:none,AR_dimensionality_reduction:none,AR_encoding:onehot,RF",0.65,0.0,5000*19,acorec-retrained
185,1402,target,"AR_feature_selection:variance_threshold,AR_scaling:minmax,AR_outlier_removal:zscore,AR_encoding:onehot,AR_dimensionality_reduction:svd,AR_imputation:most_frequent,RF",0.6522222222222221,0.0,5000*19,acorec-retrained
186,1402,target,"AR_scaling:none,AR_imputation:median,AR_encoding:onehot,AR_feature_selection:none,AR_dimensionality_reduction:pca,AR_outlier_removal:none,RF",0.65,0.0,5000*19,acorec-retrained
187,1402,target,"AR_outlier_removal:zscore,AR_imputation:knn,AR_scaling:none,AR_dimensionality_reduction:pca,AR_feature_selection:variance_threshold,AR_encoding:onehot,RF",0.65,0.0,5000*19,acorec-retrained
188,1402,target,"AR_imputation:knn,AR_outlier_removal:iqr,AR_encoding:onehot,AR_dimensionality_reduction:pca,AR_feature_selection:variance_threshold,AR_scaling:minmax,RF",0.6522222222222221,0.0,5000*19,acorec-retrained
189,1402,target,"AR_scaling:robust,AR_dimensionality_reduction:svd,AR_imputation:median,AR_feature_selection:variance_threshold,AR_outlier_removal:none,AR_encoding:onehot,RF",0.65,0.0,5000*19,acorec-retrained
190,1402,target,"AR_scaling:maxabs,AR_dimensionality_reduction:pca,AR_feature_selection:variance_threshold,AR_imputation:most_frequent,AR_encoding:onehot,AR_outlier_removal:lof,RF",0.6555555555555556,0.0,5000*19,acorec-retrained
191,1410,target,"AR_encoding:onehot,AR_feature_selection:mutual_info,AR_dimensionality_reduction:pca,AR_imputation:most_frequent,AR_scaling:minmax,AR_outlier_removal:none,RF",0.6277777777777778,0.0,5000*19,acorec-retrained
192,1410,target,"AR_outlier_removal:lof,AR_feature_selection:k_best,AR_dimensionality_reduction:none,AR_encoding:onehot,AR_imputation:most_frequent,AR_scaling:minmax,RF",0.63,0.0,5000*19,acorec-retrained
193,1410,target,"AR_encoding:onehot,AR_imputation:median,AR_feature_selection:mutual_info,AR_dimensionality_reduction:pca,AR_scaling:none,AR_outlier_removal:zscore,RF",0.63,0.0,5000*19,acorec-retrained
194,1410,target,"AR_encoding:onehot,AR_dimensionality_reduction:pca,AR_scaling:none,AR_imputation:most_frequent,AR_outlier_removal:none,AR_feature_selection:k_best,RF",0.6511111111111111,0.0,5000*19,acorec-retrained
195,1410,target,"AR_dimensionality_reduction:svd,AR_imputation:none,AR_encoding:onehot,AR_outlier_removal:lof,AR_feature_selection:k_best,AR_scaling:standard,RF",0.648888888888889,0.0,5000*19,acorec-retrained
196,1410,target,"AR_outlier_removal:zscore,AR_imputation:knn,AR_scaling:none,AR_encoding:onehot,AR_feature_selection:mutual_info,AR_dimensionality_reduction:none,RF",0.63,0.0,5000*19,acorec-retrained
197,1410,target,"AR_scaling:robust,AR_imputation:none,AR_feature_selection:variance_threshold,AR_outlier_removal:none,AR_dimensionality_reduction:svd,AR_encoding:onehot,RF",0.6366666666666667,0.0,5000*19,acorec-retrained
198,1410,target,"AR_scaling:none,AR_outlier_removal:iqr,AR_feature_selection:k_best,AR_dimensionality_reduction:pca,AR_encoding:onehot,AR_imputation:constant,RF",0.6511111111111111,0.0,5000*19,acorec-retrained
199,1410,target,"AR_dimensionality_reduction:pca,AR_encoding:onehot,AR_feature_selection:variance_threshold,AR_outlier_removal:none,AR_scaling:maxabs,AR_imputation:median,RF",0.6411111111111111,0.0,5000*19,acorec-retrained
200,1410,target,"AR_outlier_removal:lof,AR_imputation:median,AR_dimensionality_reduction:svd,AR_feature_selection:k_best,AR_scaling:none,AR_encoding:onehot,RF",0.6455555555555555,0.0,5000*19,acorec-retrained
201,142,target,"AR_dimensionality_reduction:svd,AR_feature_selection:variance_threshold,AR_outlier_removal:iqr,AR_imputation:median,AR_encoding:onehot,AR_scaling:minmax,RF",0.8933333333333334,0.0,5000*20,acorec-retrained
202,142,target,"AR_outlier_removal:iqr,AR_scaling:maxabs,AR_dimensionality_reduction:pca,AR_encoding:onehot,AR_imputation:median,AR_feature_selection:variance_threshold,RF",0.8933333333333334,0.0,5000*20,acorec-retrained
203,142,target,"AR_encoding:onehot,AR_imputation:knn,AR_scaling:none,AR_dimensionality_reduction:svd,AR_feature_selection:variance_threshold,AR_outlier_removal:isolation_forest,RF",0.8933333333333334,0.0,5000*20,acorec-retrained
204,142,target,"AR_encoding:onehot,AR_scaling:minmax,AR_outlier_removal:none,AR_dimensionality_reduction:pca,AR_imputation:none,AR_feature_selection:k_best,RF",0.8799999999999999,0.0,5000*20,acorec-retrained
205,142,target,"AR_dimensionality_reduction:none,AR_outlier_removal:iqr,AR_encoding:onehot,AR_feature_selection:none,AR_imputation:mean,AR_scaling:standard,RF",0.8933333333333334,0.0,5000*20,acorec-retrained
206,142,target,"AR_encoding:onehot,AR_outlier_removal:lof,AR_feature_selection:k_best,AR_imputation:most_frequent,AR_dimensionality_reduction:none,AR_scaling:maxabs,RF",0.8799999999999999,0.0,5000*20,acorec-retrained
207,142,target,"AR_dimensionality_reduction:svd,AR_outlier_removal:none,AR_scaling:none,AR_encoding:onehot,AR_imputation:knn,AR_feature_selection:none,RF",0.8933333333333334,0.0,5000*20,acorec-retrained
208,142,target,"AR_encoding:onehot,AR_outlier_removal:lof,AR_imputation:most_frequent,AR_scaling:minmax,AR_feature_selection:variance_threshold,AR_dimensionality_reduction:none,RF",0.8933333333333334,0.0,5000*20,acorec-retrained
209,142,target,"AR_encoding:onehot,AR_feature_selection:mutual_info,AR_scaling:standard,AR_dimensionality_reduction:svd,AR_imputation:constant,AR_outlier_removal:lof,RF",0.89,0.0,5000*20,acorec-retrained
210,142,target,"AR_feature_selection:variance_threshold,AR_outlier_removal:isolation_forest,AR_dimensionality_reduction:svd,AR_encoding:onehot,AR_scaling:none,AR_imputation:knn,RF",0.8933333333333334,0.0,5000*20,acorec-retrained
211,1441,target,"AR_encoding:onehot,AR_imputation:none,AR_feature_selection:variance_threshold,AR_dimensionality_reduction:pca,AR_scaling:standard,AR_outlier_removal:isolation_forest,RF",0.9583333333333334,0.0,123*40,acorec-retrained
212,1441,target,"AR_feature_selection:variance_threshold,AR_outlier_removal:iqr,AR_encoding:onehot,AR_imputation:none,AR_dimensionality_reduction:pca,AR_scaling:none,RF",0.8194444444444445,0.0,123*40,acorec-retrained
213,1441,target,"AR_scaling:maxabs,AR_outlier_removal:lof,AR_feature_selection:mutual_info,AR_encoding:onehot,AR_dimensionality_reduction:none,AR_imputation:none,RF",0.9305555555555557,0.0,123*40,acorec-retrained
214,1441,target,"AR_dimensionality_reduction:none,AR_feature_selection:none,AR_imputation:median,AR_scaling:standard,AR_encoding:none,AR_outlier_removal:lof,RF",0.9583333333333334,0.0,123*40,acorec-retrained
215,1441,target,"AR_feature_selection:none,AR_encoding:onehot,AR_dimensionality_reduction:none,AR_scaling:minmax,AR_outlier_removal:isolation_forest,AR_imputation:mean,RF",0.9444444444444445,0.0,123*40,acorec-retrained
216,1441,target,"AR_outlier_removal:none,AR_scaling:none,AR_imputation:constant,AR_dimensionality_reduction:pca,AR_feature_selection:mutual_info,AR_encoding:onehot,RF",0.9166666666666666,0.0,123*40,acorec-retrained
217,1441,target,"AR_encoding:onehot,AR_outlier_removal:iqr,AR_scaling:standard,AR_dimensionality_reduction:svd,AR_feature_selection:none,AR_imputation:knn,RF",0.9305555555555557,0.0,123*40,acorec-retrained
218,1441,target,"AR_scaling:standard,AR_imputation:mean,AR_outlier_removal:none,AR_encoding:onehot,AR_dimensionality_reduction:pca,AR_feature_selection:k_best,RF",0.9444444444444445,0.0,123*40,acorec-retrained
219,1441,target,"AR_outlier_removal:zscore,AR_scaling:maxabs,AR_encoding:onehot,AR_dimensionality_reduction:none,AR_feature_selection:variance_threshold,AR_imputation:constant,RF",0.9027777777777778,0.0,123*40,acorec-retrained
220,1441,target,"AR_encoding:onehot,AR_scaling:none,AR_feature_selection:none,AR_dimensionality_reduction:pca,AR_imputation:none,AR_outlier_removal:isolation_forest,RF",0.888888888888889,0.0,123*40,acorec-retrained
221,1452,target,"AR_scaling:minmax,AR_feature_selection:mutual_info,AR_dimensionality_reduction:none,AR_outlier_removal:lof,AR_imputation:median,AR_encoding:onehot,RF",0.9798657718120806,0.0,745*37,acorec-retrained
222,1452,target,"AR_encoding:onehot,AR_scaling:standard,AR_feature_selection:none,AR_dimensionality_reduction:pca,AR_imputation:mean,AR_outlier_removal:lof,RF",0.9798657718120806,0.0,745*37,acorec-retrained
223,1452,target,"AR_outlier_removal:iqr,AR_scaling:standard,AR_dimensionality_reduction:svd,AR_imputation:most_frequent,AR_feature_selection:k_best,AR_encoding:onehot,RF",0.9798657718120806,0.0,745*37,acorec-retrained
224,1452,target,"AR_imputation:knn,AR_dimensionality_reduction:svd,AR_outlier_removal:isolation_forest,AR_scaling:none,AR_feature_selection:none,AR_encoding:onehot,RF",0.9731543624161074,0.0,745*37,acorec-retrained
225,1452,target,"AR_dimensionality_reduction:svd,AR_scaling:minmax,AR_imputation:mean,AR_encoding:none,AR_outlier_removal:none,AR_feature_selection:none,RF",0.9798657718120806,0.0,745*37,acorec-retrained
226,1452,target,"AR_imputation:most_frequent,AR_outlier_removal:zscore,AR_encoding:onehot,AR_feature_selection:none,AR_scaling:none,AR_dimensionality_reduction:pca,RF",0.9574944071588366,0.0,745*37,acorec-retrained
227,1452,target,"AR_feature_selection:none,AR_dimensionality_reduction:svd,AR_imputation:none,AR_scaling:standard,AR_outlier_removal:lof,AR_encoding:onehot,RF",0.9798657718120806,0.0,745*37,acorec-retrained
228,1452,target,"AR_dimensionality_reduction:pca,AR_outlier_removal:isolation_forest,AR_imputation:median,AR_scaling:maxabs,AR_feature_selection:none,AR_encoding:none,RF",0.9798657718120806,0.0,745*37,acorec-retrained
229,1452,target,"AR_feature_selection:k_best,AR_encoding:onehot,AR_outlier_removal:none,AR_scaling:none,AR_dimensionality_reduction:pca,AR_imputation:constant,RF",0.9798657718120806,0.0,745*37,acorec-retrained
230,1452,target,"AR_feature_selection:none,AR_imputation:constant,AR_scaling:none,AR_dimensionality_reduction:none,AR_encoding:none,AR_outlier_removal:iqr,RF",0.9373601789709172,0.0,745*37,acorec-retrained
231,146,target,"AR_outlier_removal:iqr,AR_imputation:none,AR_feature_selection:k_best,AR_dimensionality_reduction:none,AR_encoding:onehot,AR_scaling:maxabs,RF",0.9011111111111111,0.0,5000*35,acorec-retrained
232,146,target,"AR_feature_selection:k_best,AR_imputation:none,AR_scaling:minmax,AR_outlier_removal:none,AR_dimensionality_reduction:none,AR_encoding:onehot,RF",0.9011111111111111,0.0,5000*35,acorec-retrained
233,146,target,"AR_dimensionality_reduction:pca,AR_imputation:knn,AR_scaling:minmax,AR_encoding:onehot,AR_feature_selection:variance_threshold,AR_outlier_removal:iqr,RF",0.9288888888888889,0.0,5000*35,acorec-retrained
234,146,target,"AR_encoding:onehot,AR_feature_selection:none,AR_scaling:robust,AR_outlier_removal:none,AR_imputation:most_frequent,AR_dimensionality_reduction:pca,RF",0.9288888888888889,0.0,5000*35,acorec-retrained
235,146,target,"AR_outlier_removal:iqr,AR_imputation:most_frequent,AR_scaling:maxabs,AR_dimensionality_reduction:svd,AR_feature_selection:k_best,AR_encoding:onehot,RF",0.9011111111111111,0.0,5000*35,acorec-retrained
236,146,target,"AR_scaling:maxabs,AR_dimensionality_reduction:svd,AR_outlier_removal:zscore,AR_encoding:onehot,AR_feature_selection:none,AR_imputation:constant,RF",0.9288888888888889,0.0,5000*35,acorec-retrained
237,146,target,"AR_outlier_removal:iqr,AR_feature_selection:mutual_info,AR_imputation:median,AR_dimensionality_reduction:pca,AR_encoding:onehot,AR_scaling:minmax,RF",0.8922222222222222,0.0,5000*35,acorec-retrained
238,146,target,"AR_dimensionality_reduction:none,AR_scaling:minmax,AR_imputation:most_frequent,AR_encoding:onehot,AR_feature_selection:variance_threshold,AR_outlier_removal:none,RF",0.9288888888888889,0.0,5000*35,acorec-retrained
239,146,target,"AR_dimensionality_reduction:none,AR_outlier_removal:lof,AR_encoding:onehot,AR_scaling:none,AR_feature_selection:mutual_info,AR_imputation:constant,RF",0.8922222222222222,0.0,5000*35,acorec-retrained
240,146,target,"AR_dimensionality_reduction:svd,AR_encoding:onehot,AR_feature_selection:k_best,AR_imputation:none,AR_outlier_removal:iqr,AR_scaling:standard,RF",0.9011111111111111,0.0,5000*35,acorec-retrained
241,1462,target,"AR_imputation:most_frequent,AR_encoding:onehot,AR_feature_selection:mutual_info,AR_scaling:maxabs,AR_dimensionality_reduction:pca,AR_outlier_removal:zscore,RF",0.9768856447688564,0.0,1372*5,acorec-retrained
242,1462,target,"AR_outlier_removal:iqr,AR_feature_selection:k_best,AR_encoding:none,AR_dimensionality_reduction:svd,AR_scaling:robust,AR_imputation:mean,RF",0.98661800486618,0.0,1372*5,acorec-retrained
243,1462,target,"AR_scaling:robust,AR_imputation:knn,AR_encoding:onehot,AR_outlier_removal:lof,AR_dimensionality_reduction:svd,AR_feature_selection:k_best,RF",0.9854014598540145,0.0,1372*5,acorec-retrained
244,1462,target,"AR_feature_selection:none,AR_encoding:onehot,AR_outlier_removal:zscore,AR_dimensionality_reduction:pca,AR_scaling:robust,AR_imputation:mean,RF",0.9854014598540145,0.0,1372*5,acorec-retrained
245,1462,target,"AR_outlier_removal:none,AR_encoding:onehot,AR_scaling:maxabs,AR_dimensionality_reduction:pca,AR_imputation:constant,AR_feature_selection:variance_threshold,RF",0.9744525547445256,0.0,1372*5,acorec-retrained
246,1462,target,"AR_feature_selection:none,AR_imputation:mean,AR_dimensionality_reduction:pca,AR_encoding:onehot,AR_scaling:minmax,AR_outlier_removal:zscore,RF",0.9744525547445256,0.0,1372*5,acorec-retrained
247,1462,target,"AR_feature_selection:mutual_info,AR_encoding:onehot,AR_imputation:none,AR_scaling:robust,AR_dimensionality_reduction:svd,AR_outlier_removal:none,RF",0.9854014598540145,0.0,1372*5,acorec-retrained
248,1462,target,"AR_outlier_removal:iqr,AR_imputation:none,AR_feature_selection:k_best,AR_scaling:maxabs,AR_encoding:onehot,AR_dimensionality_reduction:svd,RF",0.9768856447688564,0.0,1372*5,acorec-retrained
249,1462,target,"AR_dimensionality_reduction:none,AR_encoding:none,AR_imputation:mean,AR_feature_selection:variance_threshold,AR_scaling:standard,AR_outlier_removal:none,RF",0.9854014598540145,0.0,1372*5,acorec-retrained
250,1462,target,"AR_dimensionality_reduction:none,AR_imputation:mean,AR_encoding:onehot,AR_scaling:robust,AR_outlier_removal:none,AR_feature_selection:k_best,RF",0.9854014598540145,0.0,1372*5,acorec-retrained
251,1466,target,"AR_imputation:mean,AR_dimensionality_reduction:none,AR_feature_selection:none,AR_scaling:none,AR_outlier_removal:zscore,AR_encoding:onehot,RF",0.6888888888888888,0.0,2126*36,acorec-retrained
252,1466,target,"AR_encoding:onehot,AR_scaling:standard,AR_outlier_removal:none,AR_dimensionality_reduction:pca,AR_imputation:constant,AR_feature_selection:none,RF",0.9966666666666666,0.0,2126*36,acorec-retrained
253,1466,target,"AR_scaling:robust,AR_outlier_removal:iqr,AR_imputation:mean,AR_feature_selection:none,AR_dimensionality_reduction:none,AR_encoding:onehot,RF",0.9511111111111111,0.0,2126*36,acorec-retrained
254,1466,target,"AR_encoding:onehot,AR_feature_selection:none,AR_scaling:maxabs,AR_imputation:median,AR_outlier_removal:none,AR_dimensionality_reduction:pca,RF",0.9922222222222222,0.0,2126*36,acorec-retrained
255,1466,target,"AR_imputation:knn,AR_encoding:onehot,AR_scaling:robust,AR_dimensionality_reduction:none,AR_feature_selection:mutual_info,AR_outlier_removal:iqr,RF",0.9644444444444445,0.0,2126*36,acorec-retrained
256,1466,target,"AR_imputation:none,AR_feature_selection:none,AR_dimensionality_reduction:pca,AR_scaling:standard,AR_encoding:onehot,AR_outlier_removal:zscore,RF",0.7244444444444444,0.0,2126*36,acorec-retrained
257,1466,target,"AR_scaling:minmax,AR_outlier_removal:none,AR_imputation:knn,AR_feature_selection:k_best,AR_encoding:onehot,AR_dimensionality_reduction:pca,RF",1.0,0.0,2126*36,acorec-retrained
258,1466,target,"AR_scaling:robust,AR_imputation:most_frequent,AR_dimensionality_reduction:svd,AR_outlier_removal:none,AR_feature_selection:variance_threshold,AR_encoding:none,RF",0.7999999999999999,0.0,2126*36,acorec-retrained
259,1466,target,"AR_scaling:maxabs,AR_dimensionality_reduction:pca,AR_imputation:median,AR_outlier_removal:isolation_forest,AR_encoding:onehot,AR_feature_selection:variance_threshold,RF",0.9922222222222222,0.0,2126*36,acorec-retrained
260,1466,target,"AR_encoding:onehot,AR_scaling:maxabs,AR_feature_selection:variance_threshold,AR_dimensionality_reduction:svd,AR_outlier_removal:zscore,AR_imputation:median,RF",0.7266666666666666,0.0,2126*36,acorec-retrained
261,1481,target,"AR_feature_selection:variance_threshold,AR_dimensionality_reduction:pca,AR_imputation:none,AR_outlier_removal:lof,AR_encoding:onehot,AR_scaling:robust,RF",0.28555555555555556,0.0,5000*7,acorec-retrained
262,1481,target,"AR_outlier_removal:isolation_forest,AR_feature_selection:k_best,AR_scaling:robust,AR_dimensionality_reduction:pca,AR_imputation:most_frequent,AR_encoding:onehot,RF",0.2955555555555555,0.0,5000*7,acorec-retrained
263,1481,target,"AR_scaling:robust,AR_encoding:onehot,AR_outlier_removal:lof,AR_dimensionality_reduction:none,AR_imputation:median,AR_feature_selection:mutual_info,RF",0.2811111111111111,0.0,5000*7,acorec-retrained
264,1481,target,"AR_dimensionality_reduction:svd,AR_imputation:knn,AR_encoding:onehot,AR_outlier_removal:none,AR_feature_selection:none,AR_scaling:none,RF",0.2888888888888889,0.0,5000*7,acorec-retrained
265,1481,target,"AR_scaling:none,AR_feature_selection:variance_threshold,AR_encoding:onehot,AR_dimensionality_reduction:pca,AR_imputation:median,AR_outlier_removal:none,RF",0.2888888888888889,0.0,5000*7,acorec-retrained
266,1481,target,"AR_outlier_removal:isolation_forest,AR_encoding:onehot,AR_feature_selection:mutual_info,AR_dimensionality_reduction:none,AR_imputation:median,AR_scaling:minmax,RF",0.27777777777777773,0.0,5000*7,acorec-retrained
267,1481,target,"AR_imputation:none,AR_outlier_removal:zscore,AR_scaling:none,AR_dimensionality_reduction:none,AR_feature_selection:mutual_info,AR_encoding:onehot,RF",0.28444444444444444,0.0,5000*7,acorec-retrained
268,1481,target,"AR_feature_selection:mutual_info,AR_outlier_removal:iqr,AR_dimensionality_reduction:none,AR_encoding:onehot,AR_scaling:robust,AR_imputation:none,RF",0.2833333333333333,0.0,5000*7,acorec-retrained
269,1481,target,"AR_imputation:none,AR_scaling:minmax,AR_dimensionality_reduction:pca,AR_feature_selection:variance_threshold,AR_outlier_removal:zscore,AR_encoding:onehot,RF",0.27,0.0,5000*7,acorec-retrained
270,1481,target,"AR_scaling:maxabs,AR_imputation:none,AR_outlier_removal:isolation_forest,AR_feature_selection:mutual_info,AR_dimensionality_reduction:svd,AR_encoding:onehot,RF",0.2722222222222222,0.0,5000*7,acorec-retrained
271,1491,target,"AR_feature_selection:mutual_info,AR_scaling:robust,AR_outlier_removal:zscore,AR_dimensionality_reduction:none,AR_encoding:onehot,AR_imputation:constant,RF",0.05971466524296474,0.0,1600*65,acorec-retrained
272,1491,target,"AR_imputation:none,AR_encoding:onehot,AR_outlier_removal:none,AR_dimensionality_reduction:none,AR_feature_selection:none,AR_scaling:minmax,RF",0.27706081116078624,0.0,1600*65,acorec-retrained
273,1491,target,"AR_encoding:none,AR_feature_selection:none,AR_imputation:most_frequent,AR_scaling:maxabs,AR_outlier_removal:lof,AR_dimensionality_reduction:svd,RF",0.2919691962986122,0.0,1600*65,acorec-retrained
274,1491,target,"AR_feature_selection:variance_threshold,AR_outlier_removal:none,AR_encoding:onehot,AR_scaling:maxabs,AR_dimensionality_reduction:pca,AR_imputation:median,RF",0.2860691602137862,0.0,1600*65,acorec-retrained
275,1491,target,"AR_dimensionality_reduction:none,AR_outlier_removal:lof,AR_scaling:maxabs,AR_encoding:none,AR_feature_selection:variance_threshold,AR_imputation:constant,RF",0.27286057782317946,0.0,1600*65,acorec-retrained
276,1491,target,"AR_feature_selection:none,AR_scaling:standard,AR_imputation:none,AR_dimensionality_reduction:pca,AR_outlier_removal:zscore,AR_encoding:onehot,RF",0.17084213827436037,0.0,1600*65,acorec-retrained
277,1491,target,"AR_dimensionality_reduction:svd,AR_outlier_removal:iqr,AR_feature_selection:mutual_info,AR_imputation:constant,AR_scaling:standard,AR_encoding:none,RF",-1.034726509024037,0.0,1600*65,acorec-retrained
278,1491,target,"AR_imputation:mean,AR_feature_selection:k_best,AR_scaling:none,AR_dimensionality_reduction:pca,AR_encoding:onehot,AR_outlier_removal:isolation_forest,RF",0.18574672035383322,0.0,1600*65,acorec-retrained
279,1491,target,"AR_encoding:onehot,AR_feature_selection:none,AR_imputation:mean,AR_outlier_removal:lof,AR_scaling:minmax,AR_dimensionality_reduction:svd,RF",0.29196919629861207,0.0,1600*65,acorec-retrained
280,1491,target,"AR_feature_selection:mutual_info,AR_outlier_removal:none,AR_imputation:none,AR_dimensionality_reduction:none,AR_encoding:onehot,AR_scaling:robust,RF",0.2160695639371736,0.0,1600*65,acorec-retrained
281,1494,target,"AR_encoding:onehot,AR_feature_selection:k_best,AR_dimensionality_reduction:none,AR_outlier_removal:lof,AR_scaling:robust,AR_imputation:mean,RF",0.8262243285939969,0.0,1055*42,acorec-retrained
282,1494,target,"AR_scaling:none,AR_imputation:median,AR_dimensionality_reduction:svd,AR_feature_selection:none,AR_encoding:onehot,AR_outlier_removal:isolation_forest,RF",0.8309636650868878,0.0,1055*42,acorec-retrained
283,1494,target,"AR_outlier_removal:lof,AR_imputation:none,AR_encoding:onehot,AR_feature_selection:mutual_info,AR_scaling:none,AR_dimensionality_reduction:pca,RF",0.8278041074249605,0.0,1055*42,acorec-retrained
284,1494,target,"AR_feature_selection:none,AR_outlier_removal:none,AR_encoding:onehot,AR_dimensionality_reduction:pca,AR_scaling:minmax,AR_imputation:none,RF",0.8230647709320694,0.0,1055*42,acorec-retrained
285,1494,target,"AR_outlier_removal:zscore,AR_dimensionality_reduction:svd,AR_feature_selection:k_best,AR_imputation:knn,AR_encoding:onehot,AR_scaling:standard,RF",0.7977883096366508,0.0,1055*42,acorec-retrained
286,1494,target,"AR_feature_selection:variance_threshold,AR_imputation:median,AR_scaling:robust,AR_dimensionality_reduction:svd,AR_outlier_removal:lof,AR_encoding:none,RF",0.8309636650868878,0.0,1055*42,acorec-retrained
287,1494,target,"AR_encoding:none,AR_feature_selection:k_best,AR_dimensionality_reduction:none,AR_scaling:maxabs,AR_imputation:median,AR_outlier_removal:none,RF",0.7898894154818326,0.0,1055*42,acorec-retrained
288,1494,target,"AR_dimensionality_reduction:pca,AR_scaling:standard,AR_feature_selection:variance_threshold,AR_encoding:none,AR_outlier_removal:zscore,AR_imputation:none,RF",0.8325434439178515,0.0,1055*42,acorec-retrained
289,1494,target,"AR_scaling:robust,AR_encoding:onehot,AR_imputation:constant,AR_feature_selection:none,AR_dimensionality_reduction:svd,AR_outlier_removal:zscore,RF",0.8293838862559241,0.0,1055*42,acorec-retrained
290,1494,target,"AR_dimensionality_reduction:svd,AR_imputation:constant,AR_scaling:maxabs,AR_encoding:onehot,AR_outlier_removal:iqr,AR_feature_selection:variance_threshold,RF",0.6951026856240127,0.0,1055*42,acorec-retrained
291,1496,target,"AR_outlier_removal:iqr,AR_feature_selection:mutual_info,AR_imputation:constant,AR_encoding:onehot,AR_scaling:none,AR_dimensionality_reduction:pca,RF",0.7166666666666668,0.0,5000*21,acorec-retrained
292,1496,target,"AR_feature_selection:variance_threshold,AR_dimensionality_reduction:pca,AR_imputation:mean,AR_encoding:none,AR_outlier_removal:isolation_forest,AR_scaling:robust,RF",0.7566666666666667,0.0,5000*21,acorec-retrained
293,1496,target,"AR_encoding:onehot,AR_dimensionality_reduction:pca,AR_scaling:robust,AR_imputation:knn,AR_feature_selection:k_best,AR_outlier_removal:lof,RF",0.7422222222222222,0.0,5000*21,acorec-retrained
294,1496,target,"AR_scaling:standard,AR_encoding:none,AR_feature_selection:variance_threshold,AR_imputation:knn,AR_outlier_removal:iqr,AR_dimensionality_reduction:svd,RF",0.7377777777777778,0.0,5000*21,acorec-retrained
295,1496,target,"AR_outlier_removal:isolation_forest,AR_dimensionality_reduction:none,AR_imputation:mean,AR_scaling:minmax,AR_encoding:onehot,AR_feature_selection:mutual_info,RF",0.7666666666666666,0.0,5000*21,acorec-retrained
296,1496,target,"AR_dimensionality_reduction:none,AR_outlier_removal:lof,AR_scaling:maxabs,AR_feature_selection:k_best,AR_encoding:onehot,AR_imputation:none,RF",0.7555555555555555,0.0,5000*21,acorec-retrained
297,1496,target,"AR_scaling:none,AR_encoding:onehot,AR_outlier_removal:iqr,AR_feature_selection:k_best,AR_imputation:none,AR_dimensionality_reduction:svd,RF",0.7366666666666667,0.0,5000*21,acorec-retrained
298,1496,target,"AR_scaling:minmax,AR_encoding:onehot,AR_outlier_removal:iqr,AR_feature_selection:mutual_info,AR_imputation:constant,AR_dimensionality_reduction:pca,RF",0.7233333333333333,0.0,5000*21,acorec-retrained
299,1496,target,"AR_dimensionality_reduction:svd,AR_outlier_removal:zscore,AR_imputation:none,AR_encoding:none,AR_feature_selection:variance_threshold,AR_scaling:none,RF",0.7611111111111112,0.0,5000*21,acorec-retrained
300,1496,target,"AR_feature_selection:mutual_info,AR_imputation:most_frequent,AR_encoding:onehot,AR_outlier_removal:none,AR_scaling:robust,AR_dimensionality_reduction:pca,RF",0.7477777777777778,0.0,5000*21,acorec-retrained
301,150,target,"AR_outlier_removal:zscore,AR_dimensionality_reduction:pca,AR_imputation:mean,AR_feature_selection:variance_threshold,AR_scaling:robust,AR_encoding:onehot,RF",0.6744444444444445,0.0,5000*55,acorec-retrained
302,150,target,"AR_encoding:onehot,AR_outlier_removal:zscore,AR_feature_selection:none,AR_scaling:robust,AR_dimensionality_reduction:svd,AR_imputation:constant,RF",0.6755555555555555,0.0,5000*55,acorec-retrained
303,150,target,"AR_scaling:standard,AR_feature_selection:mutual_info,AR_outlier_removal:iqr,AR_dimensionality_reduction:svd,AR_imputation:none,AR_encoding:onehot,RF",0.6833333333333332,0.0,5000*55,acorec-retrained
304,150,target,"AR_feature_selection:variance_threshold,AR_encoding:onehot,AR_dimensionality_reduction:svd,AR_scaling:standard,AR_outlier_removal:none,AR_imputation:none,RF",0.6777777777777777,0.0,5000*55,acorec-retrained
305,150,target,"AR_outlier_removal:none,AR_imputation:constant,AR_encoding:onehot,AR_dimensionality_reduction:pca,AR_scaling:robust,AR_feature_selection:k_best,RF",0.6888888888888888,0.0,5000*55,acorec-retrained
306,150,target,"AR_encoding:onehot,AR_outlier_removal:none,AR_dimensionality_reduction:none,AR_feature_selection:none,AR_imputation:constant,AR_scaling:none,RF",0.6788888888888889,0.0,5000*55,acorec-retrained
307,150,target,"AR_feature_selection:k_best,AR_scaling:none,AR_dimensionality_reduction:none,AR_outlier_removal:isolation_forest,AR_imputation:median,AR_encoding:onehot,RF",0.6644444444444444,0.0,5000*55,acorec-retrained
308,150,target,"AR_imputation:median,AR_scaling:none,AR_dimensionality_reduction:pca,AR_feature_selection:mutual_info,AR_outlier_removal:isolation_forest,AR_encoding:onehot,RF",0.6622222222222222,0.0,5000*55,acorec-retrained
309,150,target,"AR_dimensionality_reduction:none,AR_scaling:none,AR_encoding:onehot,AR_imputation:most_frequent,AR_outlier_removal:none,AR_feature_selection:none,RF",0.6788888888888889,0.0,5000*55,acorec-retrained
310,150,target,"AR_encoding:onehot,AR_feature_selection:k_best,AR_scaling:standard,AR_imputation:none,AR_dimensionality_reduction:svd,AR_outlier_removal:none,RF",0.69,0.0,5000*55,acorec-retrained
311,1508,target,"AR_feature_selection:mutual_info,AR_imputation:none,AR_outlier_removal:none,AR_scaling:robust,AR_encoding:onehot,AR_dimensionality_reduction:svd,RF",0.8708333333333332,0.0,403*6,acorec-retrained
312,1508,target,"AR_feature_selection:k_best,AR_outlier_removal:none,AR_scaling:robust,AR_encoding:onehot,AR_imputation:none,AR_dimensionality_reduction:pca,RF",0.8708333333333332,0.0,403*6,acorec-retrained
313,1508,target,"AR_scaling:none,AR_encoding:onehot,AR_imputation:mean,AR_outlier_removal:lof,AR_dimensionality_reduction:svd,AR_feature_selection:none,RF",0.8250000000000001,0.0,403*6,acorec-retrained
314,1508,target,"AR_scaling:standard,AR_encoding:onehot,AR_dimensionality_reduction:svd,AR_imputation:knn,AR_feature_selection:none,AR_outlier_removal:none,RF",0.9,0.0,403*6,acorec-retrained
315,1508,target,"AR_outlier_removal:iqr,AR_imputation:none,AR_encoding:onehot,AR_dimensionality_reduction:none,AR_scaling:robust,AR_feature_selection:none,RF",0.8666666666666667,0.0,403*6,acorec-retrained
316,1508,target,"AR_dimensionality_reduction:pca,AR_outlier_removal:zscore,AR_encoding:onehot,AR_imputation:median,AR_feature_selection:variance_threshold,AR_scaling:standard,RF",0.9,0.0,403*6,acorec-retrained
317,1508,target,"AR_scaling:maxabs,AR_outlier_removal:iqr,AR_dimensionality_reduction:none,AR_feature_selection:mutual_info,AR_imputation:mean,AR_encoding:none,RF",0.8208333333333333,0.0,403*6,acorec-retrained
318,1508,target,"AR_feature_selection:none,AR_scaling:standard,AR_dimensionality_reduction:svd,AR_encoding:none,AR_outlier_removal:iqr,AR_imputation:none,RF",0.9,0.0,403*6,acorec-retrained
319,1508,target,"AR_dimensionality_reduction:pca,AR_feature_selection:variance_threshold,AR_scaling:none,AR_imputation:constant,AR_outlier_removal:zscore,AR_encoding:onehot,RF",0.8250000000000001,0.0,403*6,acorec-retrained
320,1508,target,"AR_feature_selection:variance_threshold,AR_imputation:knn,AR_encoding:none,AR_dimensionality_reduction:svd,AR_scaling:minmax,AR_outlier_removal:isolation_forest,RF",0.8125,0.0,403*6,acorec-retrained
321,1510,target,"AR_feature_selection:variance_threshold,AR_dimensionality_reduction:none,AR_scaling:minmax,AR_outlier_removal:none,AR_encoding:onehot,AR_imputation:constant,RF",0.9705014749262536,0.0,569*31,acorec-retrained
322,1510,target,"AR_outlier_removal:isolation_forest,AR_dimensionality_reduction:svd,AR_imputation:none,AR_scaling:maxabs,AR_encoding:onehot,AR_feature_selection:variance_threshold,RF",0.9528023598820058,0.0,569*31,acorec-retrained
323,1510,target,"AR_dimensionality_reduction:svd,AR_outlier_removal:iqr,AR_encoding:onehot,AR_scaling:none,AR_feature_selection:variance_threshold,AR_imputation:most_frequent,RF",0.943952802359882,0.0,569*31,acorec-retrained
324,1510,target,"AR_imputation:most_frequent,AR_outlier_removal:isolation_forest,AR_scaling:none,AR_feature_selection:mutual_info,AR_dimensionality_reduction:none,AR_encoding:none,RF",0.9469026548672567,0.0,569*31,acorec-retrained
325,1510,target,"AR_outlier_removal:iqr,AR_feature_selection:none,AR_imputation:median,AR_scaling:robust,AR_encoding:onehot,AR_dimensionality_reduction:none,RF",0.9823008849557522,0.0,569*31,acorec-retrained
326,1510,target,"AR_scaling:standard,AR_imputation:most_frequent,AR_dimensionality_reduction:svd,AR_feature_selection:none,AR_outlier_removal:none,AR_encoding:none,RF",0.9823008849557522,0.0,569*31,acorec-retrained
327,1510,target,"AR_outlier_removal:lof,AR_feature_selection:none,AR_scaling:robust,AR_encoding:none,AR_dimensionality_reduction:pca,AR_imputation:none,RF",0.9852507374631267,0.0,569*31,acorec-retrained
328,1510,target,"AR_imputation:most_frequent,AR_encoding:onehot,AR_scaling:minmax,AR_dimensionality_reduction:pca,AR_feature_selection:mutual_info,AR_outlier_removal:iqr,RF",0.9646017699115045,0.0,569*31,acorec-retrained
329,1510,target,"AR_scaling:none,AR_imputation:mean,AR_encoding:onehot,AR_feature_selection:mutual_info,AR_outlier_removal:isolation_forest,AR_dimensionality_reduction:svd,RF",0.9469026548672567,0.0,569*31,acorec-retrained
330,1510,target,"AR_scaling:robust,AR_imputation:mean,AR_feature_selection:mutual_info,AR_outlier_removal:iqr,AR_dimensionality_reduction:none,AR_encoding:onehot,RF",0.9793510324483776,0.0,569*31,acorec-retrained
331,1511,target,"AR_outlier_removal:zscore,AR_encoding:onehot,AR_dimensionality_reduction:pca,AR_scaling:none,AR_imputation:constant,AR_feature_selection:mutual_info,RF",0.9166666666666666,0.0,440*9,acorec-retrained
332,1511,target,"AR_encoding:onehot,AR_feature_selection:k_best,AR_scaling:standard,AR_outlier_removal:none,AR_dimensionality_reduction:pca,AR_imputation:none,RF",0.9166666666666666,0.0,440*9,acorec-retrained
333,1511,target,"AR_feature_selection:variance_threshold,AR_imputation:mean,AR_dimensionality_reduction:pca,AR_scaling:minmax,AR_encoding:onehot,AR_outlier_removal:lof,RF",0.6704545454545454,0.0,440*9,acorec-retrained
334,1511,target,"AR_outlier_removal:isolation_forest,AR_encoding:onehot,AR_feature_selection:variance_threshold,AR_scaling:robust,AR_dimensionality_reduction:pca,AR_imputation:most_frequent,RF",0.9280303030303031,0.0,440*9,acorec-retrained
335,1511,target,"AR_encoding:onehot,AR_imputation:most_frequent,AR_outlier_removal:zscore,AR_dimensionality_reduction:svd,AR_feature_selection:none,AR_scaling:none,RF",0.9166666666666666,0.0,440*9,acorec-retrained
336,1511,target,"AR_encoding:onehot,AR_imputation:mean,AR_dimensionality_reduction:pca,AR_scaling:standard,AR_outlier_removal:iqr,AR_feature_selection:variance_threshold,RF",0.9128787878787877,0.0,440*9,acorec-retrained
337,1511,target,"AR_encoding:onehot,AR_scaling:minmax,AR_dimensionality_reduction:svd,AR_feature_selection:none,AR_imputation:knn,AR_outlier_removal:zscore,RF",0.9053030303030303,0.0,440*9,acorec-retrained
338,1511,target,"AR_outlier_removal:none,AR_imputation:none,AR_encoding:onehot,AR_scaling:none,AR_feature_selection:k_best,AR_dimensionality_reduction:svd,RF",0.912878787878788,0.0,440*9,acorec-retrained
339,1511,target,"AR_scaling:standard,AR_imputation:mean,AR_dimensionality_reduction:svd,AR_feature_selection:none,AR_encoding:onehot,AR_outlier_removal:iqr,RF",0.9128787878787877,0.0,440*9,acorec-retrained
340,1511,target,"AR_encoding:onehot,AR_imputation:none,AR_dimensionality_reduction:pca,AR_scaling:robust,AR_outlier_removal:none,AR_feature_selection:variance_threshold,RF",0.912878787878788,0.0,440*9,acorec-retrained
341,1517,target,"AR_imputation:constant,AR_dimensionality_reduction:none,AR_feature_selection:mutual_info,AR_scaling:standard,AR_encoding:onehot,AR_outlier_removal:isolation_forest,RF",0.5925925925925927,0.0,47*91,acorec-retrained
342,1517,target,"AR_dimensionality_reduction:pca,AR_feature_selection:none,AR_encoding:onehot,AR_scaling:robust,AR_outlier_removal:lof,AR_imputation:knn,RF",0.6666666666666666,0.0,47*91,acorec-retrained
343,1517,target,"AR_feature_selection:mutual_info,AR_scaling:standard,AR_dimensionality_reduction:svd,AR_imputation:mean,AR_encoding:onehot,AR_outlier_removal:isolation_forest,RF",0.5925925925925927,0.0,47*91,acorec-retrained
344,1517,target,"AR_dimensionality_reduction:pca,AR_imputation:mean,AR_outlier_removal:none,AR_feature_selection:mutual_info,AR_scaling:maxabs,AR_encoding:onehot,RF",0.5925925925925927,0.0,47*91,acorec-retrained
345,1517,target,"AR_dimensionality_reduction:svd,AR_encoding:onehot,AR_outlier_removal:lof,AR_scaling:robust,AR_imputation:mean,AR_feature_selection:k_best,RF",0.6666666666666666,0.0,47*91,acorec-retrained
346,1517,target,"AR_outlier_removal:zscore,AR_scaling:minmax,AR_feature_selection:mutual_info,AR_imputation:none,AR_dimensionality_reduction:pca,AR_encoding:onehot,RF",0.5185185185185185,0.0,47*91,acorec-retrained
347,1517,target,"AR_encoding:onehot,AR_dimensionality_reduction:pca,AR_scaling:none,AR_outlier_removal:none,AR_imputation:median,AR_feature_selection:mutual_info,RF",0.6296296296296297,0.0,47*91,acorec-retrained
348,1517,target,"AR_scaling:minmax,AR_feature_selection:mutual_info,AR_dimensionality_reduction:pca,AR_encoding:none,AR_imputation:knn,AR_outlier_removal:none,RF",0.5555555555555555,0.0,47*91,acorec-retrained
349,1517,target,"AR_imputation:none,AR_feature_selection:mutual_info,AR_scaling:maxabs,AR_dimensionality_reduction:none,AR_encoding:onehot,AR_outlier_removal:none,RF",0.5555555555555556,0.0,47*91,acorec-retrained
350,1517,target,"AR_encoding:onehot,AR_dimensionality_reduction:pca,AR_feature_selection:mutual_info,AR_scaling:minmax,AR_imputation:constant,AR_outlier_removal:zscore,RF",0.5185185185185185,0.0,47*91,acorec-retrained
351,1532,target,"AR_dimensionality_reduction:svd,AR_feature_selection:none,AR_encoding:none,AR_outlier_removal:none,AR_imputation:median,AR_scaling:robust,RF",0.96,0.0,5000*4,acorec-retrained
352,1532,target,"AR_feature_selection:variance_threshold,AR_outlier_removal:zscore,AR_imputation:constant,AR_dimensionality_reduction:none,AR_encoding:onehot,AR_scaling:robust,RF",0.958888888888889,0.0,5000*4,acorec-retrained
353,1532,target,"AR_outlier_removal:zscore,AR_scaling:minmax,AR_imputation:none,AR_feature_selection:k_best,AR_encoding:onehot,AR_dimensionality_reduction:svd,RF",0.9566666666666667,0.0,5000*4,acorec-retrained
354,1532,target,"AR_outlier_removal:iqr,AR_imputation:median,AR_scaling:minmax,AR_dimensionality_reduction:none,AR_feature_selection:mutual_info,AR_encoding:none,RF",0.9566666666666667,0.0,5000*4,acorec-retrained
355,1532,target,"AR_dimensionality_reduction:none,AR_encoding:onehot,AR_imputation:most_frequent,AR_outlier_removal:iqr,AR_feature_selection:variance_threshold,AR_scaling:maxabs,RF",0.9566666666666667,0.0,5000*4,acorec-retrained
356,1532,target,"AR_dimensionality_reduction:svd,AR_feature_selection:k_best,AR_encoding:onehot,AR_scaling:standard,AR_imputation:most_frequent,AR_outlier_removal:none,RF",0.96,0.0,5000*4,acorec-retrained
357,1532,target,"AR_encoding:onehot,AR_imputation:knn,AR_outlier_removal:zscore,AR_dimensionality_reduction:svd,AR_scaling:none,AR_feature_selection:mutual_info,RF",0.9566666666666667,0.0,5000*4,acorec-retrained
358,1532,target,"AR_dimensionality_reduction:pca,AR_outlier_removal:none,AR_scaling:minmax,AR_encoding:onehot,AR_feature_selection:k_best,AR_imputation:knn,RF",0.958888888888889,0.0,5000*4,acorec-retrained
359,1532,target,"AR_scaling:robust,AR_imputation:mean,AR_dimensionality_reduction:pca,AR_outlier_removal:isolation_forest,AR_feature_selection:variance_threshold,AR_encoding:onehot,RF",0.96,0.0,5000*4,acorec-retrained
360,1532,target,"AR_feature_selection:none,AR_dimensionality_reduction:pca,AR_outlier_removal:none,AR_imputation:mean,AR_scaling:standard,AR_encoding:none,RF",0.96,0.0,5000*4,acorec-retrained
361,1537,target,"AR_scaling:maxabs,AR_dimensionality_reduction:none,AR_feature_selection:none,AR_encoding:onehot,AR_outlier_removal:lof,AR_imputation:none,RF",0.9688888888888889,0.0,5000*4,acorec-retrained
362,1537,target,"AR_scaling:robust,AR_feature_selection:k_best,AR_dimensionality_reduction:pca,AR_imputation:most_frequent,AR_outlier_removal:iqr,AR_encoding:none,RF",0.9722222222222223,0.0,5000*4,acorec-retrained
363,1537,target,"AR_dimensionality_reduction:pca,AR_feature_selection:mutual_info,AR_scaling:none,AR_encoding:onehot,AR_imputation:knn,AR_outlier_removal:zscore,RF",0.9688888888888889,0.0,5000*4,acorec-retrained
364,1537,target,"AR_encoding:onehot,AR_feature_selection:mutual_info,AR_dimensionality_reduction:none,AR_scaling:standard,AR_imputation:knn,AR_outlier_removal:none,RF",0.9744444444444444,0.0,5000*4,acorec-retrained
365,1537,target,"AR_outlier_removal:lof,AR_dimensionality_reduction:svd,AR_scaling:maxabs,AR_encoding:onehot,AR_imputation:knn,AR_feature_selection:variance_threshold,RF",0.9688888888888889,0.0,5000*4,acorec-retrained
366,1537,target,"AR_dimensionality_reduction:svd,AR_feature_selection:k_best,AR_imputation:constant,AR_outlier_removal:iqr,AR_scaling:standard,AR_encoding:onehot,RF",0.9722222222222223,0.0,5000*4,acorec-retrained
367,1537,target,"AR_outlier_removal:zscore,AR_imputation:most_frequent,AR_dimensionality_reduction:svd,AR_scaling:maxabs,AR_feature_selection:variance_threshold,AR_encoding:onehot,RF",0.9688888888888889,0.0,5000*4,acorec-retrained
368,1537,target,"AR_encoding:onehot,AR_imputation:median,AR_dimensionality_reduction:pca,AR_scaling:minmax,AR_feature_selection:k_best,AR_outlier_removal:iqr,RF",0.9688888888888889,0.0,5000*4,acorec-retrained
369,1537,target,"AR_feature_selection:none,AR_outlier_removal:isolation_forest,AR_scaling:none,AR_imputation:most_frequent,AR_encoding:none,AR_dimensionality_reduction:pca,RF",0.9688888888888889,0.0,5000*4,acorec-retrained
370,1537,target,"AR_outlier_removal:isolation_forest,AR_dimensionality_reduction:none,AR_scaling:standard,AR_imputation:most_frequent,AR_feature_selection:variance_threshold,AR_encoding:onehot,RF",0.971111111111111,0.0,5000*4,acorec-retrained
371,180,target,"AR_imputation:constant,AR_scaling:none,AR_dimensionality_reduction:svd,AR_encoding:onehot,AR_outlier_removal:zscore,AR_feature_selection:mutual_info,RF",0.6022222222222222,0.0,5000*55,acorec-retrained
372,180,target,"AR_outlier_removal:iqr,AR_dimensionality_reduction:svd,AR_encoding:onehot,AR_feature_selection:k_best,AR_imputation:mean,AR_scaling:none,RF",0.6677777777777778,0.0,5000*55,acorec-retrained
373,180,target,"AR_imputation:mean,AR_encoding:onehot,AR_feature_selection:mutual_info,AR_dimensionality_reduction:svd,AR_outlier_removal:lof,AR_scaling:minmax,RF",0.6422222222222222,0.0,5000*55,acorec-retrained
374,180,target,"AR_encoding:onehot,AR_feature_selection:variance_threshold,AR_dimensionality_reduction:none,AR_outlier_removal:iqr,AR_scaling:minmax,AR_imputation:most_frequent,RF",0.6577777777777777,0.0,5000*55,acorec-retrained
375,180,target,"AR_imputation:median,AR_feature_selection:variance_threshold,AR_scaling:none,AR_dimensionality_reduction:svd,AR_outlier_removal:isolation_forest,AR_encoding:onehot,RF",0.6522222222222221,0.0,5000*55,acorec-retrained
376,180,target,"AR_dimensionality_reduction:svd,AR_scaling:none,AR_feature_selection:none,AR_outlier_removal:iqr,AR_encoding:onehot,AR_imputation:mean,RF",0.6577777777777777,0.0,5000*55,acorec-retrained
377,180,target,"AR_scaling:none,AR_encoding:onehot,AR_imputation:knn,AR_outlier_removal:zscore,AR_feature_selection:none,AR_dimensionality_reduction:pca,RF",0.6755555555555556,0.0,5000*55,acorec-retrained
378,180,target,"AR_outlier_removal:lof,AR_dimensionality_reduction:svd,AR_feature_selection:none,AR_scaling:minmax,AR_imputation:none,AR_encoding:onehot,RF",0.6133333333333333,0.0,5000*55,acorec-retrained
379,180,target,"AR_feature_selection:variance_threshold,AR_imputation:none,AR_outlier_removal:lof,AR_scaling:none,AR_encoding:onehot,AR_dimensionality_reduction:none,RF",0.6633333333333333,0.0,5000*55,acorec-retrained
380,180,target,"AR_scaling:robust,AR_encoding:onehot,AR_feature_selection:k_best,AR_outlier_removal:none,AR_imputation:most_frequent,AR_dimensionality_reduction:pca,RF",0.6722222222222222,0.0,5000*55,acorec-retrained
381,23512,target,"AR_feature_selection:variance_threshold,AR_imputation:knn,AR_scaling:minmax,AR_encoding:none,AR_outlier_removal:none,AR_dimensionality_reduction:pca,RF",0.5333333333333333,0.0,5000*29,acorec-retrained
382,23512,target,"AR_imputation:constant,AR_encoding:none,AR_feature_selection:none,AR_scaling:none,AR_outlier_removal:zscore,AR_dimensionality_reduction:pca,RF",0.55,0.0,5000*29,acorec-retrained
383,23512,target,"AR_feature_selection:mutual_info,AR_dimensionality_reduction:svd,AR_imputation:none,AR_outlier_removal:zscore,AR_encoding:onehot,AR_scaling:maxabs,RF",0.5544444444444444,0.0,5000*29,acorec-retrained
384,23512,target,"AR_scaling:standard,AR_outlier_removal:none,AR_dimensionality_reduction:svd,AR_encoding:onehot,AR_feature_selection:k_best,AR_imputation:mean,RF",0.5533333333333333,0.0,5000*29,acorec-retrained
385,23512,target,"AR_scaling:maxabs,AR_imputation:most_frequent,AR_outlier_removal:none,AR_feature_selection:k_best,AR_dimensionality_reduction:none,AR_encoding:onehot,RF",0.5866666666666667,0.0,5000*29,acorec-retrained
386,23512,target,"AR_outlier_removal:lof,AR_imputation:median,AR_dimensionality_reduction:none,AR_feature_selection:mutual_info,AR_encoding:none,AR_scaling:minmax,RF",0.6033333333333334,0.0,5000*29,acorec-retrained
387,23512,target,"AR_scaling:minmax,AR_feature_selection:k_best,AR_outlier_removal:iqr,AR_imputation:none,AR_dimensionality_reduction:pca,AR_encoding:onehot,RF",0.5633333333333334,0.0,5000*29,acorec-retrained
388,23512,target,"AR_imputation:mean,AR_dimensionality_reduction:pca,AR_outlier_removal:zscore,AR_feature_selection:k_best,AR_encoding:onehot,AR_scaling:none,RF",0.5588888888888889,0.0,5000*29,acorec-retrained
389,23512,target,"AR_outlier_removal:none,AR_feature_selection:variance_threshold,AR_imputation:none,AR_encoding:onehot,AR_dimensionality_reduction:svd,AR_scaling:maxabs,RF",0.5355555555555555,0.0,5000*29,acorec-retrained
390,23512,target,"AR_imputation:none,AR_scaling:robust,AR_dimensionality_reduction:none,AR_encoding:onehot,AR_feature_selection:variance_threshold,AR_outlier_removal:isolation_forest,RF",0.6266666666666666,0.0,5000*29,acorec-retrained
391,254,target,"AR_encoding:onehot,AR_outlier_removal:lof,AR_feature_selection:none,AR_imputation:knn,AR_scaling:minmax,AR_dimensionality_reduction:none,RF",0.7433333333333333,0.0,5000*48,acorec-retrained
392,254,target,"AR_dimensionality_reduction:svd,AR_imputation:none,AR_scaling:robust,AR_outlier_removal:lof,AR_feature_selection:variance_threshold,AR_encoding:none,RF",0.6422222222222222,0.0,5000*48,acorec-retrained
393,254,target,"AR_feature_selection:k_best,AR_encoding:onehot,AR_scaling:minmax,AR_imputation:constant,AR_outlier_removal:zscore,AR_dimensionality_reduction:none,RF",0.6655555555555556,0.0,5000*48,acorec-retrained
394,254,target,"AR_feature_selection:mutual_info,AR_scaling:robust,AR_imputation:knn,AR_encoding:onehot,AR_outlier_removal:none,AR_dimensionality_reduction:svd,RF",0.6377777777777777,0.0,5000*48,acorec-retrained
395,254,target,"AR_encoding:none,AR_feature_selection:k_best,AR_dimensionality_reduction:pca,AR_scaling:minmax,AR_outlier_removal:iqr,AR_imputation:knn,RF",0.61,0.0,5000*48,acorec-retrained
396,254,target,"AR_feature_selection:mutual_info,AR_dimensionality_reduction:none,AR_imputation:median,AR_outlier_removal:iqr,AR_encoding:none,AR_scaling:robust,RF",0.5944444444444444,0.0,5000*48,acorec-retrained
397,254,target,"AR_scaling:none,AR_imputation:none,AR_encoding:onehot,AR_feature_selection:k_best,AR_dimensionality_reduction:svd,AR_outlier_removal:isolation_forest,RF",0.6155555555555555,0.0,5000*48,acorec-retrained
398,254,target,"AR_dimensionality_reduction:none,AR_outlier_removal:isolation_forest,AR_encoding:onehot,AR_imputation:knn,AR_scaling:none,AR_feature_selection:variance_threshold,RF",0.6966666666666667,0.0,5000*48,acorec-retrained
399,254,target,"AR_imputation:median,AR_encoding:onehot,AR_outlier_removal:lof,AR_feature_selection:mutual_info,AR_scaling:robust,AR_dimensionality_reduction:svd,RF",0.6377777777777777,0.0,5000*48,acorec-retrained
400,254,target,"AR_encoding:onehot,AR_imputation:none,AR_scaling:standard,AR_dimensionality_reduction:none,AR_outlier_removal:lof,AR_feature_selection:mutual_info,RF",0.6711111111111112,0.0,5000*48,acorec-retrained
401,278,target,"AR_feature_selection:none,AR_encoding:none,AR_outlier_removal:none,AR_scaling:minmax,AR_imputation:mean,AR_dimensionality_reduction:pca,RF",0.9285714285714285,0.0,71*63,acorec-retrained
402,278,target,"AR_scaling:none,AR_imputation:none,AR_dimensionality_reduction:pca,AR_encoding:onehot,AR_outlier_removal:lof,AR_feature_selection:k_best,RF",0.6666666666666666,0.0,71*63,acorec-retrained
403,278,target,"AR_outlier_removal:none,AR_scaling:standard,AR_encoding:onehot,AR_imputation:none,AR_dimensionality_reduction:svd,AR_feature_selection:none,RF",0.9047619047619048,0.0,71*63,acorec-retrained
404,278,target,"AR_imputation:none,AR_scaling:none,AR_dimensionality_reduction:pca,AR_feature_selection:none,AR_outlier_removal:none,AR_encoding:none,RF",0.8809523809523809,0.0,71*63,acorec-retrained
405,278,target,"AR_feature_selection:variance_threshold,AR_scaling:minmax,AR_outlier_removal:isolation_forest,AR_imputation:none,AR_dimensionality_reduction:pca,AR_encoding:onehot,RF",0.9047619047619048,0.0,71*63,acorec-retrained
406,278,target,"AR_outlier_removal:isolation_forest,AR_scaling:standard,AR_imputation:most_frequent,AR_feature_selection:mutual_info,AR_encoding:none,AR_dimensionality_reduction:pca,RF",0.9285714285714285,0.0,71*63,acorec-retrained
407,278,target,"AR_encoding:none,AR_imputation:constant,AR_scaling:minmax,AR_outlier_removal:isolation_forest,AR_dimensionality_reduction:pca,AR_feature_selection:mutual_info,RF",0.9047619047619048,0.0,71*63,acorec-retrained
408,278,target,"AR_outlier_removal:none,AR_feature_selection:variance_threshold,AR_dimensionality_reduction:pca,AR_encoding:none,AR_imputation:constant,AR_scaling:none,RF",0.8571428571428571,0.0,71*63,acorec-retrained
409,278,target,"AR_outlier_removal:lof,AR_scaling:none,AR_imputation:median,AR_encoding:none,AR_dimensionality_reduction:none,AR_feature_selection:variance_threshold,RF",0.6666666666666666,0.0,71*63,acorec-retrained
410,278,target,"AR_scaling:none,AR_imputation:knn,AR_outlier_removal:none,AR_feature_selection:variance_threshold,AR_encoding:onehot,AR_dimensionality_reduction:none,RF",0.8571428571428571,0.0,71*63,acorec-retrained
411,285,target,"AR_scaling:robust,AR_feature_selection:none,AR_imputation:constant,AR_encoding:onehot,AR_dimensionality_reduction:none,AR_outlier_removal:iqr,RF",0.6666666666666666,0.0,186*29,acorec-retrained
412,285,target,"AR_imputation:mean,AR_feature_selection:k_best,AR_outlier_removal:lof,AR_encoding:onehot,AR_scaling:none,AR_dimensionality_reduction:svd,RF",0.6936936936936937,0.0,186*29,acorec-retrained
413,285,target,"AR_encoding:onehot,AR_feature_selection:mutual_info,AR_scaling:none,AR_outlier_removal:iqr,AR_dimensionality_reduction:pca,AR_imputation:constant,RF",0.6396396396396397,0.0,186*29,acorec-retrained
414,285,target,"AR_feature_selection:mutual_info,AR_encoding:onehot,AR_imputation:mean,AR_scaling:none,AR_dimensionality_reduction:svd,AR_outlier_removal:lof,RF",0.6396396396396397,0.0,186*29,acorec-retrained
415,285,target,"AR_dimensionality_reduction:none,AR_feature_selection:mutual_info,AR_outlier_removal:iqr,AR_imputation:median,AR_encoding:onehot,AR_scaling:maxabs,RF",0.7117117117117117,0.0,186*29,acorec-retrained
416,285,target,"AR_feature_selection:variance_threshold,AR_dimensionality_reduction:svd,AR_scaling:robust,AR_encoding:onehot,AR_imputation:median,AR_outlier_removal:isolation_forest,RF",0.6936936936936937,0.0,186*29,acorec-retrained
417,285,target,"AR_encoding:onehot,AR_feature_selection:k_best,AR_scaling:robust,AR_outlier_removal:zscore,AR_dimensionality_reduction:pca,AR_imputation:most_frequent,RF",0.7567567567567567,0.0,186*29,acorec-retrained
418,285,target,"AR_feature_selection:none,AR_imputation:none,AR_outlier_removal:none,AR_dimensionality_reduction:pca,AR_encoding:onehot,AR_scaling:robust,RF",0.6756756756756755,0.0,186*29,acorec-retrained
419,285,target,"AR_scaling:none,AR_imputation:mean,AR_encoding:onehot,AR_dimensionality_reduction:svd,AR_feature_selection:variance_threshold,AR_outlier_removal:lof,RF",0.6396396396396397,0.0,186*29,acorec-retrained
420,285,target,"AR_scaling:robust,AR_feature_selection:variance_threshold,AR_encoding:onehot,AR_dimensionality_reduction:svd,AR_imputation:constant,AR_outlier_removal:iqr,RF",0.6666666666666666,0.0,186*29,acorec-retrained
421,342,target,"AR_outlier_removal:none,AR_dimensionality_reduction:pca,AR_scaling:robust,AR_encoding:onehot,AR_feature_selection:variance_threshold,AR_imputation:constant,RF",0.8148148148148149,0.0,48*24,acorec-retrained
422,342,target,"AR_outlier_removal:none,AR_encoding:onehot,AR_imputation:most_frequent,AR_feature_selection:variance_threshold,AR_scaling:none,AR_dimensionality_reduction:none,RF",0.8518518518518517,0.0,48*24,acorec-retrained
423,342,target,"AR_outlier_removal:none,AR_dimensionality_reduction:svd,AR_imputation:median,AR_encoding:onehot,AR_feature_selection:mutual_info,AR_scaling:minmax,RF",0.7037037037037037,0.0,48*24,acorec-retrained
424,342,target,"AR_dimensionality_reduction:none,AR_feature_selection:variance_threshold,AR_encoding:onehot,AR_outlier_removal:none,AR_imputation:median,AR_scaling:none,RF",0.8888888888888888,0.0,48*24,acorec-retrained
425,342,target,"AR_feature_selection:k_best,AR_scaling:none,AR_dimensionality_reduction:none,AR_encoding:onehot,AR_imputation:most_frequent,AR_outlier_removal:none,RF",0.7777777777777777,0.0,48*24,acorec-retrained
426,342,target,"AR_imputation:constant,AR_feature_selection:k_best,AR_encoding:onehot,AR_outlier_removal:none,AR_scaling:minmax,AR_dimensionality_reduction:pca,RF",0.7407407407407408,0.0,48*24,acorec-retrained
427,342,target,"AR_scaling:none,AR_feature_selection:k_best,AR_encoding:onehot,AR_dimensionality_reduction:pca,AR_outlier_removal:iqr,AR_imputation:median,RF",0.9259259259259259,0.0,48*24,acorec-retrained
428,342,target,"AR_outlier_removal:lof,AR_dimensionality_reduction:pca,AR_scaling:none,AR_imputation:constant,AR_feature_selection:mutual_info,AR_encoding:onehot,RF",0.7407407407407408,0.0,48*24,acorec-retrained
429,342,target,"AR_outlier_removal:isolation_forest,AR_encoding:onehot,AR_imputation:median,AR_dimensionality_reduction:pca,AR_scaling:robust,AR_feature_selection:variance_threshold,RF",0.8148148148148148,0.0,48*24,acorec-retrained
430,342,target,"AR_outlier_removal:none,AR_encoding:onehot,AR_dimensionality_reduction:pca,AR_feature_selection:variance_threshold,AR_scaling:maxabs,AR_imputation:median,RF",0.7777777777777777,0.0,48*24,acorec-retrained
431,35,target,"AR_outlier_removal:zscore,AR_imputation:most_frequent,AR_encoding:onehot,AR_dimensionality_reduction:svd,AR_feature_selection:mutual_info,AR_scaling:robust,RF",0.9360730593607305,0.0,366*35,acorec-retrained
432,35,target,"AR_scaling:standard,AR_imputation:median,AR_outlier_removal:zscore,AR_dimensionality_reduction:pca,AR_encoding:onehot,AR_feature_selection:mutual_info,RF",0.9360730593607305,0.0,366*35,acorec-retrained
433,35,target,"AR_imputation:most_frequent,AR_encoding:onehot,AR_feature_selection:mutual_info,AR_scaling:standard,AR_dimensionality_reduction:pca,AR_outlier_removal:lof,RF",0.9315068493150686,0.0,366*35,acorec-retrained
434,35,target,"AR_feature_selection:none,AR_outlier_removal:zscore,AR_scaling:maxabs,AR_encoding:onehot,AR_imputation:knn,AR_dimensionality_reduction:none,RF",0.9680365296803654,0.0,366*35,acorec-retrained
435,35,target,"AR_outlier_removal:isolation_forest,AR_imputation:mean,AR_scaling:maxabs,AR_dimensionality_reduction:pca,AR_encoding:onehot,AR_feature_selection:variance_threshold,RF",0.9634703196347032,0.0,366*35,acorec-retrained
436,35,target,"AR_feature_selection:none,AR_outlier_removal:none,AR_dimensionality_reduction:none,AR_imputation:knn,AR_encoding:onehot,AR_scaling:standard,RF",0.9680365296803654,0.0,366*35,acorec-retrained
437,35,target,"AR_imputation:constant,AR_outlier_removal:iqr,AR_dimensionality_reduction:svd,AR_scaling:minmax,AR_feature_selection:variance_threshold,AR_encoding:onehot,RF",0.9680365296803654,0.0,366*35,acorec-retrained
438,35,target,"AR_dimensionality_reduction:none,AR_feature_selection:variance_threshold,AR_outlier_removal:iqr,AR_encoding:onehot,AR_imputation:most_frequent,AR_scaling:none,RF",0.958904109589041,0.0,366*35,acorec-retrained
439,35,target,"AR_encoding:onehot,AR_imputation:mean,AR_dimensionality_reduction:pca,AR_outlier_removal:none,AR_scaling:none,AR_feature_selection:mutual_info,RF",0.9360730593607305,0.0,366*35,acorec-retrained
440,35,target,"AR_encoding:onehot,AR_imputation:mean,AR_dimensionality_reduction:pca,AR_feature_selection:k_best,AR_scaling:none,AR_outlier_removal:zscore,RF",0.8493150684931506,0.0,366*35,acorec-retrained
441,39,target,"AR_outlier_removal:none,AR_dimensionality_reduction:svd,AR_feature_selection:none,AR_encoding:none,AR_scaling:none,AR_imputation:constant,RF",0.8686868686868686,0.0,332*8,acorec-retrained
442,39,target,"AR_imputation:most_frequent,AR_encoding:onehot,AR_outlier_removal:none,AR_feature_selection:none,AR_scaling:minmax,AR_dimensionality_reduction:svd,RF",0.8787878787878788,0.0,332*8,acorec-retrained
443,39,target,"AR_feature_selection:mutual_info,AR_encoding:onehot,AR_outlier_removal:iqr,AR_dimensionality_reduction:svd,AR_imputation:median,AR_scaling:maxabs,RF",0.8636363636363636,0.0,332*8,acorec-retrained
444,39,target,"AR_feature_selection:none,AR_dimensionality_reduction:none,AR_outlier_removal:iqr,AR_encoding:onehot,AR_imputation:knn,AR_scaling:minmax,RF",0.8838383838383838,0.0,332*8,acorec-retrained
445,39,target,"AR_imputation:constant,AR_feature_selection:mutual_info,AR_outlier_removal:lof,AR_encoding:onehot,AR_dimensionality_reduction:pca,AR_scaling:maxabs,RF",0.8787878787878788,0.0,332*8,acorec-retrained
446,39,target,"AR_feature_selection:mutual_info,AR_dimensionality_reduction:pca,AR_scaling:maxabs,AR_imputation:knn,AR_outlier_removal:isolation_forest,AR_encoding:onehot,RF",0.8686868686868686,0.0,332*8,acorec-retrained
447,39,target,"AR_imputation:none,AR_feature_selection:mutual_info,AR_dimensionality_reduction:svd,AR_outlier_removal:isolation_forest,AR_scaling:none,AR_encoding:onehot,RF",0.8737373737373737,0.0,332*8,acorec-retrained
448,39,target,"AR_feature_selection:mutual_info,AR_encoding:onehot,AR_dimensionality_reduction:svd,AR_outlier_removal:lof,AR_imputation:knn,AR_scaling:maxabs,RF",0.8787878787878788,0.0,332*8,acorec-retrained
449,39,target,"AR_dimensionality_reduction:none,AR_encoding:onehot,AR_scaling:maxabs,AR_feature_selection:k_best,AR_imputation:none,AR_outlier_removal:iqr,RF",0.8636363636363636,0.0,332*8,acorec-retrained
450,39,target,"AR_dimensionality_reduction:none,AR_encoding:none,AR_outlier_removal:none,AR_feature_selection:k_best,AR_scaling:maxabs,AR_imputation:most_frequent,RF",0.8737373737373737,0.0,332*8,acorec-retrained
451,40475,target,"AR_outlier_removal:isolation_forest,AR_imputation:median,AR_dimensionality_reduction:pca,AR_scaling:minmax,AR_encoding:onehot,AR_feature_selection:k_best,RF",0.7222222222222223,0.0,2800*27,acorec-retrained
452,40475,target,"AR_encoding:onehot,AR_scaling:robust,AR_imputation:constant,AR_feature_selection:none,AR_dimensionality_reduction:svd,AR_outlier_removal:iqr,RF",0.7233333333333333,0.0,2800*27,acorec-retrained
453,40475,target,"AR_imputation:constant,AR_dimensionality_reduction:none,AR_encoding:onehot,AR_scaling:maxabs,AR_feature_selection:mutual_info,AR_outlier_removal:isolation_forest,RF",0.721111111111111,0.0,2800*27,acorec-retrained
454,40475,target,"AR_outlier_removal:none,AR_imputation:none,AR_dimensionality_reduction:svd,AR_encoding:onehot,AR_feature_selection:k_best,AR_scaling:robust,RF",0.7388888888888889,0.0,2800*27,acorec-retrained
455,40475,target,"AR_imputation:knn,AR_scaling:maxabs,AR_encoding:onehot,AR_dimensionality_reduction:svd,AR_outlier_removal:none,AR_feature_selection:variance_threshold,RF",0.71,0.0,2800*27,acorec-retrained
456,40475,target,"AR_imputation:median,AR_scaling:minmax,AR_outlier_removal:lof,AR_encoding:onehot,AR_dimensionality_reduction:pca,AR_feature_selection:variance_threshold,RF",0.7188888888888889,0.0,2800*27,acorec-retrained
457,40475,target,"AR_feature_selection:mutual_info,AR_imputation:constant,AR_outlier_removal:lof,AR_dimensionality_reduction:svd,AR_encoding:onehot,AR_scaling:none,RF",0.73,0.0,2800*27,acorec-retrained
458,40475,target,"AR_dimensionality_reduction:svd,AR_feature_selection:mutual_info,AR_imputation:constant,AR_outlier_removal:iqr,AR_scaling:robust,AR_encoding:onehot,RF",0.7166666666666667,0.0,2800*27,acorec-retrained
459,40475,target,"AR_imputation:median,AR_feature_selection:variance_threshold,AR_outlier_removal:zscore,AR_encoding:onehot,AR_scaling:minmax,AR_dimensionality_reduction:pca,RF",0.7000000000000001,0.0,2800*27,acorec-retrained
460,40475,target,"AR_feature_selection:mutual_info,AR_scaling:minmax,AR_imputation:none,AR_outlier_removal:isolation_forest,AR_dimensionality_reduction:pca,AR_encoding:onehot,RF",0.7255555555555556,0.0,2800*27,acorec-retrained
461,40516,target,"AR_outlier_removal:iqr,AR_dimensionality_reduction:svd,AR_feature_selection:none,AR_scaling:robust,AR_encoding:onehot,AR_imputation:none,RF",0.8866666666666667,0.0,5000*65,acorec-retrained
462,40516,target,"AR_dimensionality_reduction:pca,AR_imputation:none,AR_encoding:onehot,AR_feature_selection:k_best,AR_scaling:robust,AR_outlier_removal:isolation_forest,RF",0.7688888888888888,0.0,5000*65,acorec-retrained
463,40516,target,"AR_imputation:constant,AR_encoding:onehot,AR_scaling:robust,AR_feature_selection:k_best,AR_dimensionality_reduction:none,AR_outlier_removal:none,RF",0.7688888888888888,0.0,5000*65,acorec-retrained
464,40516,target,"AR_dimensionality_reduction:pca,AR_feature_selection:variance_threshold,AR_outlier_removal:none,AR_encoding:onehot,AR_imputation:mean,AR_scaling:standard,RF",0.8877777777777777,0.0,5000*65,acorec-retrained
465,40516,target,"AR_scaling:standard,AR_feature_selection:none,AR_imputation:none,AR_encoding:onehot,AR_outlier_removal:none,AR_dimensionality_reduction:none,RF",0.8866666666666667,0.0,5000*65,acorec-retrained
466,40516,target,"AR_encoding:onehot,AR_feature_selection:none,AR_scaling:robust,AR_dimensionality_reduction:svd,AR_outlier_removal:iqr,AR_imputation:none,RF",0.8866666666666667,0.0,5000*65,acorec-retrained
467,40516,target,"AR_encoding:onehot,AR_scaling:minmax,AR_outlier_removal:isolation_forest,AR_imputation:median,AR_feature_selection:mutual_info,AR_dimensionality_reduction:pca,RF",0.7744444444444444,0.0,5000*65,acorec-retrained
468,40516,target,"AR_outlier_removal:lof,AR_imputation:most_frequent,AR_dimensionality_reduction:none,AR_encoding:onehot,AR_scaling:robust,AR_feature_selection:mutual_info,RF",0.7744444444444444,0.0,5000*65,acorec-retrained
469,40516,target,"AR_outlier_removal:isolation_forest,AR_scaling:minmax,AR_feature_selection:mutual_info,AR_dimensionality_reduction:pca,AR_encoding:onehot,AR_imputation:median,RF",0.7744444444444444,0.0,5000*65,acorec-retrained
470,40516,target,"AR_dimensionality_reduction:pca,AR_imputation:none,AR_feature_selection:variance_threshold,AR_scaling:none,AR_outlier_removal:lof,AR_encoding:onehot,RF",0.8877777777777777,0.0,5000*65,acorec-retrained
471,40518,target,"AR_dimensionality_reduction:pca,AR_scaling:robust,AR_imputation:mean,AR_encoding:onehot,AR_feature_selection:mutual_info,AR_outlier_removal:iqr,RF",0.8922222222222222,0.0,5000*35,acorec-retrained
472,40518,target,"AR_scaling:robust,AR_imputation:constant,AR_encoding:onehot,AR_outlier_removal:zscore,AR_feature_selection:variance_threshold,AR_dimensionality_reduction:pca,RF",0.9288888888888889,0.0,5000*35,acorec-retrained
473,40518,target,"AR_dimensionality_reduction:svd,AR_outlier_removal:iqr,AR_scaling:standard,AR_imputation:median,AR_feature_selection:none,AR_encoding:onehot,RF",0.9288888888888889,0.0,5000*35,acorec-retrained
474,40518,target,"AR_dimensionality_reduction:pca,AR_imputation:constant,AR_encoding:onehot,AR_scaling:standard,AR_feature_selection:variance_threshold,AR_outlier_removal:zscore,RF",0.9288888888888889,0.0,5000*35,acorec-retrained
475,40518,target,"AR_dimensionality_reduction:none,AR_imputation:knn,AR_encoding:onehot,AR_feature_selection:k_best,AR_outlier_removal:lof,AR_scaling:standard,RF",0.9011111111111111,0.0,5000*35,acorec-retrained
476,40518,target,"AR_imputation:none,AR_dimensionality_reduction:none,AR_feature_selection:mutual_info,AR_encoding:onehot,AR_scaling:standard,AR_outlier_removal:lof,RF",0.8922222222222222,0.0,5000*35,acorec-retrained
477,40518,target,"AR_outlier_removal:none,AR_dimensionality_reduction:pca,AR_scaling:maxabs,AR_feature_selection:none,AR_encoding:onehot,AR_imputation:none,RF",0.9288888888888889,0.0,5000*35,acorec-retrained
478,40518,target,"AR_outlier_removal:iqr,AR_encoding:onehot,AR_scaling:robust,AR_imputation:none,AR_dimensionality_reduction:pca,AR_feature_selection:k_best,RF",0.9011111111111111,0.0,5000*35,acorec-retrained
479,40518,target,"AR_scaling:none,AR_feature_selection:k_best,AR_outlier_removal:iqr,AR_dimensionality_reduction:svd,AR_imputation:none,AR_encoding:onehot,RF",0.9011111111111111,0.0,5000*35,acorec-retrained
480,40518,target,"AR_feature_selection:k_best,AR_scaling:none,AR_outlier_removal:zscore,AR_dimensionality_reduction:svd,AR_imputation:knn,AR_encoding:onehot,RF",0.9011111111111111,0.0,5000*35,acorec-retrained
481,40536,target,"AR_dimensionality_reduction:pca,AR_scaling:standard,AR_imputation:most_frequent,AR_feature_selection:variance_threshold,AR_encoding:onehot,AR_outlier_removal:isolation_forest,RF",0.8533333333333334,0.0,5000*121,acorec-retrained
482,40536,target,"AR_encoding:onehot,AR_dimensionality_reduction:svd,AR_scaling:maxabs,AR_feature_selection:mutual_info,AR_imputation:knn,AR_outlier_removal:iqr,RF",0.8333333333333334,0.0,5000*121,acorec-retrained
483,40536,target,"AR_scaling:minmax,AR_outlier_removal:none,AR_imputation:median,AR_encoding:onehot,AR_dimensionality_reduction:svd,AR_feature_selection:none,RF",0.8477777777777776,0.0,5000*121,acorec-retrained
484,40536,target,"AR_encoding:onehot,AR_dimensionality_reduction:pca,AR_scaling:none,AR_feature_selection:mutual_info,AR_outlier_removal:none,AR_imputation:mean,RF",0.8577777777777778,0.0,5000*121,acorec-retrained
485,40536,target,"AR_feature_selection:none,AR_outlier_removal:iqr,AR_encoding:onehot,AR_imputation:most_frequent,AR_dimensionality_reduction:pca,AR_scaling:minmax,RF",0.8344444444444444,0.0,5000*121,acorec-retrained
486,40536,target,"AR_dimensionality_reduction:none,AR_feature_selection:mutual_info,AR_outlier_removal:lof,AR_imputation:median,AR_encoding:onehot,AR_scaling:robust,RF",0.8533333333333334,0.0,5000*121,acorec-retrained
487,40536,target,"AR_dimensionality_reduction:svd,AR_imputation:most_frequent,AR_feature_selection:variance_threshold,AR_scaling:none,AR_outlier_removal:lof,AR_encoding:onehot,RF",0.8411111111111111,0.0,5000*121,acorec-retrained
488,40536,target,"AR_imputation:constant,AR_outlier_removal:isolation_forest,AR_scaling:robust,AR_encoding:onehot,AR_feature_selection:mutual_info,AR_dimensionality_reduction:pca,RF",0.8522222222222222,0.0,5000*121,acorec-retrained
489,40536,target,"AR_dimensionality_reduction:svd,AR_feature_selection:mutual_info,AR_scaling:none,AR_outlier_removal:none,AR_imputation:median,AR_encoding:onehot,RF",0.8544444444444445,0.0,5000*121,acorec-retrained
490,40536,target,"AR_feature_selection:none,AR_encoding:onehot,AR_dimensionality_reduction:svd,AR_scaling:none,AR_outlier_removal:none,AR_imputation:median,RF",0.8455555555555555,0.0,5000*121,acorec-retrained
491,40648,target,"AR_dimensionality_reduction:svd,AR_outlier_removal:zscore,AR_imputation:constant,AR_encoding:onehot,AR_feature_selection:none,AR_scaling:none,RF",0.5311111111111111,0.0,1600*21,acorec-retrained
492,40648,target,"AR_dimensionality_reduction:pca,AR_imputation:median,AR_outlier_removal:isolation_forest,AR_feature_selection:none,AR_encoding:onehot,AR_scaling:robust,RF",0.5311111111111111,0.0,1600*21,acorec-retrained
493,40648,target,"AR_scaling:none,AR_encoding:onehot,AR_outlier_removal:iqr,AR_imputation:none,AR_feature_selection:mutual_info,AR_dimensionality_reduction:none,RF",0.5333333333333333,0.0,1600*21,acorec-retrained
494,40648,target,"AR_dimensionality_reduction:svd,AR_outlier_removal:isolation_forest,AR_encoding:onehot,AR_imputation:most_frequent,AR_feature_selection:k_best,AR_scaling:robust,RF",0.5111111111111111,0.0,1600*21,acorec-retrained
495,40648,target,"AR_scaling:maxabs,AR_outlier_removal:lof,AR_dimensionality_reduction:svd,AR_encoding:onehot,AR_imputation:none,AR_feature_selection:mutual_info,RF",0.5333333333333333,0.0,1600*21,acorec-retrained
496,40648,target,"AR_feature_selection:none,AR_scaling:robust,AR_imputation:none,AR_dimensionality_reduction:svd,AR_encoding:onehot,AR_outlier_removal:none,RF",0.5311111111111111,0.0,1600*21,acorec-retrained
497,40648,target,"AR_feature_selection:variance_threshold,AR_dimensionality_reduction:none,AR_imputation:median,AR_encoding:onehot,AR_outlier_removal:zscore,AR_scaling:robust,RF",0.5344444444444444,0.0,1600*21,acorec-retrained
498,40648,target,"AR_scaling:minmax,AR_dimensionality_reduction:none,AR_feature_selection:k_best,AR_imputation:none,AR_outlier_removal:zscore,AR_encoding:onehot,RF",0.5111111111111111,0.0,1600*21,acorec-retrained
499,40648,target,"AR_outlier_removal:iqr,AR_dimensionality_reduction:pca,AR_feature_selection:mutual_info,AR_scaling:none,AR_encoding:onehot,AR_imputation:none,RF",0.5333333333333333,0.0,1600*21,acorec-retrained
500,40648,target,"AR_imputation:median,AR_dimensionality_reduction:svd,AR_scaling:minmax,AR_feature_selection:variance_threshold,AR_outlier_removal:iqr,AR_encoding:onehot,RF",0.5344444444444444,0.0,1600*21,acorec-retrained
501,40691,target,"AR_dimensionality_reduction:svd,AR_feature_selection:variance_threshold,AR_imputation:knn,AR_encoding:onehot,AR_outlier_removal:lof,AR_scaling:none,RF",0.6022222222222222,0.0,1599*12,acorec-retrained
502,40691,target,"AR_feature_selection:k_best,AR_imputation:most_frequent,AR_dimensionality_reduction:svd,AR_encoding:onehot,AR_outlier_removal:isolation_forest,AR_scaling:minmax,RF",0.5922222222222221,0.0,1599*12,acorec-retrained
503,40691,target,"AR_scaling:maxabs,AR_imputation:median,AR_dimensionality_reduction:none,AR_encoding:onehot,AR_outlier_removal:isolation_forest,AR_feature_selection:k_best,RF",0.5822222222222222,0.0,1599*12,acorec-retrained
504,40691,target,"AR_imputation:knn,AR_scaling:none,AR_feature_selection:none,AR_outlier_removal:zscore,AR_dimensionality_reduction:svd,AR_encoding:onehot,RF",0.601111111111111,0.0,1599*12,acorec-retrained
505,40691,target,"AR_dimensionality_reduction:pca,AR_scaling:maxabs,AR_feature_selection:mutual_info,AR_outlier_removal:none,AR_imputation:mean,AR_encoding:onehot,RF",0.5744444444444444,0.0,1599*12,acorec-retrained
506,40691,target,"AR_imputation:constant,AR_feature_selection:variance_threshold,AR_scaling:minmax,AR_dimensionality_reduction:none,AR_outlier_removal:iqr,AR_encoding:none,RF",0.5755555555555555,0.0,1599*12,acorec-retrained
507,40691,target,"AR_scaling:robust,AR_outlier_removal:isolation_forest,AR_dimensionality_reduction:svd,AR_feature_selection:mutual_info,AR_imputation:median,AR_encoding:onehot,RF",0.6066666666666666,0.0,1599*12,acorec-retrained
508,40691,target,"AR_scaling:robust,AR_imputation:median,AR_dimensionality_reduction:svd,AR_feature_selection:none,AR_encoding:onehot,AR_outlier_removal:isolation_forest,RF",0.6066666666666666,0.0,1599*12,acorec-retrained
509,40691,target,"AR_imputation:none,AR_outlier_removal:none,AR_encoding:none,AR_scaling:robust,AR_feature_selection:none,AR_dimensionality_reduction:svd,RF",0.6122222222222221,0.0,1599*12,acorec-retrained
510,40691,target,"AR_imputation:constant,AR_outlier_removal:lof,AR_feature_selection:mutual_info,AR_dimensionality_reduction:svd,AR_scaling:robust,AR_encoding:none,RF",0.6077777777777779,0.0,1599*12,acorec-retrained
511,40971,target,"AR_encoding:none,AR_feature_selection:variance_threshold,AR_imputation:none,AR_scaling:maxabs,AR_outlier_removal:lof,AR_dimensionality_reduction:svd,RF",0.19499999999999998,0.0,1000*20,acorec-retrained
512,40971,target,"AR_encoding:onehot,AR_imputation:none,AR_feature_selection:mutual_info,AR_scaling:robust,AR_outlier_removal:lof,AR_dimensionality_reduction:svd,RF",0.23500000000000001,0.0,1000*20,acorec-retrained
513,40971,target,"AR_imputation:median,AR_feature_selection:none,AR_outlier_removal:none,AR_encoding:onehot,AR_dimensionality_reduction:pca,AR_scaling:minmax,RF",0.19999999999999998,0.0,1000*20,acorec-retrained
514,40971,target,"AR_encoding:onehot,AR_dimensionality_reduction:pca,AR_scaling:minmax,AR_outlier_removal:iqr,AR_feature_selection:none,AR_imputation:most_frequent,RF",0.15666666666666665,0.0,1000*20,acorec-retrained
515,40971,target,"AR_dimensionality_reduction:pca,AR_feature_selection:mutual_info,AR_imputation:most_frequent,AR_scaling:minmax,AR_encoding:onehot,AR_outlier_removal:iqr,RF",0.15666666666666665,0.0,1000*20,acorec-retrained
516,40971,target,"AR_dimensionality_reduction:pca,AR_scaling:robust,AR_outlier_removal:none,AR_feature_selection:none,AR_imputation:knn,AR_encoding:onehot,RF",0.2383333333333333,0.0,1000*20,acorec-retrained
517,40971,target,"AR_dimensionality_reduction:none,AR_encoding:onehot,AR_imputation:none,AR_outlier_removal:isolation_forest,AR_feature_selection:variance_threshold,AR_scaling:standard,RF",0.25666666666666665,0.0,1000*20,acorec-retrained
518,40971,target,"AR_imputation:knn,AR_scaling:robust,AR_encoding:onehot,AR_dimensionality_reduction:svd,AR_outlier_removal:isolation_forest,AR_feature_selection:k_best,RF",0.2316666666666667,0.0,1000*20,acorec-retrained
519,40971,target,"AR_imputation:none,AR_outlier_removal:none,AR_scaling:standard,AR_encoding:none,AR_feature_selection:none,AR_dimensionality_reduction:none,RF",0.255,0.0,1000*20,acorec-retrained
520,40971,target,"AR_feature_selection:mutual_info,AR_outlier_removal:none,AR_scaling:robust,AR_imputation:mean,AR_dimensionality_reduction:pca,AR_encoding:none,RF",0.2383333333333333,0.0,1000*20,acorec-retrained
521,4153,target,"AR_encoding:onehot,AR_scaling:standard,AR_imputation:most_frequent,AR_outlier_removal:zscore,AR_feature_selection:mutual_info,AR_dimensionality_reduction:svd,RF",0.7222222222222223,0.0,180*67,acorec-retrained
522,4153,target,"AR_dimensionality_reduction:svd,AR_feature_selection:variance_threshold,AR_scaling:maxabs,AR_imputation:none,AR_outlier_removal:iqr,AR_encoding:onehot,RF",0.6388888888888888,0.0,180*67,acorec-retrained
523,4153,target,"AR_feature_selection:k_best,AR_outlier_removal:lof,AR_encoding:onehot,AR_scaling:minmax,AR_imputation:most_frequent,AR_dimensionality_reduction:none,RF",0.8148148148148149,0.0,180*67,acorec-retrained
524,4153,target,"AR_encoding:onehot,AR_scaling:robust,AR_dimensionality_reduction:none,AR_outlier_removal:isolation_forest,AR_feature_selection:none,AR_imputation:knn,RF",0.9537037037037037,0.0,180*67,acorec-retrained
525,4153,target,"AR_imputation:mean,AR_dimensionality_reduction:pca,AR_encoding:onehot,AR_scaling:maxabs,AR_feature_selection:mutual_info,AR_outlier_removal:isolation_forest,RF",0.7407407407407408,0.0,180*67,acorec-retrained
526,4153,target,"AR_encoding:onehot,AR_feature_selection:none,AR_outlier_removal:none,AR_scaling:none,AR_imputation:median,AR_dimensionality_reduction:svd,RF",0.9074074074074074,0.0,180*67,acorec-retrained
527,4153,target,"AR_outlier_removal:none,AR_encoding:none,AR_dimensionality_reduction:pca,AR_scaling:minmax,AR_imputation:knn,AR_feature_selection:mutual_info,RF",0.6574074074074074,0.0,180*67,acorec-retrained
528,4153,target,"AR_feature_selection:none,AR_encoding:onehot,AR_scaling:robust,AR_dimensionality_reduction:pca,AR_imputation:most_frequent,AR_outlier_removal:zscore,RF",0.9351851851851851,0.0,180*67,acorec-retrained
529,4153,target,"AR_encoding:onehot,AR_dimensionality_reduction:none,AR_outlier_removal:none,AR_imputation:constant,AR_scaling:none,AR_feature_selection:mutual_info,RF",0.7037037037037037,0.0,180*67,acorec-retrained
530,4153,target,"AR_imputation:most_frequent,AR_feature_selection:k_best,AR_outlier_removal:isolation_forest,AR_scaling:maxabs,AR_encoding:none,AR_dimensionality_reduction:none,RF",0.7962962962962963,0.0,180*67,acorec-retrained
531,41583,target,"AR_dimensionality_reduction:none,AR_encoding:onehot,AR_scaling:none,AR_outlier_removal:none,AR_imputation:median,AR_feature_selection:variance_threshold,RF",0.9777777777777779,0.0,150*5,acorec-retrained
532,41583,target,"AR_outlier_removal:isolation_forest,AR_feature_selection:none,AR_dimensionality_reduction:pca,AR_imputation:none,AR_encoding:onehot,AR_scaling:minmax,RF",0.9111111111111111,0.0,150*5,acorec-retrained
533,41583,target,"AR_dimensionality_reduction:svd,AR_scaling:none,AR_encoding:onehot,AR_imputation:most_frequent,AR_outlier_removal:lof,AR_feature_selection:k_best,RF",0.9777777777777779,0.0,150*5,acorec-retrained
534,41583,target,"AR_scaling:minmax,AR_feature_selection:mutual_info,AR_outlier_removal:iqr,AR_dimensionality_reduction:pca,AR_encoding:onehot,AR_imputation:mean,RF",0.9111111111111111,0.0,150*5,acorec-retrained
535,41583,target,"AR_encoding:onehot,AR_scaling:none,AR_imputation:mean,AR_feature_selection:k_best,AR_outlier_removal:lof,AR_dimensionality_reduction:pca,RF",0.9777777777777779,0.0,150*5,acorec-retrained
536,41583,target,"AR_scaling:standard,AR_dimensionality_reduction:pca,AR_outlier_removal:none,AR_imputation:knn,AR_encoding:onehot,AR_feature_selection:k_best,RF",0.9666666666666667,0.0,150*5,acorec-retrained
537,41583,target,"AR_encoding:none,AR_imputation:most_frequent,AR_scaling:minmax,AR_feature_selection:k_best,AR_outlier_removal:none,AR_dimensionality_reduction:svd,RF",0.9111111111111111,0.0,150*5,acorec-retrained
538,41583,target,"AR_feature_selection:mutual_info,AR_imputation:knn,AR_encoding:onehot,AR_outlier_removal:iqr,AR_scaling:none,AR_dimensionality_reduction:svd,RF",0.9777777777777779,0.0,150*5,acorec-retrained
539,41583,target,"AR_encoding:onehot,AR_scaling:maxabs,AR_outlier_removal:none,AR_feature_selection:mutual_info,AR_dimensionality_reduction:svd,AR_imputation:median,RF",0.9222222222222222,0.0,150*5,acorec-retrained
540,41583,target,"AR_feature_selection:mutual_info,AR_encoding:none,AR_imputation:knn,AR_scaling:none,AR_outlier_removal:lof,AR_dimensionality_reduction:svd,RF",0.9777777777777779,0.0,150*5,acorec-retrained
541,42,target,"AR_dimensionality_reduction:pca,AR_encoding:onehot,AR_imputation:none,AR_outlier_removal:zscore,AR_feature_selection:none,AR_scaling:robust,RF",0.9460784313725491,0.0,683*36,acorec-retrained
542,42,target,"AR_encoding:onehot,AR_outlier_removal:zscore,AR_feature_selection:none,AR_scaling:minmax,AR_dimensionality_reduction:pca,AR_imputation:constant,RF",0.9460784313725491,0.0,683*36,acorec-retrained
543,42,target,"AR_feature_selection:none,AR_dimensionality_reduction:none,AR_scaling:minmax,AR_outlier_removal:iqr,AR_imputation:knn,AR_encoding:onehot,RF",0.9460784313725491,0.0,683*36,acorec-retrained
544,42,target,"AR_encoding:onehot,AR_feature_selection:mutual_info,AR_dimensionality_reduction:none,AR_outlier_removal:lof,AR_scaling:none,AR_imputation:mean,RF",0.801470588235294,0.0,683*36,acorec-retrained
545,42,target,"AR_imputation:none,AR_dimensionality_reduction:svd,AR_scaling:maxabs,AR_encoding:onehot,AR_outlier_removal:iqr,AR_feature_selection:variance_threshold,RF",0.9460784313725491,0.0,683*36,acorec-retrained
546,42,target,"AR_dimensionality_reduction:pca,AR_encoding:onehot,AR_scaling:none,AR_outlier_removal:iqr,AR_feature_selection:none,AR_imputation:none,RF",0.9460784313725491,0.0,683*36,acorec-retrained
547,42,target,"AR_encoding:onehot,AR_feature_selection:k_best,AR_outlier_removal:none,AR_scaling:standard,AR_imputation:mean,AR_dimensionality_reduction:none,RF",0.3406862745098039,0.0,683*36,acorec-retrained
548,42,target,"AR_feature_selection:k_best,AR_scaling:standard,AR_imputation:knn,AR_outlier_removal:isolation_forest,AR_dimensionality_reduction:pca,AR_encoding:onehot,RF",0.3406862745098039,0.0,683*36,acorec-retrained
549,42,target,"AR_encoding:onehot,AR_scaling:robust,AR_imputation:most_frequent,AR_outlier_removal:iqr,AR_dimensionality_reduction:svd,AR_feature_selection:mutual_info,RF",0.801470588235294,0.0,683*36,acorec-retrained
550,42,target,"AR_scaling:robust,AR_feature_selection:none,AR_encoding:onehot,AR_dimensionality_reduction:svd,AR_outlier_removal:lof,AR_imputation:none,RF",0.9460784313725491,0.0,683*36,acorec-retrained
551,44,target,"AR_dimensionality_reduction:pca,AR_outlier_removal:zscore,AR_feature_selection:mutual_info,AR_encoding:onehot,AR_imputation:most_frequent,AR_scaling:none,RF",0.8799999999999999,0.0,4601*58,acorec-retrained
552,44,target,"AR_outlier_removal:lof,AR_encoding:none,AR_dimensionality_reduction:none,AR_feature_selection:k_best,AR_imputation:none,AR_scaling:none,RF",0.9022222222222221,0.0,4601*58,acorec-retrained
553,44,target,"AR_dimensionality_reduction:none,AR_scaling:minmax,AR_encoding:none,AR_imputation:constant,AR_feature_selection:variance_threshold,AR_outlier_removal:none,RF",0.7911111111111112,0.0,4601*58,acorec-retrained
554,44,target,"AR_imputation:median,AR_feature_selection:mutual_info,AR_encoding:onehot,AR_outlier_removal:zscore,AR_scaling:none,AR_dimensionality_reduction:pca,RF",0.8799999999999999,0.0,4601*58,acorec-retrained
555,44,target,"AR_encoding:onehot,AR_feature_selection:k_best,AR_scaling:maxabs,AR_imputation:none,AR_outlier_removal:zscore,AR_dimensionality_reduction:none,RF",0.8322222222222222,0.0,4601*58,acorec-retrained
556,44,target,"AR_outlier_removal:zscore,AR_feature_selection:variance_threshold,AR_dimensionality_reduction:none,AR_scaling:maxabs,AR_encoding:onehot,AR_imputation:mean,RF",0.7377777777777778,0.0,4601*58,acorec-retrained
557,44,target,"AR_encoding:none,AR_dimensionality_reduction:none,AR_feature_selection:k_best,AR_outlier_removal:zscore,AR_imputation:none,AR_scaling:maxabs,RF",0.8322222222222222,0.0,4601*58,acorec-retrained
558,44,target,"AR_encoding:none,AR_feature_selection:variance_threshold,AR_dimensionality_reduction:pca,AR_imputation:most_frequent,AR_scaling:none,AR_outlier_removal:none,RF",0.8722222222222222,0.0,4601*58,acorec-retrained
559,44,target,"AR_dimensionality_reduction:pca,AR_encoding:none,AR_scaling:maxabs,AR_feature_selection:k_best,AR_outlier_removal:iqr,AR_imputation:most_frequent,RF",0.7600000000000001,0.0,4601*58,acorec-retrained
560,44,target,"AR_dimensionality_reduction:none,AR_outlier_removal:zscore,AR_encoding:onehot,AR_scaling:standard,AR_imputation:none,AR_feature_selection:k_best,RF",0.9066666666666666,0.0,4601*58,acorec-retrained
561,454,target,"AR_dimensionality_reduction:none,AR_outlier_removal:isolation_forest,AR_feature_selection:k_best,AR_scaling:none,AR_imputation:median,AR_encoding:onehot,RF",0.9154228855721392,0.0,1340*17,acorec-retrained
562,454,target,"AR_imputation:most_frequent,AR_encoding:onehot,AR_scaling:maxabs,AR_dimensionality_reduction:svd,AR_feature_selection:variance_threshold,AR_outlier_removal:none,RF",0.9241293532338308,0.0,1340*17,acorec-retrained
563,454,target,"AR_dimensionality_reduction:pca,AR_feature_selection:none,AR_outlier_removal:iqr,AR_encoding:onehot,AR_imputation:constant,AR_scaling:maxabs,RF",0.8893034825870648,0.0,1340*17,acorec-retrained
564,454,target,"AR_feature_selection:variance_threshold,AR_outlier_removal:none,AR_encoding:onehot,AR_dimensionality_reduction:none,AR_imputation:median,AR_scaling:maxabs,RF",0.9241293532338308,0.0,1340*17,acorec-retrained
565,454,target,"AR_outlier_removal:none,AR_feature_selection:none,AR_scaling:none,AR_imputation:knn,AR_encoding:onehot,AR_dimensionality_reduction:none,RF",0.9166666666666666,0.0,1340*17,acorec-retrained
566,454,target,"AR_feature_selection:mutual_info,AR_imputation:most_frequent,AR_encoding:onehot,AR_outlier_removal:zscore,AR_dimensionality_reduction:pca,AR_scaling:none,RF",0.9228855721393036,0.0,1340*17,acorec-retrained
567,454,target,"AR_outlier_removal:iqr,AR_scaling:minmax,AR_encoding:onehot,AR_feature_selection:none,AR_imputation:median,AR_dimensionality_reduction:none,RF",0.8930348258706468,0.0,1340*17,acorec-retrained
568,454,target,"AR_dimensionality_reduction:svd,AR_feature_selection:mutual_info,AR_scaling:maxabs,AR_outlier_removal:iqr,AR_encoding:onehot,AR_imputation:mean,RF",0.8893034825870648,0.0,1340*17,acorec-retrained
569,454,target,"AR_encoding:onehot,AR_imputation:constant,AR_dimensionality_reduction:svd,AR_scaling:minmax,AR_outlier_removal:iqr,AR_feature_selection:mutual_info,RF",0.8917910447761194,0.0,1340*17,acorec-retrained
570,454,target,"AR_scaling:robust,AR_feature_selection:k_best,AR_dimensionality_reduction:pca,AR_imputation:constant,AR_outlier_removal:iqr,AR_encoding:onehot,RF",0.9129353233830845,0.0,1340*17,acorec-retrained
571,457,target,"AR_dimensionality_reduction:pca,AR_scaling:maxabs,AR_imputation:knn,AR_feature_selection:variance_threshold,AR_outlier_removal:none,AR_encoding:onehot,RF",0.6666666666666666,0.0,25*3,acorec-retrained
572,457,target,"AR_encoding:onehot,AR_scaling:none,AR_imputation:knn,AR_feature_selection:k_best,AR_outlier_removal:lof,AR_dimensionality_reduction:none,RF",0.8666666666666667,0.0,25*3,acorec-retrained
573,457,target,"AR_encoding:onehot,AR_scaling:robust,AR_outlier_removal:isolation_forest,AR_imputation:knn,AR_feature_selection:k_best,AR_dimensionality_reduction:none,RF",0.8000000000000002,0.0,25*3,acorec-retrained
574,457,target,"AR_feature_selection:k_best,AR_imputation:none,AR_encoding:none,AR_scaling:standard,AR_outlier_removal:isolation_forest,AR_dimensionality_reduction:pca,RF",0.8666666666666667,0.0,25*3,acorec-retrained
575,457,target,"AR_scaling:maxabs,AR_encoding:onehot,AR_imputation:mean,AR_outlier_removal:none,AR_feature_selection:none,AR_dimensionality_reduction:pca,RF",0.6666666666666666,0.0,25*3,acorec-retrained
576,457,target,"AR_imputation:constant,AR_feature_selection:none,AR_scaling:none,AR_dimensionality_reduction:svd,AR_encoding:onehot,AR_outlier_removal:isolation_forest,RF",0.8666666666666667,0.0,25*3,acorec-retrained
577,457,target,"AR_scaling:none,AR_outlier_removal:iqr,AR_encoding:onehot,AR_dimensionality_reduction:none,AR_feature_selection:k_best,AR_imputation:most_frequent,RF",0.9333333333333332,0.0,25*3,acorec-retrained
578,457,target,"AR_feature_selection:none,AR_outlier_removal:none,AR_scaling:standard,AR_encoding:onehot,AR_dimensionality_reduction:pca,AR_imputation:median,RF",0.8000000000000002,0.0,25*3,acorec-retrained
579,457,target,"AR_imputation:none,AR_feature_selection:k_best,AR_scaling:maxabs,AR_dimensionality_reduction:svd,AR_encoding:onehot,AR_outlier_removal:isolation_forest,RF",0.6666666666666666,0.0,25*3,acorec-retrained
580,457,target,"AR_feature_selection:k_best,AR_imputation:none,AR_encoding:onehot,AR_dimensionality_reduction:none,AR_outlier_removal:zscore,AR_scaling:minmax,RF",0.6666666666666666,0.0,25*3,acorec-retrained
581,459,target,"AR_scaling:maxabs,AR_encoding:onehot,AR_feature_selection:k_best,AR_dimensionality_reduction:svd,AR_imputation:mean,AR_outlier_removal:zscore,RF",0.7916666666666666,0.0,83*4,acorec-retrained
582,459,target,"AR_encoding:onehot,AR_imputation:most_frequent,AR_feature_selection:mutual_info,AR_dimensionality_reduction:pca,AR_scaling:robust,AR_outlier_removal:none,RF",0.875,0.0,83*4,acorec-retrained
583,459,target,"AR_encoding:onehot,AR_imputation:mean,AR_outlier_removal:none,AR_scaling:none,AR_dimensionality_reduction:svd,AR_feature_selection:mutual_info,RF",0.875,0.0,83*4,acorec-retrained
584,459,target,"AR_feature_selection:k_best,AR_encoding:onehot,AR_scaling:maxabs,AR_imputation:constant,AR_outlier_removal:lof,AR_dimensionality_reduction:none,RF",0.8125,0.0,83*4,acorec-retrained
585,459,target,"AR_scaling:maxabs,AR_outlier_removal:lof,AR_encoding:onehot,AR_imputation:median,AR_dimensionality_reduction:pca,AR_feature_selection:k_best,RF",0.8125,0.0,83*4,acorec-retrained
586,459,target,"AR_feature_selection:mutual_info,AR_outlier_removal:isolation_forest,AR_imputation:none,AR_dimensionality_reduction:svd,AR_scaling:minmax,AR_encoding:onehot,RF",0.8125,0.0,83*4,acorec-retrained
587,459,target,"AR_encoding:onehot,AR_dimensionality_reduction:none,AR_imputation:mean,AR_feature_selection:k_best,AR_scaling:minmax,AR_outlier_removal:isolation_forest,RF",0.8125,0.0,83*4,acorec-retrained
588,459,target,"AR_imputation:none,AR_dimensionality_reduction:pca,AR_scaling:robust,AR_outlier_removal:isolation_forest,AR_encoding:onehot,AR_feature_selection:variance_threshold,RF",0.8958333333333334,0.0,83*4,acorec-retrained
589,459,target,"AR_feature_selection:none,AR_dimensionality_reduction:svd,AR_imputation:none,AR_encoding:onehot,AR_scaling:minmax,AR_outlier_removal:none,RF",0.7916666666666666,0.0,83*4,acorec-retrained
590,459,target,"AR_scaling:none,AR_outlier_removal:zscore,AR_encoding:onehot,AR_feature_selection:none,AR_dimensionality_reduction:none,AR_imputation:constant,RF",0.875,0.0,83*4,acorec-retrained
591,480,target,"AR_feature_selection:variance_threshold,AR_imputation:constant,AR_dimensionality_reduction:svd,AR_scaling:none,AR_outlier_removal:isolation_forest,AR_encoding:onehot,RF",1.0,0.0,58*19,acorec-retrained
592,480,target,"AR_scaling:minmax,AR_feature_selection:mutual_info,AR_dimensionality_reduction:pca,AR_imputation:mean,AR_outlier_removal:lof,AR_encoding:onehot,RF",1.0,0.0,58*19,acorec-retrained
593,480,target,"AR_feature_selection:k_best,AR_encoding:onehot,AR_outlier_removal:lof,AR_scaling:none,AR_dimensionality_reduction:none,AR_imputation:knn,RF",1.0,0.0,58*19,acorec-retrained
594,480,target,"AR_imputation:none,AR_dimensionality_reduction:pca,AR_scaling:maxabs,AR_outlier_removal:zscore,AR_encoding:onehot,AR_feature_selection:none,RF",0.9393939393939394,0.0,58*19,acorec-retrained
595,480,target,"AR_dimensionality_reduction:svd,AR_encoding:onehot,AR_scaling:none,AR_imputation:mean,AR_outlier_removal:none,AR_feature_selection:none,RF",1.0,0.0,58*19,acorec-retrained
596,480,target,"AR_encoding:onehot,AR_feature_selection:k_best,AR_outlier_removal:none,AR_scaling:maxabs,AR_imputation:none,AR_dimensionality_reduction:svd,RF",1.0,0.0,58*19,acorec-retrained
597,480,target,"AR_encoding:onehot,AR_outlier_removal:iqr,AR_imputation:none,AR_dimensionality_reduction:svd,AR_scaling:standard,AR_feature_selection:variance_threshold,RF",0.9696969696969697,0.0,58*19,acorec-retrained
598,480,target,"AR_dimensionality_reduction:pca,AR_encoding:onehot,AR_scaling:robust,AR_outlier_removal:zscore,AR_feature_selection:mutual_info,AR_imputation:constant,RF",1.0,0.0,58*19,acorec-retrained
599,480,target,"AR_dimensionality_reduction:pca,AR_feature_selection:k_best,AR_encoding:onehot,AR_imputation:none,AR_outlier_removal:none,AR_scaling:none,RF",1.0,0.0,58*19,acorec-retrained
600,480,target,"AR_encoding:onehot,AR_scaling:robust,AR_outlier_removal:none,AR_feature_selection:none,AR_dimensionality_reduction:svd,AR_imputation:knn,RF",1.0,0.0,58*19,acorec-retrained
601,49,target,"AR_dimensionality_reduction:pca,AR_imputation:knn,AR_encoding:onehot,AR_feature_selection:mutual_info,AR_scaling:standard,AR_outlier_removal:lof,RF",0.8444444444444444,0.0,303*14,acorec-retrained
602,49,target,"AR_dimensionality_reduction:svd,AR_outlier_removal:isolation_forest,AR_encoding:onehot,AR_imputation:mean,AR_feature_selection:variance_threshold,AR_scaling:minmax,RF",0.8111111111111112,0.0,303*14,acorec-retrained
603,49,target,"AR_encoding:onehot,AR_scaling:robust,AR_outlier_removal:none,AR_imputation:mean,AR_feature_selection:k_best,AR_dimensionality_reduction:svd,RF",0.8444444444444444,0.0,303*14,acorec-retrained
604,49,target,"AR_dimensionality_reduction:none,AR_imputation:constant,AR_encoding:onehot,AR_outlier_removal:none,AR_feature_selection:variance_threshold,AR_scaling:none,RF",0.8444444444444446,0.0,303*14,acorec-retrained
605,49,target,"AR_dimensionality_reduction:svd,AR_encoding:onehot,AR_feature_selection:none,AR_imputation:median,AR_scaling:none,AR_outlier_removal:isolation_forest,RF",0.8277777777777778,0.0,303*14,acorec-retrained
606,49,target,"AR_imputation:median,AR_encoding:onehot,AR_feature_selection:k_best,AR_outlier_removal:isolation_forest,AR_dimensionality_reduction:svd,AR_scaling:maxabs,RF",0.8111111111111112,0.0,303*14,acorec-retrained
607,49,target,"AR_dimensionality_reduction:svd,AR_imputation:median,AR_feature_selection:mutual_info,AR_encoding:onehot,AR_outlier_removal:none,AR_scaling:standard,RF",0.8444444444444446,0.0,303*14,acorec-retrained
608,49,target,"AR_outlier_removal:isolation_forest,AR_scaling:none,AR_imputation:mean,AR_dimensionality_reduction:none,AR_feature_selection:variance_threshold,AR_encoding:onehot,RF",0.8277777777777778,0.0,303*14,acorec-retrained
609,49,target,"AR_outlier_removal:zscore,AR_encoding:onehot,AR_dimensionality_reduction:svd,AR_scaling:none,AR_feature_selection:k_best,AR_imputation:median,RF",0.8388888888888889,0.0,303*14,acorec-retrained
610,49,target,"AR_encoding:onehot,AR_dimensionality_reduction:none,AR_feature_selection:mutual_info,AR_scaling:standard,AR_imputation:mean,AR_outlier_removal:iqr,RF",0.8555555555555555,0.0,303*14,acorec-retrained
611,5,target,"AR_outlier_removal:none,AR_imputation:median,AR_encoding:onehot,AR_feature_selection:mutual_info,AR_scaling:none,AR_dimensionality_reduction:pca,RF",0.6363636363636364,0.0,443*280,acorec-retrained
612,5,target,"AR_feature_selection:none,AR_scaling:standard,AR_encoding:onehot,AR_outlier_removal:none,AR_dimensionality_reduction:svd,AR_imputation:knn,RF",0.7083333333333334,0.0,443*280,acorec-retrained
613,5,target,"AR_outlier_removal:isolation_forest,AR_imputation:most_frequent,AR_dimensionality_reduction:none,AR_feature_selection:variance_threshold,AR_scaling:minmax,AR_encoding:onehot,RF",0.6856060606060606,0.0,443*280,acorec-retrained
614,5,target,"AR_imputation:mean,AR_dimensionality_reduction:svd,AR_outlier_removal:isolation_forest,AR_feature_selection:variance_threshold,AR_scaling:minmax,AR_encoding:onehot,RF",0.6363636363636364,0.0,443*280,acorec-retrained
615,5,target,"AR_outlier_removal:isolation_forest,AR_imputation:knn,AR_encoding:onehot,AR_feature_selection:k_best,AR_dimensionality_reduction:pca,AR_scaling:robust,RF",0.7386363636363636,0.0,443*280,acorec-retrained
616,5,target,"AR_dimensionality_reduction:svd,AR_encoding:onehot,AR_scaling:robust,AR_outlier_removal:none,AR_imputation:most_frequent,AR_feature_selection:k_best,RF",0.6931818181818182,0.0,443*280,acorec-retrained
617,5,target,"AR_imputation:knn,AR_feature_selection:none,AR_encoding:onehot,AR_scaling:none,AR_dimensionality_reduction:svd,AR_outlier_removal:isolation_forest,RF",0.6439393939393939,0.0,443*280,acorec-retrained
618,5,target,"AR_encoding:onehot,AR_scaling:minmax,AR_imputation:knn,AR_dimensionality_reduction:pca,AR_feature_selection:none,AR_outlier_removal:isolation_forest,RF",0.6590909090909092,0.0,443*280,acorec-retrained
619,5,target,"AR_feature_selection:mutual_info,AR_dimensionality_reduction:pca,AR_outlier_removal:iqr,AR_encoding:onehot,AR_imputation:constant,AR_scaling:none,RF",0.5719696969696969,0.0,443*280,acorec-retrained
620,5,target,"AR_imputation:most_frequent,AR_scaling:none,AR_dimensionality_reduction:pca,AR_feature_selection:none,AR_outlier_removal:none,AR_encoding:onehot,RF",0.6477272727272728,0.0,443*280,acorec-retrained
621,59,target,"AR_scaling:minmax,AR_imputation:knn,AR_dimensionality_reduction:none,AR_outlier_removal:isolation_forest,AR_encoding:onehot,AR_feature_selection:variance_threshold,RF",0.8714285714285714,0.0,351*35,acorec-retrained
622,59,target,"AR_outlier_removal:lof,AR_dimensionality_reduction:svd,AR_scaling:robust,AR_encoding:onehot,AR_imputation:mean,AR_feature_selection:variance_threshold,RF",0.8380952380952381,0.0,351*35,acorec-retrained
623,59,target,"AR_dimensionality_reduction:none,AR_scaling:none,AR_outlier_removal:iqr,AR_imputation:most_frequent,AR_encoding:none,AR_feature_selection:variance_threshold,RF",0.7904761904761904,0.0,351*35,acorec-retrained
624,59,target,"AR_outlier_removal:lof,AR_dimensionality_reduction:pca,AR_scaling:none,AR_feature_selection:k_best,AR_imputation:most_frequent,AR_encoding:onehot,RF",0.8523809523809524,0.0,351*35,acorec-retrained
625,59,target,"AR_outlier_removal:iqr,AR_encoding:onehot,AR_imputation:knn,AR_dimensionality_reduction:none,AR_scaling:robust,AR_feature_selection:none,RF",0.8095238095238094,0.0,351*35,acorec-retrained
626,59,target,"AR_dimensionality_reduction:svd,AR_encoding:onehot,AR_outlier_removal:none,AR_feature_selection:none,AR_imputation:none,AR_scaling:standard,RF",0.8666666666666667,0.0,351*35,acorec-retrained
627,59,target,"AR_feature_selection:none,AR_dimensionality_reduction:pca,AR_imputation:mean,AR_encoding:onehot,AR_outlier_removal:lof,AR_scaling:maxabs,RF",0.8380952380952381,0.0,351*35,acorec-retrained
628,59,target,"AR_feature_selection:mutual_info,AR_outlier_removal:none,AR_imputation:constant,AR_scaling:robust,AR_dimensionality_reduction:pca,AR_encoding:onehot,RF",0.8476190476190476,0.0,351*35,acorec-retrained
629,59,target,"AR_outlier_removal:none,AR_encoding:onehot,AR_scaling:standard,AR_feature_selection:mutual_info,AR_dimensionality_reduction:svd,AR_imputation:none,RF",0.8571428571428572,0.0,351*35,acorec-retrained
630,59,target,"AR_scaling:maxabs,AR_outlier_removal:isolation_forest,AR_dimensionality_reduction:pca,AR_feature_selection:none,AR_imputation:constant,AR_encoding:onehot,RF",0.8714285714285714,0.0,351*35,acorec-retrained
631,694,target,"AR_feature_selection:none,AR_scaling:minmax,AR_encoding:onehot,AR_dimensionality_reduction:svd,AR_imputation:constant,AR_outlier_removal:none,RF",0.7311827956989246,0.0,310*9,acorec-retrained
632,694,target,"AR_dimensionality_reduction:pca,AR_encoding:onehot,AR_feature_selection:variance_threshold,AR_scaling:none,AR_outlier_removal:iqr,AR_imputation:most_frequent,RF",0.989247311827957,0.0,310*9,acorec-retrained
633,694,target,"AR_encoding:onehot,AR_imputation:none,AR_scaling:maxabs,AR_outlier_removal:zscore,AR_dimensionality_reduction:none,AR_feature_selection:k_best,RF",0.5967741935483871,0.0,310*9,acorec-retrained
634,694,target,"AR_dimensionality_reduction:pca,AR_feature_selection:variance_threshold,AR_outlier_removal:none,AR_encoding:onehot,AR_scaling:maxabs,AR_imputation:knn,RF",0.586021505376344,0.0,310*9,acorec-retrained
635,694,target,"AR_encoding:onehot,AR_outlier_removal:iqr,AR_imputation:knn,AR_feature_selection:none,AR_scaling:none,AR_dimensionality_reduction:none,RF",0.9946236559139785,0.0,310*9,acorec-retrained
636,694,target,"AR_dimensionality_reduction:svd,AR_outlier_removal:lof,AR_imputation:median,AR_feature_selection:k_best,AR_encoding:onehot,AR_scaling:standard,RF",0.8978494623655914,0.0,310*9,acorec-retrained
637,694,target,"AR_imputation:median,AR_dimensionality_reduction:svd,AR_feature_selection:mutual_info,AR_encoding:onehot,AR_scaling:none,AR_outlier_removal:lof,RF",0.9946236559139785,0.0,310*9,acorec-retrained
638,694,target,"AR_scaling:robust,AR_feature_selection:variance_threshold,AR_outlier_removal:iqr,AR_dimensionality_reduction:svd,AR_imputation:median,AR_encoding:onehot,RF",0.8172043010752689,0.0,310*9,acorec-retrained
639,694,target,"AR_scaling:maxabs,AR_feature_selection:none,AR_encoding:onehot,AR_outlier_removal:iqr,AR_imputation:median,AR_dimensionality_reduction:pca,RF",0.564516129032258,0.0,310*9,acorec-retrained
640,694,target,"AR_encoding:onehot,AR_outlier_removal:iqr,AR_dimensionality_reduction:pca,AR_imputation:mean,AR_feature_selection:variance_threshold,AR_scaling:none,RF",0.989247311827957,0.0,310*9,acorec-retrained
641,70,target,"AR_imputation:median,AR_scaling:standard,AR_encoding:onehot,AR_outlier_removal:iqr,AR_feature_selection:k_best,AR_dimensionality_reduction:pca,RF",0.9011111111111111,0.0,5000*39,acorec-retrained
642,70,target,"AR_dimensionality_reduction:pca,AR_scaling:minmax,AR_outlier_removal:zscore,AR_feature_selection:mutual_info,AR_encoding:onehot,AR_imputation:none,RF",0.8966666666666666,0.0,5000*39,acorec-retrained
643,70,target,"AR_dimensionality_reduction:svd,AR_encoding:onehot,AR_imputation:median,AR_feature_selection:variance_threshold,AR_scaling:standard,AR_outlier_removal:iqr,RF",0.9155555555555556,0.0,5000*39,acorec-retrained
644,70,target,"AR_scaling:none,AR_feature_selection:variance_threshold,AR_encoding:onehot,AR_imputation:most_frequent,AR_outlier_removal:isolation_forest,AR_dimensionality_reduction:svd,RF",0.9155555555555556,0.0,5000*39,acorec-retrained
645,70,target,"AR_feature_selection:variance_threshold,AR_dimensionality_reduction:pca,AR_encoding:onehot,AR_scaling:none,AR_outlier_removal:none,AR_imputation:mean,RF",0.9155555555555556,0.0,5000*39,acorec-retrained
646,70,target,"AR_scaling:none,AR_dimensionality_reduction:none,AR_encoding:onehot,AR_feature_selection:k_best,AR_outlier_removal:isolation_forest,AR_imputation:none,RF",0.9011111111111111,0.0,5000*39,acorec-retrained
647,70,target,"AR_outlier_removal:lof,AR_dimensionality_reduction:svd,AR_encoding:onehot,AR_scaling:maxabs,AR_imputation:none,AR_feature_selection:k_best,RF",0.9011111111111111,0.0,5000*39,acorec-retrained
648,70,target,"AR_imputation:median,AR_scaling:none,AR_encoding:onehot,AR_dimensionality_reduction:none,AR_feature_selection:variance_threshold,AR_outlier_removal:zscore,RF",0.9155555555555556,0.0,5000*39,acorec-retrained
649,70,target,"AR_dimensionality_reduction:pca,AR_encoding:onehot,AR_scaling:maxabs,AR_outlier_removal:zscore,AR_feature_selection:mutual_info,AR_imputation:mean,RF",0.8966666666666666,0.0,5000*39,acorec-retrained
650,70,target,"AR_encoding:onehot,AR_dimensionality_reduction:pca,AR_imputation:constant,AR_scaling:maxabs,AR_outlier_removal:none,AR_feature_selection:none,RF",0.9199999999999999,0.0,5000*39,acorec-retrained
651,719,target,"AR_imputation:most_frequent,AR_dimensionality_reduction:pca,AR_outlier_removal:iqr,AR_encoding:onehot,AR_scaling:standard,AR_feature_selection:none,RF",0.7901234567901234,0.0,137*8,acorec-retrained
652,719,target,"AR_outlier_removal:none,AR_feature_selection:variance_threshold,AR_scaling:maxabs,AR_imputation:knn,AR_encoding:onehot,AR_dimensionality_reduction:none,RF",0.8024691358024691,0.0,137*8,acorec-retrained
653,719,target,"AR_feature_selection:none,AR_encoding:onehot,AR_dimensionality_reduction:svd,AR_scaling:maxabs,AR_outlier_removal:none,AR_imputation:median,RF",0.8024691358024691,0.0,137*8,acorec-retrained
654,719,target,"AR_encoding:onehot,AR_outlier_removal:none,AR_feature_selection:none,AR_dimensionality_reduction:svd,AR_imputation:constant,AR_scaling:standard,RF",0.7777777777777778,0.0,137*8,acorec-retrained
655,719,target,"AR_dimensionality_reduction:svd,AR_outlier_removal:none,AR_imputation:median,AR_scaling:none,AR_encoding:onehot,AR_feature_selection:none,RF",0.7901234567901234,0.0,137*8,acorec-retrained
656,719,target,"AR_dimensionality_reduction:svd,AR_encoding:onehot,AR_outlier_removal:isolation_forest,AR_scaling:minmax,AR_feature_selection:none,AR_imputation:most_frequent,RF",0.7654320987654321,0.0,137*8,acorec-retrained
657,719,target,"AR_dimensionality_reduction:pca,AR_outlier_removal:none,AR_feature_selection:variance_threshold,AR_imputation:constant,AR_encoding:onehot,AR_scaling:standard,RF",0.7777777777777778,0.0,137*8,acorec-retrained
658,719,target,"AR_imputation:knn,AR_outlier_removal:zscore,AR_scaling:none,AR_feature_selection:k_best,AR_dimensionality_reduction:none,AR_encoding:onehot,RF",0.7777777777777777,0.0,137*8,acorec-retrained
659,719,target,"AR_feature_selection:none,AR_imputation:constant,AR_scaling:none,AR_dimensionality_reduction:pca,AR_encoding:onehot,AR_outlier_removal:iqr,RF",0.7530864197530865,0.0,137*8,acorec-retrained
660,719,target,"AR_outlier_removal:isolation_forest,AR_imputation:constant,AR_encoding:onehot,AR_scaling:none,AR_dimensionality_reduction:pca,AR_feature_selection:mutual_info,RF",0.7530864197530863,0.0,137*8,acorec-retrained
661,725,target,"AR_dimensionality_reduction:none,AR_encoding:none,AR_feature_selection:variance_threshold,AR_scaling:none,AR_outlier_removal:none,AR_imputation:mean,RF",0.9322222222222223,0.0,5000*9,acorec-retrained
662,725,target,"AR_encoding:onehot,AR_dimensionality_reduction:pca,AR_feature_selection:variance_threshold,AR_imputation:none,AR_scaling:standard,AR_outlier_removal:none,RF",0.9322222222222223,0.0,5000*9,acorec-retrained
663,725,target,"AR_encoding:onehot,AR_dimensionality_reduction:svd,AR_outlier_removal:zscore,AR_feature_selection:k_best,AR_scaling:standard,AR_imputation:knn,RF",0.9311111111111111,0.0,5000*9,acorec-retrained
664,725,target,"AR_imputation:none,AR_feature_selection:mutual_info,AR_scaling:robust,AR_dimensionality_reduction:svd,AR_outlier_removal:lof,AR_encoding:onehot,RF",0.9366666666666665,0.0,5000*9,acorec-retrained
665,725,target,"AR_feature_selection:none,AR_outlier_removal:zscore,AR_imputation:median,AR_encoding:none,AR_scaling:none,AR_dimensionality_reduction:svd,RF",0.93,0.0,5000*9,acorec-retrained
666,725,target,"AR_outlier_removal:iqr,AR_encoding:none,AR_dimensionality_reduction:svd,AR_feature_selection:variance_threshold,AR_scaling:maxabs,AR_imputation:median,RF",0.7322222222222221,0.0,5000*9,acorec-retrained
667,725,target,"AR_encoding:onehot,AR_outlier_removal:lof,AR_feature_selection:mutual_info,AR_imputation:mean,AR_scaling:maxabs,AR_dimensionality_reduction:svd,RF",0.9011111111111111,0.0,5000*9,acorec-retrained
668,725,target,"AR_scaling:maxabs,AR_imputation:knn,AR_feature_selection:k_best,AR_encoding:onehot,AR_outlier_removal:iqr,AR_dimensionality_reduction:pca,RF",0.9055555555555556,0.0,5000*9,acorec-retrained
669,725,target,"AR_scaling:maxabs,AR_feature_selection:k_best,AR_imputation:mean,AR_encoding:onehot,AR_outlier_removal:lof,AR_dimensionality_reduction:pca,RF",0.9011111111111111,0.0,5000*9,acorec-retrained
670,725,target,"AR_feature_selection:none,AR_outlier_removal:lof,AR_encoding:onehot,AR_scaling:none,AR_imputation:none,AR_dimensionality_reduction:svd,RF",0.931111111111111,0.0,5000*9,acorec-retrained
671,731,target,"AR_dimensionality_reduction:svd,AR_feature_selection:k_best,AR_encoding:onehot,AR_scaling:none,AR_imputation:mean,AR_outlier_removal:lof,RF",0.7543859649122807,0.0,96*5,acorec-retrained
672,731,target,"AR_outlier_removal:zscore,AR_feature_selection:mutual_info,AR_imputation:mean,AR_scaling:none,AR_dimensionality_reduction:pca,AR_encoding:onehot,RF",0.7543859649122807,0.0,96*5,acorec-retrained
673,731,target,"AR_imputation:mean,AR_dimensionality_reduction:svd,AR_outlier_removal:none,AR_scaling:robust,AR_feature_selection:variance_threshold,AR_encoding:onehot,RF",0.7543859649122807,0.0,96*5,acorec-retrained
674,731,target,"AR_imputation:most_frequent,AR_encoding:onehot,AR_dimensionality_reduction:svd,AR_outlier_removal:iqr,AR_scaling:none,AR_feature_selection:mutual_info,RF",0.7543859649122807,0.0,96*5,acorec-retrained
675,731,target,"AR_outlier_removal:lof,AR_imputation:knn,AR_dimensionality_reduction:svd,AR_feature_selection:k_best,AR_scaling:none,AR_encoding:none,RF",0.7543859649122807,0.0,96*5,acorec-retrained
676,731,target,"AR_dimensionality_reduction:svd,AR_feature_selection:mutual_info,AR_imputation:most_frequent,AR_encoding:onehot,AR_outlier_removal:isolation_forest,AR_scaling:standard,RF",0.7719298245614036,0.0,96*5,acorec-retrained
677,731,target,"AR_dimensionality_reduction:svd,AR_feature_selection:mutual_info,AR_outlier_removal:lof,AR_encoding:onehot,AR_scaling:minmax,AR_imputation:constant,RF",0.736842105263158,0.0,96*5,acorec-retrained
678,731,target,"AR_encoding:onehot,AR_feature_selection:none,AR_outlier_removal:lof,AR_imputation:mean,AR_scaling:none,AR_dimensionality_reduction:pca,RF",0.7543859649122807,0.0,96*5,acorec-retrained
679,731,target,"AR_encoding:onehot,AR_imputation:median,AR_outlier_removal:none,AR_dimensionality_reduction:pca,AR_scaling:maxabs,AR_feature_selection:variance_threshold,RF",0.7719298245614036,0.0,96*5,acorec-retrained
680,731,target,"AR_imputation:constant,AR_feature_selection:mutual_info,AR_scaling:standard,AR_outlier_removal:iqr,AR_encoding:onehot,AR_dimensionality_reduction:svd,RF",0.7894736842105262,0.0,96*5,acorec-retrained
681,733,target,"AR_encoding:onehot,AR_imputation:constant,AR_scaling:none,AR_outlier_removal:lof,AR_dimensionality_reduction:svd,AR_feature_selection:none,RF",0.9430894308943089,0.0,209*7,acorec-retrained
682,733,target,"AR_feature_selection:variance_threshold,AR_encoding:onehot,AR_dimensionality_reduction:pca,AR_outlier_removal:none,AR_scaling:maxabs,AR_imputation:knn,RF",0.9512195121951219,0.0,209*7,acorec-retrained
683,733,target,"AR_outlier_removal:iqr,AR_feature_selection:variance_threshold,AR_encoding:onehot,AR_dimensionality_reduction:svd,AR_scaling:maxabs,AR_imputation:mean,RF",0.8699186991869919,0.0,209*7,acorec-retrained
684,733,target,"AR_feature_selection:variance_threshold,AR_dimensionality_reduction:svd,AR_outlier_removal:isolation_forest,AR_imputation:knn,AR_encoding:onehot,AR_scaling:maxabs,RF",0.9268292682926829,0.0,209*7,acorec-retrained
685,733,target,"AR_dimensionality_reduction:pca,AR_outlier_removal:lof,AR_scaling:maxabs,AR_imputation:none,AR_encoding:none,AR_feature_selection:k_best,RF",0.9512195121951219,0.0,209*7,acorec-retrained
686,733,target,"AR_scaling:none,AR_outlier_removal:isolation_forest,AR_dimensionality_reduction:pca,AR_imputation:knn,AR_feature_selection:variance_threshold,AR_encoding:onehot,RF",0.9512195121951219,0.0,209*7,acorec-retrained
687,733,target,"AR_scaling:none,AR_feature_selection:k_best,AR_dimensionality_reduction:pca,AR_imputation:none,AR_encoding:onehot,AR_outlier_removal:lof,RF",0.9430894308943089,0.0,209*7,acorec-retrained
688,733,target,"AR_encoding:onehot,AR_imputation:knn,AR_outlier_removal:iqr,AR_feature_selection:k_best,AR_scaling:minmax,AR_dimensionality_reduction:none,RF",0.9430894308943089,0.0,209*7,acorec-retrained
689,733,target,"AR_scaling:maxabs,AR_dimensionality_reduction:svd,AR_encoding:onehot,AR_feature_selection:none,AR_imputation:none,AR_outlier_removal:lof,RF",0.9512195121951219,0.0,209*7,acorec-retrained
690,733,target,"AR_dimensionality_reduction:pca,AR_encoding:onehot,AR_outlier_removal:none,AR_feature_selection:none,AR_imputation:knn,AR_scaling:none,RF",0.9512195121951219,0.0,209*7,acorec-retrained
691,735,target,"AR_feature_selection:mutual_info,AR_scaling:maxabs,AR_dimensionality_reduction:svd,AR_encoding:onehot,AR_outlier_removal:none,AR_imputation:knn,RF",0.9133333333333334,0.0,5000*13,acorec-retrained
692,735,target,"AR_dimensionality_reduction:none,AR_imputation:most_frequent,AR_outlier_removal:isolation_forest,AR_scaling:none,AR_encoding:none,AR_feature_selection:k_best,RF",0.8999999999999999,0.0,5000*13,acorec-retrained
693,735,target,"AR_scaling:standard,AR_feature_selection:none,AR_encoding:onehot,AR_outlier_removal:none,AR_imputation:mean,AR_dimensionality_reduction:none,RF",0.9222222222222222,0.0,5000*13,acorec-retrained
694,735,target,"AR_dimensionality_reduction:pca,AR_imputation:most_frequent,AR_scaling:robust,AR_feature_selection:k_best,AR_encoding:none,AR_outlier_removal:zscore,RF",0.91,0.0,5000*13,acorec-retrained
695,735,target,"AR_encoding:none,AR_scaling:robust,AR_imputation:knn,AR_outlier_removal:none,AR_dimensionality_reduction:svd,AR_feature_selection:k_best,RF",0.9222222222222222,0.0,5000*13,acorec-retrained
696,735,target,"AR_encoding:onehot,AR_imputation:most_frequent,AR_dimensionality_reduction:pca,AR_scaling:standard,AR_outlier_removal:isolation_forest,AR_feature_selection:k_best,RF",0.9211111111111112,0.0,5000*13,acorec-retrained
697,735,target,"AR_imputation:mean,AR_scaling:minmax,AR_outlier_removal:lof,AR_dimensionality_reduction:svd,AR_feature_selection:k_best,AR_encoding:onehot,RF",0.9111111111111111,0.0,5000*13,acorec-retrained
698,735,target,"AR_feature_selection:k_best,AR_dimensionality_reduction:pca,AR_imputation:most_frequent,AR_scaling:maxabs,AR_outlier_removal:zscore,AR_encoding:onehot,RF",0.8922222222222222,0.0,5000*13,acorec-retrained
699,735,target,"AR_feature_selection:none,AR_scaling:maxabs,AR_imputation:most_frequent,AR_dimensionality_reduction:svd,AR_encoding:none,AR_outlier_removal:iqr,RF",0.8422222222222223,0.0,5000*13,acorec-retrained
700,735,target,"AR_scaling:minmax,AR_imputation:mean,AR_encoding:onehot,AR_feature_selection:none,AR_dimensionality_reduction:pca,AR_outlier_removal:zscore,RF",0.8922222222222222,0.0,5000*13,acorec-retrained
701,74,target,"AR_imputation:median,AR_encoding:onehot,AR_outlier_removal:zscore,AR_feature_selection:k_best,AR_dimensionality_reduction:pca,AR_scaling:minmax,RF",0.41333333333333333,0.0,5000*17,acorec-retrained
702,74,target,"AR_encoding:onehot,AR_feature_selection:variance_threshold,AR_imputation:none,AR_dimensionality_reduction:none,AR_outlier_removal:none,AR_scaling:minmax,RF",0.4611111111111111,0.0,5000*17,acorec-retrained
703,74,target,"AR_scaling:maxabs,AR_encoding:onehot,AR_feature_selection:variance_threshold,AR_imputation:constant,AR_dimensionality_reduction:pca,AR_outlier_removal:iqr,RF",0.4611111111111111,0.0,5000*17,acorec-retrained
704,74,target,"AR_feature_selection:mutual_info,AR_scaling:none,AR_imputation:median,AR_encoding:onehot,AR_outlier_removal:zscore,AR_dimensionality_reduction:svd,RF",0.4144444444444444,0.0,5000*17,acorec-retrained
705,74,target,"AR_encoding:onehot,AR_scaling:maxabs,AR_dimensionality_reduction:pca,AR_imputation:most_frequent,AR_feature_selection:variance_threshold,AR_outlier_removal:lof,RF",0.4611111111111111,0.0,5000*17,acorec-retrained
706,74,target,"AR_dimensionality_reduction:pca,AR_feature_selection:variance_threshold,AR_scaling:maxabs,AR_outlier_removal:lof,AR_imputation:most_frequent,AR_encoding:onehot,RF",0.4611111111111111,0.0,5000*17,acorec-retrained
707,74,target,"AR_scaling:none,AR_encoding:onehot,AR_imputation:most_frequent,AR_outlier_removal:iqr,AR_dimensionality_reduction:svd,AR_feature_selection:none,RF",0.4611111111111111,0.0,5000*17,acorec-retrained
708,74,target,"AR_outlier_removal:lof,AR_dimensionality_reduction:none,AR_scaling:robust,AR_encoding:onehot,AR_imputation:mean,AR_feature_selection:mutual_info,RF",0.4144444444444444,0.0,5000*17,acorec-retrained
709,74,target,"AR_encoding:onehot,AR_scaling:standard,AR_dimensionality_reduction:pca,AR_feature_selection:none,AR_imputation:constant,AR_outlier_removal:lof,RF",0.4611111111111111,0.0,5000*17,acorec-retrained
710,74,target,"AR_imputation:most_frequent,AR_dimensionality_reduction:svd,AR_encoding:onehot,AR_scaling:standard,AR_feature_selection:variance_threshold,AR_outlier_removal:isolation_forest,RF",0.4611111111111111,0.0,5000*17,acorec-retrained
711,746,target,"AR_imputation:knn,AR_scaling:none,AR_feature_selection:mutual_info,AR_encoding:onehot,AR_dimensionality_reduction:pca,AR_outlier_removal:iqr,RF",0.6066666666666668,0.0,250*26,acorec-retrained
712,746,target,"AR_feature_selection:k_best,AR_scaling:minmax,AR_encoding:onehot,AR_outlier_removal:zscore,AR_imputation:constant,AR_dimensionality_reduction:pca,RF",0.6466666666666666,0.0,250*26,acorec-retrained
713,746,target,"AR_outlier_removal:lof,AR_imputation:none,AR_encoding:onehot,AR_scaling:robust,AR_dimensionality_reduction:pca,AR_feature_selection:variance_threshold,RF",0.6466666666666666,0.0,250*26,acorec-retrained
714,746,target,"AR_feature_selection:mutual_info,AR_dimensionality_reduction:none,AR_imputation:none,AR_encoding:none,AR_outlier_removal:iqr,AR_scaling:maxabs,RF",0.6466666666666666,0.0,250*26,acorec-retrained
715,746,target,"AR_scaling:robust,AR_feature_selection:k_best,AR_dimensionality_reduction:pca,AR_encoding:onehot,AR_outlier_removal:none,AR_imputation:none,RF",0.6466666666666666,0.0,250*26,acorec-retrained
716,746,target,"AR_dimensionality_reduction:svd,AR_imputation:median,AR_feature_selection:none,AR_encoding:onehot,AR_outlier_removal:iqr,AR_scaling:minmax,RF",0.6466666666666666,0.0,250*26,acorec-retrained
717,746,target,"AR_outlier_removal:lof,AR_encoding:none,AR_imputation:constant,AR_scaling:minmax,AR_dimensionality_reduction:none,AR_feature_selection:none,RF",0.64,0.0,250*26,acorec-retrained
718,746,target,"AR_dimensionality_reduction:svd,AR_encoding:onehot,AR_outlier_removal:lof,AR_imputation:median,AR_feature_selection:variance_threshold,AR_scaling:none,RF",0.6333333333333333,0.0,250*26,acorec-retrained
719,746,target,"AR_feature_selection:none,AR_encoding:none,AR_imputation:none,AR_outlier_removal:none,AR_scaling:maxabs,AR_dimensionality_reduction:none,RF",0.6466666666666666,0.0,250*26,acorec-retrained
720,746,target,"AR_scaling:maxabs,AR_feature_selection:mutual_info,AR_dimensionality_reduction:pca,AR_outlier_removal:isolation_forest,AR_encoding:onehot,AR_imputation:knn,RF",0.66,0.0,250*26,acorec-retrained
721,748,target,"AR_feature_selection:none,AR_outlier_removal:iqr,AR_imputation:none,AR_encoding:onehot,AR_dimensionality_reduction:none,AR_scaling:standard,RF",0.8020833333333334,0.0,163*6,acorec-retrained
722,748,target,"AR_outlier_removal:none,AR_scaling:none,AR_feature_selection:variance_threshold,AR_dimensionality_reduction:pca,AR_imputation:constant,AR_encoding:onehot,RF",0.8125,0.0,163*6,acorec-retrained
723,748,target,"AR_encoding:onehot,AR_scaling:maxabs,AR_feature_selection:k_best,AR_dimensionality_reduction:none,AR_imputation:mean,AR_outlier_removal:isolation_forest,RF",0.78125,0.0,163*6,acorec-retrained
724,748,target,"AR_imputation:median,AR_dimensionality_reduction:pca,AR_outlier_removal:zscore,AR_feature_selection:mutual_info,AR_encoding:onehot,AR_scaling:standard,RF",0.8229166666666666,0.0,163*6,acorec-retrained
725,748,target,"AR_outlier_removal:iqr,AR_dimensionality_reduction:svd,AR_feature_selection:mutual_info,AR_imputation:median,AR_encoding:onehot,AR_scaling:robust,RF",0.8020833333333334,0.0,163*6,acorec-retrained
726,748,target,"AR_dimensionality_reduction:pca,AR_encoding:onehot,AR_outlier_removal:none,AR_imputation:none,AR_feature_selection:variance_threshold,AR_scaling:minmax,RF",0.78125,0.0,163*6,acorec-retrained
727,748,target,"AR_feature_selection:k_best,AR_scaling:standard,AR_imputation:none,AR_dimensionality_reduction:none,AR_encoding:onehot,AR_outlier_removal:lof,RF",0.8020833333333334,0.0,163*6,acorec-retrained
728,748,target,"AR_encoding:onehot,AR_imputation:knn,AR_outlier_removal:none,AR_dimensionality_reduction:pca,AR_feature_selection:mutual_info,AR_scaling:standard,RF",0.8333333333333334,0.0,163*6,acorec-retrained
729,748,target,"AR_scaling:standard,AR_feature_selection:variance_threshold,AR_dimensionality_reduction:svd,AR_imputation:mean,AR_outlier_removal:iqr,AR_encoding:onehot,RF",0.8020833333333334,0.0,163*6,acorec-retrained
730,748,target,"AR_scaling:minmax,AR_encoding:onehot,AR_outlier_removal:zscore,AR_feature_selection:variance_threshold,AR_imputation:none,AR_dimensionality_reduction:svd,RF",0.78125,0.0,163*6,acorec-retrained
731,752,target,"AR_dimensionality_reduction:pca,AR_outlier_removal:iqr,AR_scaling:none,AR_encoding:onehot,AR_imputation:median,AR_feature_selection:mutual_info,RF",0.59,0.0,5000*33,acorec-retrained
732,752,target,"AR_outlier_removal:none,AR_encoding:onehot,AR_imputation:none,AR_feature_selection:none,AR_scaling:minmax,AR_dimensionality_reduction:pca,RF",0.5444444444444444,0.0,5000*33,acorec-retrained
733,752,target,"AR_scaling:robust,AR_outlier_removal:isolation_forest,AR_dimensionality_reduction:svd,AR_feature_selection:k_best,AR_imputation:median,AR_encoding:onehot,RF",0.5988888888888889,0.0,5000*33,acorec-retrained
734,752,target,"AR_imputation:median,AR_encoding:onehot,AR_feature_selection:mutual_info,AR_dimensionality_reduction:svd,AR_scaling:none,AR_outlier_removal:lof,RF",0.5911111111111111,0.0,5000*33,acorec-retrained
735,752,target,"AR_imputation:none,AR_encoding:onehot,AR_outlier_removal:lof,AR_scaling:maxabs,AR_dimensionality_reduction:pca,AR_feature_selection:none,RF",0.5933333333333333,0.0,5000*33,acorec-retrained
736,752,target,"AR_feature_selection:k_best,AR_imputation:constant,AR_outlier_removal:none,AR_scaling:maxabs,AR_encoding:onehot,AR_dimensionality_reduction:svd,RF",0.6211111111111111,0.0,5000*33,acorec-retrained
737,752,target,"AR_feature_selection:k_best,AR_imputation:knn,AR_encoding:onehot,AR_dimensionality_reduction:none,AR_outlier_removal:lof,AR_scaling:robust,RF",0.6033333333333334,0.0,5000*33,acorec-retrained
738,752,target,"AR_scaling:maxabs,AR_feature_selection:k_best,AR_dimensionality_reduction:pca,AR_outlier_removal:isolation_forest,AR_encoding:onehot,AR_imputation:constant,RF",0.6344444444444445,0.0,5000*33,acorec-retrained
739,752,target,"AR_encoding:onehot,AR_dimensionality_reduction:svd,AR_scaling:robust,AR_feature_selection:variance_threshold,AR_imputation:none,AR_outlier_removal:zscore,RF",0.5833333333333334,0.0,5000*33,acorec-retrained
740,752,target,"AR_feature_selection:mutual_info,AR_scaling:minmax,AR_encoding:none,AR_imputation:knn,AR_dimensionality_reduction:svd,AR_outlier_removal:zscore,RF",0.5399999999999999,0.0,5000*33,acorec-retrained
741,756,target,"AR_scaling:minmax,AR_feature_selection:none,AR_outlier_removal:isolation_forest,AR_imputation:median,AR_encoding:onehot,AR_dimensionality_reduction:none,RF",0.989247311827957,0.0,159*16,acorec-retrained
742,756,target,"AR_outlier_removal:zscore,AR_imputation:mean,AR_scaling:standard,AR_dimensionality_reduction:pca,AR_feature_selection:none,AR_encoding:onehot,RF",0.989247311827957,0.0,159*16,acorec-retrained
743,756,target,"AR_outlier_removal:none,AR_dimensionality_reduction:svd,AR_imputation:knn,AR_scaling:minmax,AR_feature_selection:none,AR_encoding:none,RF",0.967741935483871,0.0,159*16,acorec-retrained
744,756,target,"AR_imputation:constant,AR_feature_selection:mutual_info,AR_outlier_removal:iqr,AR_scaling:maxabs,AR_dimensionality_reduction:pca,AR_encoding:onehot,RF",0.956989247311828,0.0,159*16,acorec-retrained
745,756,target,"AR_scaling:maxabs,AR_feature_selection:k_best,AR_outlier_removal:isolation_forest,AR_imputation:mean,AR_encoding:onehot,AR_dimensionality_reduction:svd,RF",0.956989247311828,0.0,159*16,acorec-retrained
746,756,target,"AR_scaling:standard,AR_dimensionality_reduction:pca,AR_encoding:onehot,AR_outlier_removal:lof,AR_imputation:median,AR_feature_selection:none,RF",0.989247311827957,0.0,159*16,acorec-retrained
747,756,target,"AR_dimensionality_reduction:svd,AR_scaling:robust,AR_outlier_removal:none,AR_imputation:knn,AR_encoding:onehot,AR_feature_selection:mutual_info,RF",0.989247311827957,0.0,159*16,acorec-retrained
748,756,target,"AR_dimensionality_reduction:pca,AR_imputation:mean,AR_encoding:onehot,AR_outlier_removal:none,AR_scaling:minmax,AR_feature_selection:variance_threshold,RF",0.967741935483871,0.0,159*16,acorec-retrained
749,756,target,"AR_dimensionality_reduction:pca,AR_feature_selection:mutual_info,AR_imputation:constant,AR_outlier_removal:iqr,AR_scaling:none,AR_encoding:onehot,RF",0.946236559139785,0.0,159*16,acorec-retrained
750,756,target,"AR_imputation:knn,AR_scaling:robust,AR_dimensionality_reduction:svd,AR_encoding:none,AR_outlier_removal:iqr,AR_feature_selection:none,RF",0.967741935483871,0.0,159*16,acorec-retrained
751,761,target,"AR_encoding:none,AR_outlier_removal:iqr,AR_feature_selection:k_best,AR_imputation:knn,AR_dimensionality_reduction:pca,AR_scaling:robust,RF",0.8211111111111111,0.0,5000*22,acorec-retrained
752,761,target,"AR_encoding:onehot,AR_feature_selection:k_best,AR_outlier_removal:none,AR_scaling:robust,AR_dimensionality_reduction:svd,AR_imputation:none,RF",0.9288888888888889,0.0,5000*22,acorec-retrained
753,761,target,"AR_imputation:knn,AR_feature_selection:k_best,AR_outlier_removal:zscore,AR_scaling:none,AR_encoding:onehot,AR_dimensionality_reduction:none,RF",0.8633333333333333,0.0,5000*22,acorec-retrained
754,761,target,"AR_imputation:knn,AR_outlier_removal:isolation_forest,AR_feature_selection:none,AR_encoding:onehot,AR_dimensionality_reduction:svd,AR_scaling:maxabs,RF",0.9177777777777778,0.0,5000*22,acorec-retrained
755,761,target,"AR_dimensionality_reduction:none,AR_scaling:none,AR_imputation:most_frequent,AR_feature_selection:none,AR_outlier_removal:isolation_forest,AR_encoding:onehot,RF",0.9088888888888889,0.0,5000*22,acorec-retrained
756,761,target,"AR_feature_selection:k_best,AR_dimensionality_reduction:none,AR_outlier_removal:none,AR_scaling:minmax,AR_imputation:median,AR_encoding:none,RF",0.9255555555555556,0.0,5000*22,acorec-retrained
757,761,target,"AR_feature_selection:none,AR_dimensionality_reduction:pca,AR_outlier_removal:zscore,AR_scaling:standard,AR_encoding:onehot,AR_imputation:most_frequent,RF",0.9077777777777779,0.0,5000*22,acorec-retrained
758,761,target,"AR_outlier_removal:none,AR_feature_selection:k_best,AR_imputation:constant,AR_scaling:maxabs,AR_encoding:onehot,AR_dimensionality_reduction:pca,RF",0.9222222222222222,0.0,5000*22,acorec-retrained
759,761,target,"AR_feature_selection:mutual_info,AR_outlier_removal:isolation_forest,AR_imputation:none,AR_scaling:robust,AR_dimensionality_reduction:pca,AR_encoding:onehot,RF",0.93,0.0,5000*22,acorec-retrained
760,761,target,"AR_outlier_removal:iqr,AR_scaling:standard,AR_dimensionality_reduction:svd,AR_imputation:mean,AR_encoding:none,AR_feature_selection:mutual_info,RF",0.8666666666666667,0.0,5000*22,acorec-retrained
761,77,target,"AR_feature_selection:variance_threshold,AR_outlier_removal:lof,AR_dimensionality_reduction:svd,AR_scaling:robust,AR_encoding:onehot,AR_imputation:constant,RF",0.7622222222222222,0.0,5000*10,acorec-retrained
762,77,target,"AR_encoding:onehot,AR_feature_selection:mutual_info,AR_outlier_removal:none,AR_imputation:constant,AR_dimensionality_reduction:pca,AR_scaling:standard,RF",0.758888888888889,0.0,5000*10,acorec-retrained
763,77,target,"AR_outlier_removal:iqr,AR_dimensionality_reduction:svd,AR_encoding:onehot,AR_scaling:none,AR_imputation:none,AR_feature_selection:variance_threshold,RF",0.7622222222222222,0.0,5000*10,acorec-retrained
764,77,target,"AR_imputation:mean,AR_outlier_removal:none,AR_feature_selection:variance_threshold,AR_scaling:robust,AR_dimensionality_reduction:svd,AR_encoding:onehot,RF",0.7622222222222222,0.0,5000*10,acorec-retrained
765,77,target,"AR_scaling:standard,AR_dimensionality_reduction:pca,AR_feature_selection:mutual_info,AR_outlier_removal:none,AR_encoding:onehot,AR_imputation:mean,RF",0.758888888888889,0.0,5000*10,acorec-retrained
766,77,target,"AR_dimensionality_reduction:none,AR_feature_selection:variance_threshold,AR_imputation:knn,AR_scaling:minmax,AR_encoding:onehot,AR_outlier_removal:lof,RF",0.7622222222222222,0.0,5000*10,acorec-retrained
767,77,target,"AR_outlier_removal:iqr,AR_scaling:none,AR_feature_selection:none,AR_imputation:mean,AR_dimensionality_reduction:none,AR_encoding:onehot,RF",0.7611111111111111,0.0,5000*10,acorec-retrained
768,77,target,"AR_imputation:mean,AR_feature_selection:none,AR_dimensionality_reduction:pca,AR_outlier_removal:iqr,AR_scaling:robust,AR_encoding:onehot,RF",0.7611111111111111,0.0,5000*10,acorec-retrained
769,77,target,"AR_outlier_removal:iqr,AR_imputation:most_frequent,AR_scaling:none,AR_encoding:onehot,AR_dimensionality_reduction:none,AR_feature_selection:mutual_info,RF",0.758888888888889,0.0,5000*10,acorec-retrained
770,77,target,"AR_outlier_removal:iqr,AR_encoding:onehot,AR_imputation:knn,AR_dimensionality_reduction:none,AR_feature_selection:mutual_info,AR_scaling:robust,RF",0.758888888888889,0.0,5000*10,acorec-retrained
771,773,target,"AR_imputation:mean,AR_scaling:maxabs,AR_feature_selection:k_best,AR_encoding:onehot,AR_dimensionality_reduction:svd,AR_outlier_removal:lof,RF",0.6866666666666666,0.0,250*26,acorec-retrained
772,773,target,"AR_imputation:constant,AR_feature_selection:mutual_info,AR_scaling:maxabs,AR_encoding:onehot,AR_outlier_removal:isolation_forest,AR_dimensionality_reduction:svd,RF",0.6533333333333333,0.0,250*26,acorec-retrained
773,773,target,"AR_encoding:onehot,AR_outlier_removal:isolation_forest,AR_feature_selection:k_best,AR_imputation:median,AR_scaling:none,AR_dimensionality_reduction:pca,RF",0.6466666666666666,0.0,250*26,acorec-retrained
774,773,target,"AR_scaling:none,AR_outlier_removal:isolation_forest,AR_encoding:none,AR_imputation:most_frequent,AR_dimensionality_reduction:pca,AR_feature_selection:mutual_info,RF",0.6266666666666666,0.0,250*26,acorec-retrained
775,773,target,"AR_outlier_removal:zscore,AR_imputation:none,AR_encoding:onehot,AR_dimensionality_reduction:none,AR_scaling:maxabs,AR_feature_selection:none,RF",0.7799999999999999,0.0,250*26,acorec-retrained
776,773,target,"AR_feature_selection:mutual_info,AR_encoding:onehot,AR_scaling:robust,AR_outlier_removal:isolation_forest,AR_imputation:constant,AR_dimensionality_reduction:none,RF",0.7333333333333334,0.0,250*26,acorec-retrained
777,773,target,"AR_imputation:none,AR_feature_selection:variance_threshold,AR_scaling:robust,AR_dimensionality_reduction:svd,AR_outlier_removal:none,AR_encoding:none,RF",0.6533333333333334,0.0,250*26,acorec-retrained
778,773,target,"AR_scaling:none,AR_feature_selection:k_best,AR_encoding:none,AR_imputation:knn,AR_outlier_removal:none,AR_dimensionality_reduction:svd,RF",0.6666666666666666,0.0,250*26,acorec-retrained
779,773,target,"AR_outlier_removal:zscore,AR_feature_selection:none,AR_imputation:median,AR_dimensionality_reduction:pca,AR_encoding:none,AR_scaling:standard,RF",0.6666666666666666,0.0,250*26,acorec-retrained
780,773,target,"AR_dimensionality_reduction:svd,AR_outlier_removal:lof,AR_scaling:minmax,AR_encoding:none,AR_imputation:median,AR_feature_selection:none,RF",0.7066666666666667,0.0,250*26,acorec-retrained
781,774,target,"AR_scaling:standard,AR_dimensionality_reduction:svd,AR_encoding:onehot,AR_outlier_removal:iqr,AR_imputation:knn,AR_feature_selection:mutual_info,RF",0.5404040404040403,0.0,662*4,acorec-retrained
782,774,target,"AR_imputation:constant,AR_dimensionality_reduction:svd,AR_outlier_removal:lof,AR_feature_selection:variance_threshold,AR_scaling:robust,AR_encoding:onehot,RF",0.5277777777777778,0.0,662*4,acorec-retrained
783,774,target,"AR_encoding:onehot,AR_scaling:minmax,AR_dimensionality_reduction:pca,AR_outlier_removal:lof,AR_feature_selection:k_best,AR_imputation:none,RF",0.5328282828282828,0.0,662*4,acorec-retrained
784,774,target,"AR_outlier_removal:iqr,AR_encoding:onehot,AR_feature_selection:k_best,AR_scaling:standard,AR_dimensionality_reduction:pca,AR_imputation:median,RF",0.5404040404040403,0.0,662*4,acorec-retrained
785,774,target,"AR_encoding:onehot,AR_dimensionality_reduction:pca,AR_imputation:knn,AR_scaling:none,AR_feature_selection:k_best,AR_outlier_removal:isolation_forest,RF",0.5328282828282828,0.0,662*4,acorec-retrained
786,774,target,"AR_imputation:median,AR_outlier_removal:none,AR_scaling:standard,AR_feature_selection:mutual_info,AR_encoding:onehot,AR_dimensionality_reduction:none,RF",0.5353535353535354,0.0,662*4,acorec-retrained
787,774,target,"AR_outlier_removal:lof,AR_imputation:mean,AR_encoding:onehot,AR_dimensionality_reduction:none,AR_scaling:maxabs,AR_feature_selection:mutual_info,RF",0.5303030303030303,0.0,662*4,acorec-retrained
788,774,target,"AR_scaling:none,AR_encoding:onehot,AR_imputation:none,AR_feature_selection:variance_threshold,AR_dimensionality_reduction:pca,AR_outlier_removal:none,RF",0.537878787878788,0.0,662*4,acorec-retrained
789,774,target,"AR_encoding:none,AR_imputation:median,AR_feature_selection:none,AR_outlier_removal:isolation_forest,AR_scaling:standard,AR_dimensionality_reduction:svd,RF",0.5429292929292929,0.0,662*4,acorec-retrained
790,774,target,"AR_scaling:standard,AR_feature_selection:none,AR_outlier_removal:zscore,AR_imputation:none,AR_encoding:none,AR_dimensionality_reduction:svd,RF",0.5404040404040403,0.0,662*4,acorec-retrained
791,784,target,"AR_feature_selection:variance_threshold,AR_encoding:onehot,AR_imputation:median,AR_dimensionality_reduction:none,AR_scaling:maxabs,AR_outlier_removal:isolation_forest,RF",0.7738095238095238,0.0,140*4,acorec-retrained
792,784,target,"AR_outlier_removal:lof,AR_imputation:none,AR_encoding:onehot,AR_feature_selection:mutual_info,AR_scaling:standard,AR_dimensionality_reduction:pca,RF",0.7857142857142856,0.0,140*4,acorec-retrained
793,784,target,"AR_dimensionality_reduction:pca,AR_outlier_removal:none,AR_feature_selection:none,AR_encoding:onehot,AR_imputation:knn,AR_scaling:maxabs,RF",0.8214285714285715,0.0,140*4,acorec-retrained
794,784,target,"AR_encoding:onehot,AR_dimensionality_reduction:svd,AR_feature_selection:none,AR_outlier_removal:zscore,AR_imputation:knn,AR_scaling:minmax,RF",0.7738095238095238,0.0,140*4,acorec-retrained
795,784,target,"AR_scaling:minmax,AR_imputation:most_frequent,AR_outlier_removal:iqr,AR_feature_selection:variance_threshold,AR_encoding:onehot,AR_dimensionality_reduction:pca,RF",0.7738095238095238,0.0,140*4,acorec-retrained
796,784,target,"AR_imputation:most_frequent,AR_feature_selection:mutual_info,AR_scaling:robust,AR_outlier_removal:lof,AR_dimensionality_reduction:svd,AR_encoding:onehot,RF",0.7976190476190476,0.0,140*4,acorec-retrained
797,784,target,"AR_imputation:most_frequent,AR_encoding:onehot,AR_scaling:maxabs,AR_outlier_removal:iqr,AR_feature_selection:k_best,AR_dimensionality_reduction:svd,RF",0.7738095238095238,0.0,140*4,acorec-retrained
798,784,target,"AR_feature_selection:variance_threshold,AR_scaling:maxabs,AR_dimensionality_reduction:pca,AR_outlier_removal:none,AR_encoding:onehot,AR_imputation:constant,RF",0.8214285714285715,0.0,140*4,acorec-retrained
799,784,target,"AR_scaling:none,AR_feature_selection:none,AR_encoding:onehot,AR_imputation:mean,AR_outlier_removal:lof,AR_dimensionality_reduction:svd,RF",0.7976190476190476,0.0,140*4,acorec-retrained
800,784,target,"AR_scaling:none,AR_outlier_removal:isolation_forest,AR_feature_selection:mutual_info,AR_imputation:knn,AR_encoding:onehot,AR_dimensionality_reduction:none,RF",0.7738095238095238,0.0,140*4,acorec-retrained
801,786,target,"AR_scaling:none,AR_feature_selection:variance_threshold,AR_dimensionality_reduction:svd,AR_outlier_removal:isolation_forest,AR_imputation:mean,AR_encoding:onehot,RF",0.8166666666666668,0.0,303*14,acorec-retrained
802,786,target,"AR_outlier_removal:none,AR_scaling:minmax,AR_dimensionality_reduction:pca,AR_imputation:mean,AR_encoding:onehot,AR_feature_selection:k_best,RF",0.8166666666666668,0.0,303*14,acorec-retrained
803,786,target,"AR_feature_selection:variance_threshold,AR_scaling:robust,AR_imputation:knn,AR_encoding:onehot,AR_outlier_removal:iqr,AR_dimensionality_reduction:none,RF",0.8222222222222223,0.0,303*14,acorec-retrained
804,786,target,"AR_feature_selection:variance_threshold,AR_imputation:median,AR_scaling:robust,AR_encoding:onehot,AR_outlier_removal:zscore,AR_dimensionality_reduction:svd,RF",0.8500000000000001,0.0,303*14,acorec-retrained
805,786,target,"AR_outlier_removal:isolation_forest,AR_scaling:standard,AR_dimensionality_reduction:svd,AR_feature_selection:variance_threshold,AR_imputation:knn,AR_encoding:onehot,RF",0.8277777777777778,0.0,303*14,acorec-retrained
806,786,target,"AR_feature_selection:mutual_info,AR_encoding:onehot,AR_scaling:standard,AR_outlier_removal:none,AR_imputation:knn,AR_dimensionality_reduction:svd,RF",0.8277777777777778,0.0,303*14,acorec-retrained
807,786,target,"AR_feature_selection:k_best,AR_imputation:knn,AR_outlier_removal:none,AR_encoding:onehot,AR_dimensionality_reduction:svd,AR_scaling:robust,RF",0.8388888888888889,0.0,303*14,acorec-retrained
808,786,target,"AR_scaling:robust,AR_feature_selection:k_best,AR_dimensionality_reduction:pca,AR_outlier_removal:iqr,AR_encoding:onehot,AR_imputation:mean,RF",0.8222222222222223,0.0,303*14,acorec-retrained
809,786,target,"AR_dimensionality_reduction:pca,AR_scaling:maxabs,AR_encoding:onehot,AR_imputation:constant,AR_outlier_removal:isolation_forest,AR_feature_selection:k_best,RF",0.8222222222222223,0.0,303*14,acorec-retrained
810,786,target,"AR_dimensionality_reduction:pca,AR_feature_selection:variance_threshold,AR_imputation:mean,AR_scaling:robust,AR_encoding:onehot,AR_outlier_removal:none,RF",0.8388888888888889,0.0,303*14,acorec-retrained
811,797,target,"AR_outlier_removal:none,AR_scaling:robust,AR_imputation:knn,AR_dimensionality_reduction:none,AR_feature_selection:mutual_info,AR_encoding:onehot,RF",0.645,0.0,1000*51,acorec-retrained
812,797,target,"AR_scaling:minmax,AR_feature_selection:mutual_info,AR_imputation:mean,AR_outlier_removal:none,AR_encoding:onehot,AR_dimensionality_reduction:svd,RF",0.6583333333333333,0.0,1000*51,acorec-retrained
813,797,target,"AR_feature_selection:none,AR_scaling:standard,AR_encoding:onehot,AR_dimensionality_reduction:svd,AR_imputation:mean,AR_outlier_removal:zscore,RF",0.6566666666666667,0.0,1000*51,acorec-retrained
814,797,target,"AR_feature_selection:none,AR_outlier_removal:zscore,AR_scaling:robust,AR_dimensionality_reduction:none,AR_imputation:none,AR_encoding:onehot,RF",0.6583333333333333,0.0,1000*51,acorec-retrained
815,797,target,"AR_dimensionality_reduction:pca,AR_imputation:knn,AR_scaling:none,AR_feature_selection:none,AR_outlier_removal:isolation_forest,AR_encoding:onehot,RF",0.655,0.0,1000*51,acorec-retrained
816,797,target,"AR_outlier_removal:none,AR_dimensionality_reduction:svd,AR_imputation:constant,AR_scaling:robust,AR_encoding:onehot,AR_feature_selection:variance_threshold,RF",0.6366666666666667,0.0,1000*51,acorec-retrained
817,797,target,"AR_outlier_removal:iqr,AR_imputation:mean,AR_dimensionality_reduction:none,AR_encoding:onehot,AR_feature_selection:k_best,AR_scaling:minmax,RF",0.6616666666666667,0.0,1000*51,acorec-retrained
818,797,target,"AR_outlier_removal:iqr,AR_scaling:minmax,AR_encoding:none,AR_imputation:most_frequent,AR_feature_selection:k_best,AR_dimensionality_reduction:svd,RF",0.66,0.0,1000*51,acorec-retrained
819,797,target,"AR_scaling:minmax,AR_feature_selection:mutual_info,AR_imputation:mean,AR_encoding:onehot,AR_outlier_removal:iqr,AR_dimensionality_reduction:svd,RF",0.6516666666666667,0.0,1000*51,acorec-retrained
820,797,target,"AR_encoding:onehot,AR_dimensionality_reduction:svd,AR_scaling:none,AR_feature_selection:k_best,AR_outlier_removal:none,AR_imputation:knn,RF",0.6433333333333333,0.0,1000*51,acorec-retrained
821,798,target,"AR_imputation:median,AR_dimensionality_reduction:pca,AR_scaling:robust,AR_encoding:onehot,AR_outlier_removal:zscore,AR_feature_selection:mutual_info,RF",0.6111111111111112,0.0,303*14,acorec-retrained
822,798,target,"AR_feature_selection:k_best,AR_encoding:onehot,AR_outlier_removal:iqr,AR_scaling:none,AR_dimensionality_reduction:pca,AR_imputation:mean,RF",0.6,0.0,303*14,acorec-retrained
823,798,target,"AR_scaling:maxabs,AR_outlier_removal:lof,AR_imputation:median,AR_feature_selection:mutual_info,AR_encoding:onehot,AR_dimensionality_reduction:pca,RF",0.5722222222222223,0.0,303*14,acorec-retrained
824,798,target,"AR_scaling:maxabs,AR_outlier_removal:lof,AR_feature_selection:k_best,AR_encoding:onehot,AR_dimensionality_reduction:pca,AR_imputation:mean,RF",0.611111111111111,0.0,303*14,acorec-retrained
825,798,target,"AR_outlier_removal:none,AR_scaling:standard,AR_imputation:most_frequent,AR_encoding:onehot,AR_dimensionality_reduction:pca,AR_feature_selection:k_best,RF",0.5722222222222223,0.0,303*14,acorec-retrained
826,798,target,"AR_dimensionality_reduction:svd,AR_outlier_removal:iqr,AR_scaling:none,AR_imputation:most_frequent,AR_feature_selection:variance_threshold,AR_encoding:onehot,RF",0.5666666666666668,0.0,303*14,acorec-retrained
827,798,target,"AR_dimensionality_reduction:svd,AR_feature_selection:variance_threshold,AR_imputation:median,AR_outlier_removal:zscore,AR_scaling:maxabs,AR_encoding:onehot,RF",0.6277777777777778,0.0,303*14,acorec-retrained
828,798,target,"AR_encoding:onehot,AR_dimensionality_reduction:svd,AR_feature_selection:none,AR_outlier_removal:lof,AR_imputation:constant,AR_scaling:none,RF",0.5722222222222223,0.0,303*14,acorec-retrained
829,798,target,"AR_outlier_removal:isolation_forest,AR_dimensionality_reduction:pca,AR_imputation:knn,AR_feature_selection:mutual_info,AR_scaling:maxabs,AR_encoding:onehot,RF",0.6166666666666667,0.0,303*14,acorec-retrained
830,798,target,"AR_imputation:constant,AR_scaling:none,AR_outlier_removal:none,AR_encoding:onehot,AR_dimensionality_reduction:svd,AR_feature_selection:none,RF",0.5666666666666668,0.0,303*14,acorec-retrained
831,814,target,"AR_feature_selection:k_best,AR_encoding:none,AR_outlier_removal:lof,AR_dimensionality_reduction:svd,AR_scaling:standard,AR_imputation:knn,RF",0.5698924731182795,0.0,468*3,acorec-retrained
832,814,target,"AR_outlier_removal:isolation_forest,AR_encoding:onehot,AR_scaling:standard,AR_imputation:constant,AR_feature_selection:mutual_info,AR_dimensionality_reduction:svd,RF",0.5842293906810035,0.0,468*3,acorec-retrained
833,814,target,"AR_encoding:onehot,AR_scaling:minmax,AR_dimensionality_reduction:svd,AR_imputation:median,AR_feature_selection:variance_threshold,AR_outlier_removal:zscore,RF",0.5627240143369175,0.0,468*3,acorec-retrained
834,814,target,"AR_feature_selection:mutual_info,AR_imputation:knn,AR_outlier_removal:iqr,AR_dimensionality_reduction:svd,AR_encoding:onehot,AR_scaling:minmax,RF",0.5627240143369175,0.0,468*3,acorec-retrained
835,814,target,"AR_encoding:onehot,AR_scaling:maxabs,AR_imputation:median,AR_dimensionality_reduction:none,AR_feature_selection:variance_threshold,AR_outlier_removal:zscore,RF",0.5555555555555555,0.0,468*3,acorec-retrained
836,814,target,"AR_dimensionality_reduction:none,AR_imputation:most_frequent,AR_encoding:onehot,AR_scaling:none,AR_feature_selection:none,AR_outlier_removal:iqr,RF",0.5053763440860215,0.0,468*3,acorec-retrained
837,814,target,"AR_outlier_removal:none,AR_imputation:knn,AR_scaling:robust,AR_encoding:onehot,AR_dimensionality_reduction:none,AR_feature_selection:none,RF",0.5663082437275985,0.0,468*3,acorec-retrained
838,814,target,"AR_imputation:mean,AR_outlier_removal:iqr,AR_feature_selection:none,AR_scaling:robust,AR_dimensionality_reduction:svd,AR_encoding:onehot,RF",0.5663082437275985,0.0,468*3,acorec-retrained
839,814,target,"AR_outlier_removal:iqr,AR_encoding:onehot,AR_imputation:mean,AR_dimensionality_reduction:pca,AR_feature_selection:k_best,AR_scaling:robust,RF",0.5663082437275985,0.0,468*3,acorec-retrained
840,814,target,"AR_dimensionality_reduction:svd,AR_encoding:none,AR_feature_selection:k_best,AR_imputation:constant,AR_scaling:minmax,AR_outlier_removal:iqr,RF",0.5627240143369175,0.0,468*3,acorec-retrained
841,824,target,"AR_encoding:none,AR_outlier_removal:iqr,AR_imputation:knn,AR_scaling:none,AR_feature_selection:k_best,AR_dimensionality_reduction:none,RF",0.6733333333333333,0.0,500*11,acorec-retrained
842,824,target,"AR_outlier_removal:lof,AR_scaling:standard,AR_dimensionality_reduction:pca,AR_encoding:none,AR_feature_selection:variance_threshold,AR_imputation:mean,RF",0.6733333333333333,0.0,500*11,acorec-retrained
843,824,target,"AR_encoding:onehot,AR_imputation:none,AR_feature_selection:none,AR_scaling:robust,AR_outlier_removal:iqr,AR_dimensionality_reduction:pca,RF",0.6833333333333332,0.0,500*11,acorec-retrained
844,824,target,"AR_dimensionality_reduction:pca,AR_scaling:robust,AR_encoding:onehot,AR_outlier_removal:iqr,AR_feature_selection:k_best,AR_imputation:none,RF",0.6833333333333332,0.0,500*11,acorec-retrained
845,824,target,"AR_scaling:none,AR_imputation:constant,AR_dimensionality_reduction:svd,AR_outlier_removal:lof,AR_feature_selection:k_best,AR_encoding:onehot,RF",0.6733333333333333,0.0,500*11,acorec-retrained
846,824,target,"AR_feature_selection:none,AR_dimensionality_reduction:pca,AR_encoding:onehot,AR_scaling:maxabs,AR_imputation:median,AR_outlier_removal:isolation_forest,RF",0.6733333333333333,0.0,500*11,acorec-retrained
847,824,target,"AR_feature_selection:variance_threshold,AR_encoding:onehot,AR_scaling:maxabs,AR_outlier_removal:lof,AR_dimensionality_reduction:none,AR_imputation:mean,RF",0.6733333333333333,0.0,500*11,acorec-retrained
848,824,target,"AR_dimensionality_reduction:svd,AR_outlier_removal:none,AR_encoding:onehot,AR_scaling:none,AR_feature_selection:none,AR_imputation:none,RF",0.6733333333333333,0.0,500*11,acorec-retrained
849,824,target,"AR_feature_selection:k_best,AR_imputation:median,AR_dimensionality_reduction:svd,AR_encoding:onehot,AR_outlier_removal:zscore,AR_scaling:minmax,RF",0.6866666666666666,0.0,500*11,acorec-retrained
850,824,target,"AR_feature_selection:k_best,AR_imputation:median,AR_outlier_removal:isolation_forest,AR_dimensionality_reduction:svd,AR_scaling:none,AR_encoding:onehot,RF",0.6666666666666666,0.0,500*11,acorec-retrained
851,838,target,"AR_imputation:knn,AR_feature_selection:k_best,AR_dimensionality_reduction:pca,AR_outlier_removal:none,AR_encoding:none,AR_scaling:minmax,RF",0.6833333333333332,0.0,500*26,acorec-retrained
852,838,target,"AR_encoding:onehot,AR_scaling:none,AR_imputation:most_frequent,AR_outlier_removal:isolation_forest,AR_dimensionality_reduction:pca,AR_feature_selection:none,RF",0.7033333333333333,0.0,500*26,acorec-retrained
853,838,target,"AR_feature_selection:none,AR_encoding:onehot,AR_scaling:none,AR_outlier_removal:lof,AR_imputation:none,AR_dimensionality_reduction:svd,RF",0.7033333333333335,0.0,500*26,acorec-retrained
854,838,target,"AR_imputation:most_frequent,AR_feature_selection:none,AR_scaling:minmax,AR_encoding:none,AR_dimensionality_reduction:pca,AR_outlier_removal:isolation_forest,RF",0.6966666666666667,0.0,500*26,acorec-retrained
855,838,target,"AR_dimensionality_reduction:svd,AR_scaling:none,AR_encoding:none,AR_imputation:mean,AR_outlier_removal:iqr,AR_feature_selection:k_best,RF",0.7133333333333333,0.0,500*26,acorec-retrained
856,838,target,"AR_encoding:none,AR_scaling:maxabs,AR_outlier_removal:zscore,AR_dimensionality_reduction:pca,AR_feature_selection:k_best,AR_imputation:none,RF",0.6999999999999998,0.0,500*26,acorec-retrained
857,838,target,"AR_imputation:median,AR_feature_selection:k_best,AR_encoding:onehot,AR_scaling:standard,AR_dimensionality_reduction:pca,AR_outlier_removal:iqr,RF",0.7066666666666667,0.0,500*26,acorec-retrained
858,838,target,"AR_encoding:onehot,AR_outlier_removal:isolation_forest,AR_scaling:robust,AR_feature_selection:variance_threshold,AR_dimensionality_reduction:pca,AR_imputation:median,RF",0.7166666666666667,0.0,500*26,acorec-retrained
859,838,target,"AR_scaling:minmax,AR_outlier_removal:isolation_forest,AR_imputation:median,AR_encoding:onehot,AR_dimensionality_reduction:none,AR_feature_selection:mutual_info,RF",0.7133333333333333,0.0,500*26,acorec-retrained
860,838,target,"AR_outlier_removal:isolation_forest,AR_dimensionality_reduction:svd,AR_feature_selection:k_best,AR_encoding:onehot,AR_imputation:median,AR_scaling:none,RF",0.7033333333333335,0.0,500*26,acorec-retrained
861,846,target,"AR_dimensionality_reduction:none,AR_imputation:median,AR_scaling:standard,AR_encoding:none,AR_feature_selection:k_best,AR_outlier_removal:iqr,RF",0.8788888888888889,0.0,5000*19,acorec-retrained
862,846,target,"AR_feature_selection:k_best,AR_encoding:onehot,AR_dimensionality_reduction:svd,AR_imputation:none,AR_outlier_removal:iqr,AR_scaling:maxabs,RF",0.7922222222222222,0.0,5000*19,acorec-retrained
863,846,target,"AR_scaling:standard,AR_outlier_removal:isolation_forest,AR_feature_selection:variance_threshold,AR_dimensionality_reduction:svd,AR_imputation:mean,AR_encoding:onehot,RF",0.7922222222222223,0.0,5000*19,acorec-retrained
864,846,target,"AR_dimensionality_reduction:svd,AR_scaling:standard,AR_feature_selection:k_best,AR_outlier_removal:isolation_forest,AR_imputation:knn,AR_encoding:onehot,RF",0.7922222222222223,0.0,5000*19,acorec-retrained
865,846,target,"AR_feature_selection:mutual_info,AR_outlier_removal:iqr,AR_imputation:none,AR_scaling:none,AR_encoding:none,AR_dimensionality_reduction:svd,RF",0.7466666666666667,0.0,5000*19,acorec-retrained
866,846,target,"AR_scaling:standard,AR_dimensionality_reduction:pca,AR_outlier_removal:lof,AR_feature_selection:variance_threshold,AR_imputation:knn,AR_encoding:onehot,RF",0.7988888888888889,0.0,5000*19,acorec-retrained
867,846,target,"AR_feature_selection:mutual_info,AR_encoding:onehot,AR_scaling:maxabs,AR_imputation:knn,AR_outlier_removal:isolation_forest,AR_dimensionality_reduction:pca,RF",0.7922222222222223,0.0,5000*19,acorec-retrained
868,846,target,"AR_imputation:none,AR_feature_selection:variance_threshold,AR_encoding:onehot,AR_outlier_removal:isolation_forest,AR_scaling:maxabs,AR_dimensionality_reduction:svd,RF",0.7922222222222223,0.0,5000*19,acorec-retrained
869,846,target,"AR_outlier_removal:none,AR_dimensionality_reduction:svd,AR_imputation:mean,AR_encoding:none,AR_feature_selection:variance_threshold,AR_scaling:minmax,RF",0.82,0.0,5000*19,acorec-retrained
870,846,target,"AR_imputation:most_frequent,AR_scaling:robust,AR_dimensionality_reduction:none,AR_feature_selection:variance_threshold,AR_encoding:onehot,AR_outlier_removal:none,RF",0.8755555555555556,0.0,5000*19,acorec-retrained
871,848,target,"AR_scaling:robust,AR_outlier_removal:none,AR_dimensionality_reduction:svd,AR_encoding:onehot,AR_imputation:none,AR_feature_selection:variance_threshold,RF",0.8571428571428572,0.0,38*6,acorec-retrained
872,848,target,"AR_dimensionality_reduction:svd,AR_scaling:maxabs,AR_outlier_removal:zscore,AR_feature_selection:mutual_info,AR_imputation:most_frequent,AR_encoding:onehot,RF",0.8095238095238094,0.0,38*6,acorec-retrained
873,848,target,"AR_outlier_removal:zscore,AR_feature_selection:k_best,AR_encoding:onehot,AR_dimensionality_reduction:svd,AR_imputation:constant,AR_scaling:maxabs,RF",0.8095238095238094,0.0,38*6,acorec-retrained
874,848,target,"AR_scaling:none,AR_outlier_removal:zscore,AR_feature_selection:k_best,AR_encoding:onehot,AR_imputation:knn,AR_dimensionality_reduction:none,RF",0.8571428571428572,0.0,38*6,acorec-retrained
875,848,target,"AR_feature_selection:mutual_info,AR_imputation:mean,AR_outlier_removal:isolation_forest,AR_dimensionality_reduction:none,AR_encoding:onehot,AR_scaling:maxabs,RF",0.8095238095238094,0.0,38*6,acorec-retrained
876,848,target,"AR_imputation:most_frequent,AR_encoding:onehot,AR_outlier_removal:lof,AR_feature_selection:k_best,AR_scaling:standard,AR_dimensionality_reduction:pca,RF",0.9047619047619048,0.0,38*6,acorec-retrained
877,848,target,"AR_feature_selection:mutual_info,AR_imputation:mean,AR_encoding:onehot,AR_outlier_removal:none,AR_scaling:none,AR_dimensionality_reduction:pca,RF",0.7619047619047619,0.0,38*6,acorec-retrained
878,848,target,"AR_dimensionality_reduction:svd,AR_feature_selection:none,AR_encoding:onehot,AR_scaling:robust,AR_outlier_removal:lof,AR_imputation:most_frequent,RF",0.8571428571428572,0.0,38*6,acorec-retrained
879,848,target,"AR_imputation:most_frequent,AR_feature_selection:none,AR_encoding:onehot,AR_scaling:maxabs,AR_dimensionality_reduction:none,AR_outlier_removal:zscore,RF",0.8095238095238094,0.0,38*6,acorec-retrained
880,848,target,"AR_dimensionality_reduction:svd,AR_imputation:median,AR_feature_selection:mutual_info,AR_scaling:standard,AR_encoding:onehot,AR_outlier_removal:zscore,RF",0.9047619047619048,0.0,38*6,acorec-retrained
881,853,target,"AR_outlier_removal:isolation_forest,AR_dimensionality_reduction:svd,AR_imputation:constant,AR_scaling:robust,AR_encoding:onehot,AR_feature_selection:none,RF",0.8811881188118812,0.0,506*14,acorec-retrained
882,853,target,"AR_feature_selection:variance_threshold,AR_outlier_removal:isolation_forest,AR_scaling:robust,AR_dimensionality_reduction:pca,AR_encoding:onehot,AR_imputation:constant,RF",0.8844884488448845,0.0,506*14,acorec-retrained
883,853,target,"AR_scaling:robust,AR_imputation:most_frequent,AR_feature_selection:k_best,AR_dimensionality_reduction:svd,AR_encoding:onehot,AR_outlier_removal:isolation_forest,RF",0.8811881188118812,0.0,506*14,acorec-retrained
884,853,target,"AR_scaling:minmax,AR_feature_selection:mutual_info,AR_outlier_removal:isolation_forest,AR_encoding:onehot,AR_dimensionality_reduction:pca,AR_imputation:knn,RF",0.8646864686468647,0.0,506*14,acorec-retrained
885,853,target,"AR_dimensionality_reduction:none,AR_imputation:none,AR_encoding:onehot,AR_outlier_removal:none,AR_feature_selection:mutual_info,AR_scaling:minmax,RF",0.8745874587458746,0.0,506*14,acorec-retrained
886,853,target,"AR_dimensionality_reduction:none,AR_scaling:robust,AR_encoding:onehot,AR_imputation:constant,AR_outlier_removal:zscore,AR_feature_selection:none,RF",0.8877887788778879,0.0,506*14,acorec-retrained
887,853,target,"AR_feature_selection:mutual_info,AR_outlier_removal:none,AR_scaling:maxabs,AR_encoding:onehot,AR_imputation:most_frequent,AR_dimensionality_reduction:svd,RF",0.8580858085808581,0.0,506*14,acorec-retrained
888,853,target,"AR_outlier_removal:lof,AR_dimensionality_reduction:svd,AR_imputation:median,AR_scaling:minmax,AR_feature_selection:k_best,AR_encoding:onehot,RF",0.8712871287128713,0.0,506*14,acorec-retrained
889,853,target,"AR_dimensionality_reduction:svd,AR_encoding:onehot,AR_imputation:mean,AR_scaling:none,AR_feature_selection:k_best,AR_outlier_removal:none,RF",0.8712871287128713,0.0,506*14,acorec-retrained
890,853,target,"AR_feature_selection:mutual_info,AR_encoding:onehot,AR_outlier_removal:zscore,AR_dimensionality_reduction:svd,AR_imputation:none,AR_scaling:maxabs,RF",0.8514851485148515,0.0,506*14,acorec-retrained
891,854,target,"AR_imputation:median,AR_dimensionality_reduction:svd,AR_encoding:onehot,AR_feature_selection:variance_threshold,AR_outlier_removal:isolation_forest,AR_scaling:minmax,RF",0.956989247311828,0.0,158*8,acorec-retrained
892,854,target,"AR_outlier_removal:none,AR_imputation:knn,AR_dimensionality_reduction:pca,AR_feature_selection:variance_threshold,AR_encoding:onehot,AR_scaling:standard,RF",0.978494623655914,0.0,158*8,acorec-retrained
893,854,target,"AR_feature_selection:variance_threshold,AR_scaling:maxabs,AR_outlier_removal:lof,AR_dimensionality_reduction:none,AR_imputation:knn,AR_encoding:onehot,RF",0.9139784946236559,0.0,158*8,acorec-retrained
894,854,target,"AR_dimensionality_reduction:none,AR_scaling:maxabs,AR_feature_selection:variance_threshold,AR_imputation:mean,AR_encoding:onehot,AR_outlier_removal:isolation_forest,RF",0.946236559139785,0.0,158*8,acorec-retrained
895,854,target,"AR_feature_selection:mutual_info,AR_encoding:onehot,AR_imputation:none,AR_dimensionality_reduction:pca,AR_outlier_removal:isolation_forest,AR_scaling:maxabs,RF",0.946236559139785,0.0,158*8,acorec-retrained
896,854,target,"AR_scaling:none,AR_encoding:onehot,AR_imputation:none,AR_feature_selection:none,AR_outlier_removal:none,AR_dimensionality_reduction:none,RF",0.989247311827957,0.0,158*8,acorec-retrained
897,854,target,"AR_scaling:standard,AR_encoding:onehot,AR_outlier_removal:lof,AR_dimensionality_reduction:pca,AR_imputation:knn,AR_feature_selection:none,RF",0.978494623655914,0.0,158*8,acorec-retrained
898,854,target,"AR_outlier_removal:iqr,AR_scaling:robust,AR_dimensionality_reduction:pca,AR_feature_selection:none,AR_imputation:knn,AR_encoding:onehot,RF",0.978494623655914,0.0,158*8,acorec-retrained
899,854,target,"AR_imputation:knn,AR_feature_selection:none,AR_encoding:onehot,AR_scaling:robust,AR_dimensionality_reduction:none,AR_outlier_removal:zscore,RF",0.978494623655914,0.0,158*8,acorec-retrained
900,854,target,"AR_dimensionality_reduction:pca,AR_encoding:onehot,AR_scaling:robust,AR_feature_selection:k_best,AR_outlier_removal:none,AR_imputation:knn,RF",0.978494623655914,0.0,158*8,acorec-retrained
901,871,target,"AR_outlier_removal:none,AR_imputation:none,AR_dimensionality_reduction:svd,AR_scaling:none,AR_encoding:onehot,AR_feature_selection:none,RF",0.5088888888888888,0.0,3848*6,acorec-retrained
902,871,target,"AR_scaling:maxabs,AR_dimensionality_reduction:svd,AR_encoding:onehot,AR_imputation:most_frequent,AR_feature_selection:k_best,AR_outlier_removal:iqr,RF",0.5211111111111111,0.0,3848*6,acorec-retrained
903,871,target,"AR_scaling:standard,AR_encoding:onehot,AR_dimensionality_reduction:svd,AR_imputation:constant,AR_outlier_removal:lof,AR_feature_selection:none,RF",0.5233333333333333,0.0,3848*6,acorec-retrained
904,871,target,"AR_outlier_removal:iqr,AR_imputation:median,AR_scaling:minmax,AR_dimensionality_reduction:none,AR_feature_selection:none,AR_encoding:none,RF",0.5222222222222223,0.0,3848*6,acorec-retrained
905,871,target,"AR_dimensionality_reduction:pca,AR_outlier_removal:isolation_forest,AR_scaling:minmax,AR_feature_selection:k_best,AR_encoding:onehot,AR_imputation:constant,RF",0.5233333333333333,0.0,3848*6,acorec-retrained
906,871,target,"AR_feature_selection:none,AR_outlier_removal:isolation_forest,AR_imputation:most_frequent,AR_scaling:robust,AR_encoding:onehot,AR_dimensionality_reduction:svd,RF",0.5177777777777779,0.0,3848*6,acorec-retrained
907,871,target,"AR_imputation:knn,AR_encoding:onehot,AR_feature_selection:variance_threshold,AR_scaling:none,AR_outlier_removal:isolation_forest,AR_dimensionality_reduction:pca,RF",0.5066666666666667,0.0,3848*6,acorec-retrained
908,871,target,"AR_encoding:none,AR_scaling:none,AR_imputation:mean,AR_outlier_removal:none,AR_dimensionality_reduction:pca,AR_feature_selection:k_best,RF",0.5088888888888888,0.0,3848*6,acorec-retrained
909,871,target,"AR_encoding:none,AR_dimensionality_reduction:svd,AR_outlier_removal:none,AR_scaling:maxabs,AR_imputation:none,AR_feature_selection:k_best,RF",0.5044444444444445,0.0,3848*6,acorec-retrained
910,871,target,"AR_feature_selection:mutual_info,AR_dimensionality_reduction:none,AR_scaling:maxabs,AR_imputation:knn,AR_encoding:none,AR_outlier_removal:zscore,RF",0.5188888888888888,0.0,3848*6,acorec-retrained
911,878,target,"AR_feature_selection:none,AR_outlier_removal:lof,AR_encoding:onehot,AR_dimensionality_reduction:none,AR_scaling:standard,AR_imputation:most_frequent,RF",0.7333333333333334,0.0,100*11,acorec-retrained
912,878,target,"AR_dimensionality_reduction:pca,AR_outlier_removal:none,AR_encoding:onehot,AR_feature_selection:k_best,AR_imputation:none,AR_scaling:minmax,RF",0.6999999999999998,0.0,100*11,acorec-retrained
913,878,target,"AR_encoding:onehot,AR_scaling:maxabs,AR_outlier_removal:lof,AR_imputation:constant,AR_dimensionality_reduction:svd,AR_feature_selection:mutual_info,RF",0.6999999999999998,0.0,100*11,acorec-retrained
914,878,target,"AR_imputation:median,AR_encoding:none,AR_scaling:none,AR_outlier_removal:none,AR_dimensionality_reduction:none,AR_feature_selection:variance_threshold,RF",0.7333333333333334,0.0,100*11,acorec-retrained
915,878,target,"AR_dimensionality_reduction:svd,AR_imputation:knn,AR_outlier_removal:none,AR_feature_selection:k_best,AR_encoding:onehot,AR_scaling:standard,RF",0.7333333333333334,0.0,100*11,acorec-retrained
916,878,target,"AR_imputation:median,AR_encoding:none,AR_dimensionality_reduction:none,AR_scaling:robust,AR_feature_selection:none,AR_outlier_removal:lof,RF",0.7333333333333334,0.0,100*11,acorec-retrained
917,878,target,"AR_scaling:none,AR_outlier_removal:iqr,AR_imputation:constant,AR_encoding:onehot,AR_feature_selection:none,AR_dimensionality_reduction:svd,RF",0.7166666666666667,0.0,100*11,acorec-retrained
918,878,target,"AR_dimensionality_reduction:none,AR_feature_selection:mutual_info,AR_outlier_removal:none,AR_imputation:mean,AR_encoding:onehot,AR_scaling:standard,RF",0.7333333333333334,0.0,100*11,acorec-retrained
919,878,target,"AR_feature_selection:k_best,AR_outlier_removal:none,AR_scaling:none,AR_encoding:onehot,AR_dimensionality_reduction:pca,AR_imputation:most_frequent,RF",0.7333333333333334,0.0,100*11,acorec-retrained
920,878,target,"AR_outlier_removal:none,AR_encoding:none,AR_scaling:robust,AR_imputation:mean,AR_dimensionality_reduction:pca,AR_feature_selection:k_best,RF",0.7333333333333334,0.0,100*11,acorec-retrained
921,886,target,"AR_encoding:onehot,AR_feature_selection:k_best,AR_imputation:knn,AR_scaling:minmax,AR_dimensionality_reduction:pca,AR_outlier_removal:iqr,RF",0.6,0.0,500*8,acorec-retrained
922,886,target,"AR_outlier_removal:lof,AR_imputation:median,AR_feature_selection:k_best,AR_dimensionality_reduction:svd,AR_scaling:maxabs,AR_encoding:none,RF",0.62,0.0,500*8,acorec-retrained
923,886,target,"AR_outlier_removal:none,AR_imputation:most_frequent,AR_feature_selection:k_best,AR_dimensionality_reduction:pca,AR_encoding:none,AR_scaling:robust,RF",0.6133333333333333,0.0,500*8,acorec-retrained
924,886,target,"AR_dimensionality_reduction:pca,AR_encoding:onehot,AR_outlier_removal:lof,AR_imputation:median,AR_feature_selection:none,AR_scaling:maxabs,RF",0.62,0.0,500*8,acorec-retrained
925,886,target,"AR_imputation:median,AR_scaling:standard,AR_encoding:none,AR_outlier_removal:none,AR_feature_selection:mutual_info,AR_dimensionality_reduction:none,RF",0.6133333333333333,0.0,500*8,acorec-retrained
926,886,target,"AR_encoding:onehot,AR_feature_selection:k_best,AR_dimensionality_reduction:svd,AR_scaling:maxabs,AR_imputation:none,AR_outlier_removal:none,RF",0.6,0.0,500*8,acorec-retrained
927,886,target,"AR_dimensionality_reduction:svd,AR_scaling:robust,AR_encoding:none,AR_feature_selection:variance_threshold,AR_imputation:knn,AR_outlier_removal:none,RF",0.6133333333333333,0.0,500*8,acorec-retrained
928,886,target,"AR_encoding:onehot,AR_outlier_removal:isolation_forest,AR_scaling:minmax,AR_dimensionality_reduction:svd,AR_feature_selection:variance_threshold,AR_imputation:constant,RF",0.5766666666666667,0.0,500*8,acorec-retrained
929,886,target,"AR_imputation:most_frequent,AR_dimensionality_reduction:svd,AR_feature_selection:variance_threshold,AR_encoding:onehot,AR_outlier_removal:iqr,AR_scaling:none,RF",0.63,0.0,500*8,acorec-retrained
930,886,target,"AR_dimensionality_reduction:pca,AR_feature_selection:mutual_info,AR_encoding:onehot,AR_imputation:none,AR_scaling:maxabs,AR_outlier_removal:none,RF",0.6,0.0,500*8,acorec-retrained
931,890,target,"AR_encoding:onehot,AR_imputation:most_frequent,AR_feature_selection:mutual_info,AR_dimensionality_reduction:pca,AR_scaling:maxabs,AR_outlier_removal:zscore,RF",0.6507936507936508,0.0,108*8,acorec-retrained
932,890,target,"AR_feature_selection:mutual_info,AR_scaling:standard,AR_imputation:knn,AR_encoding:onehot,AR_dimensionality_reduction:svd,AR_outlier_removal:lof,RF",0.6984126984126983,0.0,108*8,acorec-retrained
933,890,target,"AR_imputation:knn,AR_encoding:onehot,AR_scaling:standard,AR_outlier_removal:iqr,AR_feature_selection:none,AR_dimensionality_reduction:svd,RF",0.6825396825396824,0.0,108*8,acorec-retrained
934,890,target,"AR_imputation:median,AR_encoding:onehot,AR_outlier_removal:none,AR_dimensionality_reduction:pca,AR_feature_selection:k_best,AR_scaling:minmax,RF",0.6507936507936508,0.0,108*8,acorec-retrained
935,890,target,"AR_encoding:onehot,AR_imputation:knn,AR_scaling:robust,AR_feature_selection:none,AR_dimensionality_reduction:none,AR_outlier_removal:lof,RF",0.6825396825396824,0.0,108*8,acorec-retrained
936,890,target,"AR_dimensionality_reduction:none,AR_scaling:none,AR_encoding:onehot,AR_outlier_removal:none,AR_feature_selection:none,AR_imputation:none,RF",0.7142857142857143,0.0,108*8,acorec-retrained
937,890,target,"AR_outlier_removal:lof,AR_feature_selection:mutual_info,AR_dimensionality_reduction:none,AR_scaling:standard,AR_imputation:median,AR_encoding:onehot,RF",0.6984126984126983,0.0,108*8,acorec-retrained
938,890,target,"AR_encoding:onehot,AR_feature_selection:k_best,AR_outlier_removal:zscore,AR_dimensionality_reduction:pca,AR_imputation:none,AR_scaling:standard,RF",0.6825396825396824,0.0,108*8,acorec-retrained
939,890,target,"AR_encoding:onehot,AR_imputation:mean,AR_feature_selection:mutual_info,AR_dimensionality_reduction:pca,AR_outlier_removal:iqr,AR_scaling:minmax,RF",0.6507936507936508,0.0,108*8,acorec-retrained
940,890,target,"AR_encoding:onehot,AR_outlier_removal:lof,AR_imputation:median,AR_dimensionality_reduction:none,AR_scaling:minmax,AR_feature_selection:none,RF",0.6507936507936508,0.0,108*8,acorec-retrained
941,897,target,"AR_imputation:mean,AR_dimensionality_reduction:svd,AR_feature_selection:variance_threshold,AR_scaling:none,AR_outlier_removal:isolation_forest,AR_encoding:onehot,RF",0.9913793103448277,0.0,1161*16,acorec-retrained
942,897,target,"AR_outlier_removal:iqr,AR_feature_selection:mutual_info,AR_scaling:minmax,AR_dimensionality_reduction:none,AR_encoding:onehot,AR_imputation:knn,RF",0.9166666666666666,0.0,1161*16,acorec-retrained
943,897,target,"AR_dimensionality_reduction:pca,AR_encoding:onehot,AR_feature_selection:k_best,AR_imputation:mean,AR_outlier_removal:none,AR_scaling:maxabs,RF",0.949712643678161,0.0,1161*16,acorec-retrained
944,897,target,"AR_outlier_removal:iqr,AR_encoding:onehot,AR_feature_selection:none,AR_imputation:mean,AR_scaling:maxabs,AR_dimensionality_reduction:pca,RF",0.9209770114942528,0.0,1161*16,acorec-retrained
945,897,target,"AR_outlier_removal:isolation_forest,AR_encoding:onehot,AR_scaling:maxabs,AR_dimensionality_reduction:none,AR_imputation:knn,AR_feature_selection:mutual_info,RF",0.9525862068965517,0.0,1161*16,acorec-retrained
946,897,target,"AR_scaling:maxabs,AR_imputation:knn,AR_encoding:onehot,AR_feature_selection:k_best,AR_dimensionality_reduction:svd,AR_outlier_removal:lof,RF",0.9439655172413793,0.0,1161*16,acorec-retrained
947,897,target,"AR_dimensionality_reduction:pca,AR_outlier_removal:lof,AR_feature_selection:mutual_info,AR_imputation:constant,AR_scaling:minmax,AR_encoding:onehot,RF",0.9482758620689656,0.0,1161*16,acorec-retrained
948,897,target,"AR_encoding:onehot,AR_scaling:minmax,AR_dimensionality_reduction:svd,AR_feature_selection:k_best,AR_outlier_removal:zscore,AR_imputation:mean,RF",0.9425287356321839,0.0,1161*16,acorec-retrained
949,897,target,"AR_encoding:onehot,AR_feature_selection:k_best,AR_dimensionality_reduction:svd,AR_scaling:robust,AR_outlier_removal:none,AR_imputation:median,RF",0.9956896551724138,0.0,1161*16,acorec-retrained
950,897,target,"AR_encoding:onehot,AR_scaling:standard,AR_imputation:constant,AR_feature_selection:k_best,AR_dimensionality_reduction:none,AR_outlier_removal:iqr,RF",0.9827586206896551,0.0,1161*16,acorec-retrained
951,899,target,"AR_outlier_removal:zscore,AR_feature_selection:k_best,AR_encoding:onehot,AR_imputation:constant,AR_dimensionality_reduction:none,AR_scaling:standard,RF",0.8703703703703703,0.0,92*6,acorec-retrained
952,899,target,"AR_imputation:constant,AR_outlier_removal:none,AR_scaling:standard,AR_encoding:onehot,AR_feature_selection:variance_threshold,AR_dimensionality_reduction:svd,RF",0.8333333333333334,0.0,92*6,acorec-retrained
953,899,target,"AR_feature_selection:k_best,AR_imputation:mean,AR_dimensionality_reduction:pca,AR_outlier_removal:none,AR_scaling:none,AR_encoding:onehot,RF",0.8703703703703702,0.0,92*6,acorec-retrained
954,899,target,"AR_dimensionality_reduction:pca,AR_imputation:constant,AR_outlier_removal:zscore,AR_encoding:onehot,AR_scaling:none,AR_feature_selection:variance_threshold,RF",0.851851851851852,0.0,92*6,acorec-retrained
955,899,target,"AR_scaling:maxabs,AR_imputation:constant,AR_feature_selection:k_best,AR_outlier_removal:iqr,AR_dimensionality_reduction:svd,AR_encoding:onehot,RF",0.8703703703703703,0.0,92*6,acorec-retrained
956,899,target,"AR_feature_selection:k_best,AR_scaling:none,AR_outlier_removal:none,AR_encoding:onehot,AR_dimensionality_reduction:svd,AR_imputation:most_frequent,RF",0.8518518518518517,0.0,92*6,acorec-retrained
957,899,target,"AR_feature_selection:variance_threshold,AR_dimensionality_reduction:none,AR_encoding:onehot,AR_outlier_removal:none,AR_scaling:minmax,AR_imputation:knn,RF",0.888888888888889,0.0,92*6,acorec-retrained
958,899,target,"AR_feature_selection:mutual_info,AR_dimensionality_reduction:svd,AR_imputation:mean,AR_outlier_removal:none,AR_encoding:onehot,AR_scaling:maxabs,RF",0.9259259259259259,0.0,92*6,acorec-retrained
959,899,target,"AR_feature_selection:mutual_info,AR_dimensionality_reduction:svd,AR_outlier_removal:lof,AR_encoding:onehot,AR_imputation:knn,AR_scaling:maxabs,RF",0.9074074074074074,0.0,92*6,acorec-retrained
960,899,target,"AR_scaling:minmax,AR_outlier_removal:none,AR_imputation:knn,AR_encoding:onehot,AR_dimensionality_reduction:svd,AR_feature_selection:variance_threshold,RF",0.888888888888889,0.0,92*6,acorec-retrained
961,912,target,"AR_dimensionality_reduction:pca,AR_outlier_removal:none,AR_imputation:knn,AR_feature_selection:k_best,AR_encoding:onehot,AR_scaling:maxabs,RF",0.7833333333333333,0.0,1000*6,acorec-retrained
962,912,target,"AR_dimensionality_reduction:svd,AR_scaling:minmax,AR_feature_selection:none,AR_imputation:median,AR_encoding:onehot,AR_outlier_removal:lof,RF",0.7949999999999999,0.0,1000*6,acorec-retrained
963,912,target,"AR_scaling:minmax,AR_feature_selection:k_best,AR_imputation:median,AR_dimensionality_reduction:pca,AR_outlier_removal:lof,AR_encoding:onehot,RF",0.7949999999999999,0.0,1000*6,acorec-retrained
964,912,target,"AR_feature_selection:k_best,AR_imputation:median,AR_encoding:none,AR_scaling:minmax,AR_outlier_removal:lof,AR_dimensionality_reduction:pca,RF",0.7949999999999999,0.0,1000*6,acorec-retrained
965,912,target,"AR_outlier_removal:zscore,AR_encoding:onehot,AR_dimensionality_reduction:pca,AR_imputation:none,AR_scaling:minmax,AR_feature_selection:variance_threshold,RF",0.7966666666666667,0.0,1000*6,acorec-retrained
966,912,target,"AR_outlier_removal:isolation_forest,AR_scaling:minmax,AR_feature_selection:none,AR_imputation:most_frequent,AR_encoding:none,AR_dimensionality_reduction:none,RF",0.7966666666666665,0.0,1000*6,acorec-retrained
967,912,target,"AR_imputation:median,AR_dimensionality_reduction:svd,AR_scaling:minmax,AR_feature_selection:mutual_info,AR_encoding:onehot,AR_outlier_removal:isolation_forest,RF",0.7966666666666665,0.0,1000*6,acorec-retrained
968,912,target,"AR_outlier_removal:lof,AR_dimensionality_reduction:none,AR_imputation:none,AR_scaling:maxabs,AR_feature_selection:none,AR_encoding:onehot,RF",0.7833333333333333,0.0,1000*6,acorec-retrained
969,912,target,"AR_scaling:maxabs,AR_outlier_removal:zscore,AR_encoding:none,AR_dimensionality_reduction:pca,AR_imputation:none,AR_feature_selection:mutual_info,RF",0.7883333333333334,0.0,1000*6,acorec-retrained
970,912,target,"AR_encoding:onehot,AR_imputation:none,AR_feature_selection:none,AR_dimensionality_reduction:none,AR_scaling:standard,AR_outlier_removal:zscore,RF",0.7733333333333334,0.0,1000*6,acorec-retrained
971,921,target,"AR_feature_selection:mutual_info,AR_dimensionality_reduction:svd,AR_outlier_removal:zscore,AR_encoding:onehot,AR_scaling:maxabs,AR_imputation:median,RF",0.8846153846153847,0.0,132*4,acorec-retrained
972,921,target,"AR_feature_selection:none,AR_encoding:onehot,AR_scaling:maxabs,AR_imputation:most_frequent,AR_outlier_removal:isolation_forest,AR_dimensionality_reduction:svd,RF",0.9102564102564102,0.0,132*4,acorec-retrained
973,921,target,"AR_scaling:minmax,AR_encoding:onehot,AR_dimensionality_reduction:svd,AR_imputation:most_frequent,AR_feature_selection:variance_threshold,AR_outlier_removal:none,RF",0.8974358974358975,0.0,132*4,acorec-retrained
974,921,target,"AR_scaling:none,AR_encoding:onehot,AR_feature_selection:k_best,AR_imputation:median,AR_dimensionality_reduction:none,AR_outlier_removal:none,RF",0.9615384615384616,0.0,132*4,acorec-retrained
975,921,target,"AR_scaling:standard,AR_imputation:most_frequent,AR_encoding:onehot,AR_outlier_removal:isolation_forest,AR_feature_selection:none,AR_dimensionality_reduction:pca,RF",0.9743589743589745,0.0,132*4,acorec-retrained
976,921,target,"AR_imputation:mean,AR_scaling:none,AR_outlier_removal:iqr,AR_feature_selection:none,AR_encoding:onehot,AR_dimensionality_reduction:pca,RF",0.9615384615384616,0.0,132*4,acorec-retrained
977,921,target,"AR_outlier_removal:isolation_forest,AR_feature_selection:none,AR_dimensionality_reduction:none,AR_imputation:constant,AR_scaling:standard,AR_encoding:onehot,RF",0.9743589743589745,0.0,132*4,acorec-retrained
978,921,target,"AR_feature_selection:variance_threshold,AR_scaling:maxabs,AR_imputation:none,AR_dimensionality_reduction:pca,AR_encoding:onehot,AR_outlier_removal:lof,RF",0.8846153846153847,0.0,132*4,acorec-retrained
979,921,target,"AR_scaling:standard,AR_encoding:onehot,AR_dimensionality_reduction:pca,AR_outlier_removal:lof,AR_feature_selection:mutual_info,AR_imputation:mean,RF",0.9743589743589745,0.0,132*4,acorec-retrained
980,921,target,"AR_encoding:onehot,AR_outlier_removal:zscore,AR_dimensionality_reduction:pca,AR_scaling:minmax,AR_imputation:mean,AR_feature_selection:k_best,RF",0.8846153846153847,0.0,132*4,acorec-retrained
981,928,target,"AR_imputation:most_frequent,AR_encoding:onehot,AR_scaling:standard,AR_outlier_removal:lof,AR_feature_selection:k_best,AR_dimensionality_reduction:svd,RF",0.9259259259259259,0.0,46*4,acorec-retrained
982,928,target,"AR_scaling:maxabs,AR_dimensionality_reduction:none,AR_encoding:onehot,AR_outlier_removal:iqr,AR_feature_selection:none,AR_imputation:knn,RF",0.7037037037037037,0.0,46*4,acorec-retrained
983,928,target,"AR_encoding:onehot,AR_scaling:minmax,AR_feature_selection:none,AR_imputation:constant,AR_dimensionality_reduction:none,AR_outlier_removal:isolation_forest,RF",0.7407407407407408,0.0,46*4,acorec-retrained
984,928,target,"AR_outlier_removal:zscore,AR_imputation:median,AR_encoding:onehot,AR_dimensionality_reduction:none,AR_scaling:robust,AR_feature_selection:mutual_info,RF",0.7777777777777777,0.0,46*4,acorec-retrained
985,928,target,"AR_outlier_removal:none,AR_encoding:onehot,AR_scaling:standard,AR_feature_selection:mutual_info,AR_imputation:none,AR_dimensionality_reduction:svd,RF",0.9259259259259259,0.0,46*4,acorec-retrained
986,928,target,"AR_imputation:none,AR_dimensionality_reduction:none,AR_encoding:onehot,AR_scaling:none,AR_outlier_removal:iqr,AR_feature_selection:variance_threshold,RF",0.8888888888888888,0.0,46*4,acorec-retrained
987,928,target,"AR_dimensionality_reduction:svd,AR_encoding:onehot,AR_scaling:robust,AR_imputation:most_frequent,AR_feature_selection:none,AR_outlier_removal:lof,RF",0.7777777777777777,0.0,46*4,acorec-retrained
988,928,target,"AR_feature_selection:variance_threshold,AR_imputation:constant,AR_outlier_removal:iqr,AR_dimensionality_reduction:svd,AR_encoding:onehot,AR_scaling:minmax,RF",0.7037037037037037,0.0,46*4,acorec-retrained
989,928,target,"AR_dimensionality_reduction:pca,AR_feature_selection:variance_threshold,AR_scaling:maxabs,AR_imputation:none,AR_encoding:onehot,AR_outlier_removal:zscore,RF",0.7037037037037037,0.0,46*4,acorec-retrained
990,928,target,"AR_encoding:onehot,AR_outlier_removal:lof,AR_feature_selection:mutual_info,AR_scaling:robust,AR_imputation:none,AR_dimensionality_reduction:svd,RF",0.7777777777777777,0.0,46*4,acorec-retrained
991,930,target,"AR_imputation:median,AR_outlier_removal:none,AR_encoding:onehot,AR_scaling:minmax,AR_feature_selection:k_best,AR_dimensionality_reduction:svd,RF",0.7435897435897436,0.0,1302*34,acorec-retrained
992,930,target,"AR_dimensionality_reduction:pca,AR_scaling:minmax,AR_feature_selection:variance_threshold,AR_encoding:onehot,AR_imputation:most_frequent,AR_outlier_removal:isolation_forest,RF",0.7423076923076923,0.0,1302*34,acorec-retrained
993,930,target,"AR_feature_selection:variance_threshold,AR_encoding:onehot,AR_imputation:constant,AR_dimensionality_reduction:pca,AR_outlier_removal:zscore,AR_scaling:none,RF",0.7205128205128206,0.0,1302*34,acorec-retrained
994,930,target,"AR_outlier_removal:zscore,AR_encoding:onehot,AR_imputation:constant,AR_dimensionality_reduction:none,AR_scaling:minmax,AR_feature_selection:mutual_info,RF",0.7307692307692308,0.0,1302*34,acorec-retrained
995,930,target,"AR_encoding:onehot,AR_scaling:robust,AR_outlier_removal:none,AR_feature_selection:none,AR_imputation:knn,AR_dimensionality_reduction:none,RF",0.7435897435897436,0.0,1302*34,acorec-retrained
996,930,target,"AR_outlier_removal:isolation_forest,AR_encoding:onehot,AR_imputation:most_frequent,AR_dimensionality_reduction:pca,AR_feature_selection:mutual_info,AR_scaling:maxabs,RF",0.7333333333333334,0.0,1302*34,acorec-retrained
997,930,target,"AR_dimensionality_reduction:pca,AR_imputation:most_frequent,AR_outlier_removal:none,AR_feature_selection:variance_threshold,AR_scaling:none,AR_encoding:onehot,RF",0.7307692307692308,0.0,1302*34,acorec-retrained
998,930,target,"AR_scaling:maxabs,AR_imputation:median,AR_dimensionality_reduction:svd,AR_feature_selection:k_best,AR_outlier_removal:none,AR_encoding:onehot,RF",0.7384615384615385,0.0,1302*34,acorec-retrained
999,930,target,"AR_encoding:onehot,AR_imputation:constant,AR_dimensionality_reduction:svd,AR_outlier_removal:isolation_forest,AR_feature_selection:none,AR_scaling:standard,RF",0.7397435897435898,0.0,1302*34,acorec-retrained
1000,930,target,"AR_outlier_removal:isolation_forest,AR_scaling:standard,AR_feature_selection:variance_threshold,AR_encoding:onehot,AR_imputation:most_frequent,AR_dimensionality_reduction:pca,RF",0.7474358974358974,0.0,1302*34,acorec-retrained
1001,932,target,"AR_scaling:robust,AR_feature_selection:none,AR_encoding:onehot,AR_imputation:constant,AR_dimensionality_reduction:svd,AR_outlier_removal:none,RF",0.6166666666666667,0.0,100*51,acorec-retrained
1002,932,target,"AR_encoding:onehot,AR_dimensionality_reduction:pca,AR_scaling:none,AR_imputation:knn,AR_outlier_removal:isolation_forest,AR_feature_selection:variance_threshold,RF",0.5833333333333334,0.0,100*51,acorec-retrained
1003,932,target,"AR_feature_selection:variance_threshold,AR_encoding:onehot,AR_imputation:knn,AR_dimensionality_reduction:pca,AR_scaling:robust,AR_outlier_removal:iqr,RF",0.6166666666666667,0.0,100*51,acorec-retrained
1004,932,target,"AR_imputation:most_frequent,AR_encoding:onehot,AR_dimensionality_reduction:pca,AR_feature_selection:k_best,AR_scaling:minmax,AR_outlier_removal:isolation_forest,RF",0.6166666666666666,0.0,100*51,acorec-retrained
1005,932,target,"AR_feature_selection:variance_threshold,AR_encoding:onehot,AR_dimensionality_reduction:svd,AR_imputation:constant,AR_scaling:none,AR_outlier_removal:iqr,RF",0.6,0.0,100*51,acorec-retrained
1006,932,target,"AR_dimensionality_reduction:none,AR_encoding:onehot,AR_feature_selection:mutual_info,AR_imputation:constant,AR_scaling:maxabs,AR_outlier_removal:none,RF",0.5833333333333334,0.0,100*51,acorec-retrained
1007,932,target,"AR_imputation:none,AR_outlier_removal:lof,AR_feature_selection:variance_threshold,AR_scaling:robust,AR_encoding:none,AR_dimensionality_reduction:none,RF",0.5666666666666667,0.0,100*51,acorec-retrained
1008,932,target,"AR_imputation:most_frequent,AR_outlier_removal:iqr,AR_scaling:none,AR_feature_selection:k_best,AR_dimensionality_reduction:none,AR_encoding:none,RF",0.6666666666666666,0.0,100*51,acorec-retrained
1009,932,target,"AR_outlier_removal:none,AR_dimensionality_reduction:svd,AR_feature_selection:k_best,AR_imputation:most_frequent,AR_scaling:none,AR_encoding:onehot,RF",0.5666666666666667,0.0,100*51,acorec-retrained
1010,932,target,"AR_outlier_removal:lof,AR_encoding:onehot,AR_imputation:most_frequent,AR_feature_selection:none,AR_dimensionality_reduction:pca,AR_scaling:none,RF",0.6000000000000001,0.0,100*51,acorec-retrained
1011,942,target,"AR_encoding:onehot,AR_imputation:most_frequent,AR_feature_selection:mutual_info,AR_dimensionality_reduction:none,AR_scaling:minmax,AR_outlier_removal:lof,RF",0.6999999999999998,0.0,50*4,acorec-retrained
1012,942,target,"AR_dimensionality_reduction:pca,AR_imputation:median,AR_outlier_removal:isolation_forest,AR_encoding:onehot,AR_scaling:none,AR_feature_selection:none,RF",0.6333333333333333,0.0,50*4,acorec-retrained
1013,942,target,"AR_imputation:constant,AR_scaling:none,AR_feature_selection:k_best,AR_encoding:onehot,AR_dimensionality_reduction:svd,AR_outlier_removal:zscore,RF",0.6333333333333333,0.0,50*4,acorec-retrained
1014,942,target,"AR_feature_selection:k_best,AR_encoding:onehot,AR_scaling:none,AR_dimensionality_reduction:pca,AR_outlier_removal:none,AR_imputation:median,RF",0.6333333333333333,0.0,50*4,acorec-retrained
1015,942,target,"AR_outlier_removal:iqr,AR_dimensionality_reduction:pca,AR_encoding:onehot,AR_feature_selection:variance_threshold,AR_scaling:standard,AR_imputation:median,RF",0.6333333333333333,0.0,50*4,acorec-retrained
1016,942,target,"AR_feature_selection:mutual_info,AR_dimensionality_reduction:none,AR_imputation:knn,AR_scaling:standard,AR_outlier_removal:none,AR_encoding:onehot,RF",0.6999999999999998,0.0,50*4,acorec-retrained
1017,942,target,"AR_outlier_removal:isolation_forest,AR_feature_selection:none,AR_dimensionality_reduction:none,AR_scaling:standard,AR_encoding:onehot,AR_imputation:none,RF",0.7333333333333334,0.0,50*4,acorec-retrained
1018,942,target,"AR_imputation:most_frequent,AR_dimensionality_reduction:svd,AR_scaling:none,AR_outlier_removal:zscore,AR_feature_selection:k_best,AR_encoding:onehot,RF",0.6333333333333333,0.0,50*4,acorec-retrained
1019,942,target,"AR_feature_selection:none,AR_encoding:onehot,AR_dimensionality_reduction:pca,AR_imputation:mean,AR_scaling:none,AR_outlier_removal:lof,RF",0.6333333333333333,0.0,50*4,acorec-retrained
1020,942,target,"AR_encoding:onehot,AR_imputation:none,AR_outlier_removal:zscore,AR_scaling:minmax,AR_feature_selection:variance_threshold,AR_dimensionality_reduction:none,RF",0.6999999999999998,0.0,50*4,acorec-retrained
1021,950,target,"AR_encoding:onehot,AR_scaling:robust,AR_feature_selection:k_best,AR_dimensionality_reduction:none,AR_imputation:median,AR_outlier_removal:none,RF",0.993993993993994,0.0,559*5,acorec-retrained
1022,950,target,"AR_dimensionality_reduction:pca,AR_imputation:knn,AR_outlier_removal:none,AR_scaling:robust,AR_encoding:onehot,AR_feature_selection:variance_threshold,RF",0.993993993993994,0.0,559*5,acorec-retrained
1023,950,target,"AR_encoding:onehot,AR_feature_selection:mutual_info,AR_scaling:none,AR_imputation:median,AR_outlier_removal:none,AR_dimensionality_reduction:svd,RF",0.993993993993994,0.0,559*5,acorec-retrained
1024,950,target,"AR_encoding:onehot,AR_feature_selection:mutual_info,AR_imputation:constant,AR_dimensionality_reduction:pca,AR_outlier_removal:iqr,AR_scaling:standard,RF",0.9729729729729729,0.0,559*5,acorec-retrained
1025,950,target,"AR_scaling:standard,AR_dimensionality_reduction:pca,AR_encoding:onehot,AR_outlier_removal:none,AR_imputation:median,AR_feature_selection:k_best,RF",0.993993993993994,0.0,559*5,acorec-retrained
1026,950,target,"AR_imputation:none,AR_scaling:standard,AR_dimensionality_reduction:pca,AR_outlier_removal:zscore,AR_encoding:onehot,AR_feature_selection:variance_threshold,RF",0.975975975975976,0.0,559*5,acorec-retrained
1027,950,target,"AR_feature_selection:variance_threshold,AR_encoding:onehot,AR_dimensionality_reduction:svd,AR_outlier_removal:zscore,AR_scaling:minmax,AR_imputation:most_frequent,RF",0.9729729729729729,0.0,559*5,acorec-retrained
1028,950,target,"AR_scaling:minmax,AR_outlier_removal:none,AR_feature_selection:variance_threshold,AR_imputation:constant,AR_dimensionality_reduction:svd,AR_encoding:onehot,RF",0.993993993993994,0.0,559*5,acorec-retrained
1029,950,target,"AR_outlier_removal:lof,AR_encoding:onehot,AR_dimensionality_reduction:svd,AR_scaling:robust,AR_imputation:none,AR_feature_selection:none,RF",0.990990990990991,0.0,559*5,acorec-retrained
1030,950,target,"AR_feature_selection:variance_threshold,AR_encoding:onehot,AR_outlier_removal:isolation_forest,AR_imputation:mean,AR_scaling:maxabs,AR_dimensionality_reduction:svd,RF",0.9729729729729729,0.0,559*5,acorec-retrained
1031,954,target,"AR_scaling:maxabs,AR_encoding:onehot,AR_feature_selection:mutual_info,AR_imputation:constant,AR_outlier_removal:none,AR_dimensionality_reduction:pca,RF",0.9371069182389937,0.0,531*102,acorec-retrained
1032,954,target,"AR_dimensionality_reduction:none,AR_outlier_removal:isolation_forest,AR_encoding:onehot,AR_feature_selection:none,AR_imputation:most_frequent,AR_scaling:standard,RF",0.9716981132075472,0.0,531*102,acorec-retrained
1033,954,target,"AR_outlier_removal:none,AR_encoding:onehot,AR_dimensionality_reduction:pca,AR_imputation:constant,AR_scaling:robust,AR_feature_selection:mutual_info,RF",0.9748427672955975,0.0,531*102,acorec-retrained
1034,954,target,"AR_feature_selection:variance_threshold,AR_imputation:none,AR_dimensionality_reduction:pca,AR_scaling:robust,AR_outlier_removal:lof,AR_encoding:onehot,RF",0.9716981132075472,0.0,531*102,acorec-retrained
1035,954,target,"AR_dimensionality_reduction:pca,AR_feature_selection:k_best,AR_encoding:onehot,AR_scaling:none,AR_outlier_removal:iqr,AR_imputation:none,RF",0.968553459119497,0.0,531*102,acorec-retrained
1036,954,target,"AR_outlier_removal:lof,AR_dimensionality_reduction:pca,AR_imputation:median,AR_encoding:onehot,AR_feature_selection:mutual_info,AR_scaling:none,RF",0.9654088050314465,0.0,531*102,acorec-retrained
1037,954,target,"AR_imputation:none,AR_feature_selection:variance_threshold,AR_outlier_removal:none,AR_encoding:onehot,AR_scaling:maxabs,AR_dimensionality_reduction:svd,RF",0.949685534591195,0.0,531*102,acorec-retrained
1038,954,target,"AR_imputation:knn,AR_feature_selection:variance_threshold,AR_outlier_removal:lof,AR_encoding:onehot,AR_dimensionality_reduction:pca,AR_scaling:robust,RF",0.9716981132075472,0.0,531*102,acorec-retrained
1039,954,target,"AR_dimensionality_reduction:pca,AR_feature_selection:mutual_info,AR_scaling:standard,AR_imputation:median,AR_encoding:onehot,AR_outlier_removal:none,RF",0.9779874213836477,0.0,531*102,acorec-retrained
1040,954,target,"AR_imputation:none,AR_outlier_removal:none,AR_feature_selection:variance_threshold,AR_scaling:standard,AR_encoding:onehot,AR_dimensionality_reduction:pca,RF",0.9811320754716982,0.0,531*102,acorec-retrained
1041,970,target,"AR_encoding:onehot,AR_imputation:none,AR_dimensionality_reduction:svd,AR_feature_selection:mutual_info,AR_outlier_removal:lof,AR_scaling:standard,RF",0.9880952380952381,0.0,841*71,acorec-retrained
1042,970,target,"AR_dimensionality_reduction:none,AR_scaling:maxabs,AR_encoding:none,AR_outlier_removal:iqr,AR_feature_selection:variance_threshold,AR_imputation:median,RF",0.9900793650793651,0.0,841*71,acorec-retrained
1043,970,target,"AR_scaling:minmax,AR_imputation:none,AR_encoding:onehot,AR_outlier_removal:isolation_forest,AR_feature_selection:k_best,AR_dimensionality_reduction:pca,RF",0.986111111111111,0.0,841*71,acorec-retrained
1044,970,target,"AR_imputation:mean,AR_feature_selection:none,AR_encoding:onehot,AR_dimensionality_reduction:none,AR_outlier_removal:isolation_forest,AR_scaling:standard,RF",0.996031746031746,0.0,841*71,acorec-retrained
1045,970,target,"AR_imputation:most_frequent,AR_dimensionality_reduction:svd,AR_scaling:robust,AR_outlier_removal:isolation_forest,AR_feature_selection:none,AR_encoding:onehot,RF",0.9900793650793651,0.0,841*71,acorec-retrained
1046,970,target,"AR_dimensionality_reduction:none,AR_outlier_removal:isolation_forest,AR_scaling:minmax,AR_imputation:knn,AR_feature_selection:variance_threshold,AR_encoding:onehot,RF",0.996031746031746,0.0,841*71,acorec-retrained
1047,970,target,"AR_imputation:knn,AR_feature_selection:none,AR_scaling:none,AR_outlier_removal:iqr,AR_dimensionality_reduction:pca,AR_encoding:onehot,RF",0.9702380952380952,0.0,841*71,acorec-retrained
1048,970,target,"AR_dimensionality_reduction:pca,AR_outlier_removal:lof,AR_feature_selection:k_best,AR_encoding:onehot,AR_imputation:constant,AR_scaling:maxabs,RF",0.986111111111111,0.0,841*71,acorec-retrained
1049,970,target,"AR_dimensionality_reduction:none,AR_imputation:mean,AR_encoding:none,AR_scaling:none,AR_feature_selection:mutual_info,AR_outlier_removal:none,RF",0.9880952380952381,0.0,841*71,acorec-retrained
1050,970,target,"AR_scaling:standard,AR_dimensionality_reduction:svd,AR_outlier_removal:none,AR_feature_selection:mutual_info,AR_encoding:onehot,AR_imputation:none,RF",0.9900793650793651,0.0,841*71,acorec-retrained
1051,974,target,"AR_dimensionality_reduction:pca,AR_encoding:onehot,AR_imputation:knn,AR_outlier_removal:isolation_forest,AR_scaling:maxabs,AR_feature_selection:none,RF",0.7692307692307692,0.0,132*5,acorec-retrained
1052,974,target,"AR_scaling:minmax,AR_feature_selection:mutual_info,AR_imputation:mean,AR_outlier_removal:isolation_forest,AR_encoding:onehot,AR_dimensionality_reduction:pca,RF",0.8076923076923078,0.0,132*5,acorec-retrained
1053,974,target,"AR_outlier_removal:zscore,AR_scaling:robust,AR_dimensionality_reduction:svd,AR_encoding:onehot,AR_imputation:none,AR_feature_selection:mutual_info,RF",0.7948717948717948,0.0,132*5,acorec-retrained
1054,974,target,"AR_outlier_removal:zscore,AR_imputation:constant,AR_feature_selection:k_best,AR_scaling:robust,AR_encoding:onehot,AR_dimensionality_reduction:none,RF",0.7948717948717948,0.0,132*5,acorec-retrained
1055,974,target,"AR_feature_selection:variance_threshold,AR_scaling:minmax,AR_outlier_removal:isolation_forest,AR_imputation:knn,AR_encoding:onehot,AR_dimensionality_reduction:pca,RF",0.8076923076923078,0.0,132*5,acorec-retrained
1056,974,target,"AR_dimensionality_reduction:svd,AR_scaling:minmax,AR_feature_selection:k_best,AR_outlier_removal:zscore,AR_imputation:constant,AR_encoding:none,RF",0.8076923076923078,0.0,132*5,acorec-retrained
1057,974,target,"AR_scaling:maxabs,AR_dimensionality_reduction:svd,AR_feature_selection:variance_threshold,AR_outlier_removal:isolation_forest,AR_imputation:most_frequent,AR_encoding:none,RF",0.7692307692307692,0.0,132*5,acorec-retrained
1058,974,target,"AR_scaling:none,AR_feature_selection:mutual_info,AR_imputation:knn,AR_outlier_removal:zscore,AR_encoding:onehot,AR_dimensionality_reduction:pca,RF",0.8333333333333334,0.0,132*5,acorec-retrained
1059,974,target,"AR_scaling:robust,AR_imputation:median,AR_encoding:onehot,AR_feature_selection:mutual_info,AR_dimensionality_reduction:svd,AR_outlier_removal:none,RF",0.7948717948717948,0.0,132*5,acorec-retrained
1060,974,target,"AR_outlier_removal:none,AR_dimensionality_reduction:svd,AR_imputation:most_frequent,AR_scaling:standard,AR_encoding:none,AR_feature_selection:variance_threshold,RF",0.8333333333333334,0.0,132*5,acorec-retrained
1061,981,target,"AR_outlier_removal:none,AR_feature_selection:mutual_info,AR_dimensionality_reduction:svd,AR_scaling:none,AR_encoding:onehot,AR_imputation:none,RF",0.8633333333333333,0.0,5000*69,acorec-retrained
1062,981,target,"AR_encoding:onehot,AR_feature_selection:variance_threshold,AR_scaling:standard,AR_dimensionality_reduction:pca,AR_outlier_removal:zscore,AR_imputation:median,RF",0.8788888888888889,0.0,5000*69,acorec-retrained
1063,981,target,"AR_feature_selection:k_best,AR_imputation:knn,AR_dimensionality_reduction:pca,AR_outlier_removal:lof,AR_scaling:none,AR_encoding:onehot,RF",0.8744444444444445,0.0,5000*69,acorec-retrained
1064,981,target,"AR_feature_selection:variance_threshold,AR_encoding:onehot,AR_outlier_removal:isolation_forest,AR_imputation:knn,AR_dimensionality_reduction:svd,AR_scaling:none,RF",0.8788888888888889,0.0,5000*69,acorec-retrained
1065,981,target,"AR_outlier_removal:none,AR_encoding:onehot,AR_scaling:minmax,AR_imputation:most_frequent,AR_dimensionality_reduction:none,AR_feature_selection:k_best,RF",0.8744444444444445,0.0,5000*69,acorec-retrained
1066,981,target,"AR_imputation:knn,AR_feature_selection:k_best,AR_outlier_removal:isolation_forest,AR_dimensionality_reduction:pca,AR_scaling:maxabs,AR_encoding:onehot,RF",0.8744444444444445,0.0,5000*69,acorec-retrained
1067,981,target,"AR_encoding:onehot,AR_scaling:standard,AR_dimensionality_reduction:pca,AR_feature_selection:k_best,AR_imputation:knn,AR_outlier_removal:zscore,RF",0.8744444444444445,0.0,5000*69,acorec-retrained
1068,981,target,"AR_dimensionality_reduction:svd,AR_feature_selection:k_best,AR_scaling:standard,AR_encoding:onehot,AR_outlier_removal:none,AR_imputation:none,RF",0.8744444444444445,0.0,5000*69,acorec-retrained
1069,981,target,"AR_dimensionality_reduction:pca,AR_outlier_removal:zscore,AR_imputation:median,AR_scaling:maxabs,AR_encoding:onehot,AR_feature_selection:mutual_info,RF",0.8633333333333333,0.0,5000*69,acorec-retrained
1070,981,target,"AR_feature_selection:k_best,AR_dimensionality_reduction:pca,AR_imputation:most_frequent,AR_encoding:onehot,AR_scaling:robust,AR_outlier_removal:zscore,RF",0.8744444444444445,0.0,5000*69,acorec-retrained
1071,995,target,"AR_dimensionality_reduction:none,AR_imputation:mean,AR_scaling:none,AR_encoding:onehot,AR_feature_selection:none,AR_outlier_removal:iqr,RF",0.9811111111111112,0.0,2000*48,acorec-retrained
1072,995,target,"AR_imputation:none,AR_scaling:robust,AR_dimensionality_reduction:pca,AR_outlier_removal:zscore,AR_encoding:onehot,AR_feature_selection:mutual_info,RF",0.9966666666666666,0.0,2000*48,acorec-retrained
1073,995,target,"AR_imputation:constant,AR_outlier_removal:zscore,AR_scaling:minmax,AR_encoding:onehot,AR_dimensionality_reduction:svd,AR_feature_selection:none,RF",0.991111111111111,0.0,2000*48,acorec-retrained
1074,995,target,"AR_imputation:most_frequent,AR_feature_selection:none,AR_outlier_removal:lof,AR_encoding:onehot,AR_dimensionality_reduction:svd,AR_scaling:none,RF",0.9944444444444445,0.0,2000*48,acorec-retrained
1075,995,target,"AR_scaling:robust,AR_outlier_removal:zscore,AR_dimensionality_reduction:pca,AR_feature_selection:mutual_info,AR_encoding:onehot,AR_imputation:knn,RF",0.9966666666666666,0.0,2000*48,acorec-retrained
1076,995,target,"AR_dimensionality_reduction:pca,AR_scaling:robust,AR_feature_selection:k_best,AR_imputation:mean,AR_outlier_removal:none,AR_encoding:onehot,RF",0.9966666666666666,0.0,2000*48,acorec-retrained
1077,995,target,"AR_outlier_removal:none,AR_feature_selection:mutual_info,AR_encoding:onehot,AR_dimensionality_reduction:pca,AR_scaling:standard,AR_imputation:none,RF",0.9977777777777778,0.0,2000*48,acorec-retrained
1078,995,target,"AR_scaling:maxabs,AR_encoding:onehot,AR_imputation:median,AR_outlier_removal:isolation_forest,AR_dimensionality_reduction:svd,AR_feature_selection:k_best,RF",0.9933333333333333,0.0,2000*48,acorec-retrained
1079,995,target,"AR_encoding:onehot,AR_dimensionality_reduction:svd,AR_feature_selection:variance_threshold,AR_outlier_removal:isolation_forest,AR_imputation:most_frequent,AR_scaling:maxabs,RF",0.9922222222222222,0.0,2000*48,acorec-retrained
1080,995,target,"AR_encoding:none,AR_scaling:robust,AR_feature_selection:mutual_info,AR_dimensionality_reduction:svd,AR_imputation:knn,AR_outlier_removal:zscore,RF",0.9966666666666666,0.0,2000*48,acorec-retrained
